X	Y	T	realZxx	imagZxx	realZxy	imagZxy	realZyx	imagZyx	realZyy	imagZyy	KR	realZxx_real	imagZxx_real	realZxy_real	imagZxy_real	realZyx_real	imagZyx_real	realZyy_real	imagZyy_real
-9000	-9000	0.1	-2.34E-05	2.68E-06	0.0189711	-0.0200311	-0.0190007	0.0200364	3.07E-05	8.92E-06	1.000459348	-8.08E-08	1.46E-07	0.0189843	-0.0200266	-0.0189843	0.0200266	5.97E-08	-9.37E-08
-8000	-9000	0.1	-4.02E-06	2.64E-06	0.0189062	-0.0200116	-0.0189834	0.0200206	9.88E-06	-2.72E-06	0.997481364	-6.23E-08	3.61E-07	0.0189843	-0.0200266	-0.0189843	0.0200266	3.74E-08	-2.52E-07
-7000	-9000	0.1	-8.52E-06	3.09E-05	0.0221466	-0.0241248	-0.0221975	0.0241369	5.15E-06	-2.26E-05	1.410290841	5.78E-08	7.66E-07	0.0189843	-0.0200266	-0.0189843	0.0200266	-7.98E-08	-6.31E-07
-6000	-9000	0.1	-9.76E-06	3.33E-05	0.0221437	-0.0241188	-0.0221826	0.0241366	5.20E-06	-2.50E-05	1.408906287	3.96E-07	1.38E-06	0.018992	-0.0200374	-0.0189843	0.0200266	-4.75E-07	-1.39E-06
-5000	-9000	0.1	-3.74E-06	4.18E-06	0.0189078	-0.0200072	-0.0190025	0.0200372	1.07E-05	-1.04E-05	0.998037685	8.71E-07	1.99E-06	0.0189915	-0.0200303	-0.0189843	0.0200266	-1.19E-06	-2.37E-06
-4000	-9000	0.1	-6.88E-06	6.81E-06	0.0189915	-0.0200259	-0.0189813	0.0200424	9.85E-06	-1.13E-05	1.000329679	1.14E-06	2.25E-06	0.0189918	-0.0200266	-0.0189831	0.0200271	-1.80E-06	-3.13E-06
-3000	-9000	0.1	1.87E-06	9.03E-06	0.0189811	-0.0200258	-0.0191332	0.0200377	5.65E-06	-2.13E-05	1.003903925	9.32E-07	1.98E-06	0.0189936	-0.0200185	-0.0189831	0.0200271	-1.83E-06	-3.24E-06
-2000	-9000	0.1	1.25E-05	4.23E-06	0.0188495	-0.0199884	-0.0189762	0.0200287	-2.69E-06	-1.39E-05	0.995016956	4.31E-07	1.26E-06	0.018998	-0.0200272	-0.0189864	0.0200292	-1.16E-06	-2.63E-06
-1000	-9000	0.1	2.00E-05	-4.82E-06	0.0253177	-0.0282339	-0.0318387	0.0353111	-1.90E-05	-9.88E-06	2.367173044	5.99E-08	4.22E-07	0.0189975	-0.0200201	-0.0189876	0.0200287	-2.55E-07	-1.29E-06
0	-9000	0.1	1.70E-06	7.70E-06	0.0253192	-0.0282117	-0.0317978	0.03529	-2.19E-05	2.92E-06	2.364026495	-8.75E-08	-2.29E-07	0.0189987	-0.0200196	-0.0189876	0.0200287	2.91E-07	5.40E-07
1000	-9000	0.1	1.64E-06	-1.47E-05	0.0188655	-0.0199201	-0.0189301	0.0200966	-2.77E-06	4.49E-06	0.994453083	-3.44E-07	-8.72E-07	0.0189963	-0.0200206	-0.0189876	0.0200287	8.08E-07	2.02E-06
2000	-9000	0.1	-7.97E-08	-1.27E-05	0.028306	-0.0268036	-0.0180938	0.0194143	3.07E-07	1.16E-05	1.358209868	-7.77E-07	-1.61E-06	0.0189957	-0.0200282	-0.0189831	0.0200271	1.56E-06	2.99E-06
3000	-9000	0.1	-6.44E-07	-4.94E-06	0.0087623	-0.00695952	-0.0153416	0.0101877	-1.49E-06	8.98E-06	0.270639143	-1.15E-06	-2.16E-06	0.01899	-0.0200201	-0.0189831	0.0200271	1.88E-06	3.28E-06
4000	-9000	0.1	2.46E-06	-7.94E-06	0.0192695	-0.0199784	-0.0187597	0.0200123	3.07E-06	1.43E-05	0.999745994	-1.07E-06	-2.24E-06	0.0189882	-0.0200282	-0.0189843	0.0200266	1.54E-06	2.82E-06
5000	-9000	0.1	-3.42E-06	-1.76E-05	0.0188012	-0.0199696	-0.0190116	0.0200674	3.26E-05	1.62E-05	0.995441856	-5.20E-07	-1.72E-06	0.0189891	-0.0200314	-0.0189843	0.0200266	7.30E-07	1.93E-06
6000	-9000	0.1	-0.000138934	3.51E-05	0.0268366	-0.0302482	-0.0268319	0.0302368	5.24E-05	-1.84E-05	2.146719548	-6.04E-08	-9.41E-07	0.0189855	-0.0200261	-0.0189843	0.0200266	4.49E-08	9.21E-07
7000	-9000	0.1	-0.000127476	1.23E-05	0.0267099	-0.0301284	-0.0349413	0.0386759	-3.79E-05	1.54E-05	2.756013774	8.28E-08	-4.09E-07	0.0189843	-0.0200266	-0.0189843	0.0200266	-7.45E-08	3.07E-07
8000	-9000	0.1	6.16E-08	-9.43E-06	0.0186623	-0.0199293	-0.0190079	0.020056	4.39E-07	3.96E-06	0.990778828	1.03E-07	-1.72E-07	0.0189843	-0.0200266	-0.0189843	0.0200266	-7.57E-08	1.19E-07
9000	-9000	0.1	6.16E-06	-6.19E-06	0.0253014	-0.0282604	-0.0320282	0.0353174	-3.58E-07	-8.00E-07	2.375030589	8.44E-08	-5.51E-08	0.0189831	-0.0200271	-0.0189843	0.0200266	-6.01E-08	4.15E-08
-9000	-6000	0.1	-2.83E-06	3.28E-06	0.0125861	-0.0131039	-0.0158552	0.0158299	2.91E-06	-2.95E-06	0.53459469	-1.78E-08	6.92E-07	0.0189831	-0.0200271	-0.0189855	0.0200261	3.93E-08	-3.37E-07
-8000	-6000	0.1	-2.05E-05	1.23E-05	0.0190567	-0.0200617	-0.018963	0.0200131	1.41E-05	-4.48E-06	1.001498853	6.49E-07	2.08E-06	0.0189831	-0.0200271	-0.0189899	0.0200347	-4.05E-07	-1.11E-06
-7000	-6000	0.1	2.64E-06	1.38E-05	0.018984	-0.0200446	-0.019018	0.0200284	-1.00E-06	-1.37E-05	1.000738857	2.95E-06	4.98E-06	0.0189896	-0.0200384	-0.0189906	0.0200272	-1.97E-06	-2.91E-06
-6000	-6000	0.1	1.53E-05	2.85E-05	0.0188427	-0.0199933	-0.0189981	0.020017	-5.08E-06	-2.05E-05	0.995294323	8.46E-06	1.08E-05	0.0189912	-0.020034	-0.0189948	0.0200177	-5.16E-06	-7.07E-06
-5000	-6000	0.1	-8.91E-06	7.15E-05	0.031824	-0.0350596	-0.0319118	0.0349747	-2.97E-05	-7.23E-05	2.943062413	2.18E-05	2.36E-05	0.0189926	-0.0200185	-0.0190045	0.0200199	-1.65E-05	-1.91E-05
-4000	-6000	0.1	0.00011199	7.54E-05	0.0190047	-0.0199663	-0.0190739	0.0200523	-9.80E-05	-8.73E-05	1.00077995	5.02E-05	3.82E-05	0.0190442	-0.0199963	-0.0190076	0.0200185	-5.71E-05	-4.47E-05
-3000	-6000	0.1	9.44E-06	2.06E-05	0.00878401	-0.008982	-0.0138325	0.0129372	-4.79E-05	-7.05E-05	0.311239107	2.75E-05	2.98E-05	0.0191866	-0.0199486	-0.0190084	0.0200405	-6.09E-05	-4.49E-05
-2000	-6000	0.1	-4.08E-05	1.82E-05	0.0194196	-0.0198969	-0.0189614	0.0200235	-1.49E-05	-6.44E-05	1.002741641	3.79E-06	1.22E-05	0.0192376	-0.0199014	-0.0190235	0.0200297	-1.98E-05	-2.48E-05
-1000	-6000	0.1	9.21E-06	-1.47E-06	0.0193323	-0.0198369	-0.0188751	0.0200285	-6.73E-06	-1.73E-05	0.997040296	4.68E-07	2.45E-06	0.019249	-0.0198993	-0.0190233	0.0200188	-5.08E-06	-6.86E-06
0	-6000	0.1	3.55E-05	-2.48E-06	0.019429	-0.0198595	-0.0189809	0.0199962	-2.94E-06	1.04E-05	1.001967524	2.68E-08	-9.88E-07	0.0192469	-0.0198967	-0.0190233	0.0200188	1.70E-06	2.08E-06
1000	-6000	0.1	5.82E-06	-6.27E-06	0.00883164	-0.00894735	-0.0135227	0.012885	7.36E-06	2.49E-05	0.307085574	-2.24E-06	-5.91E-06	0.0192486	-0.0199032	-0.0190206	0.0200238	1.01E-05	1.41E-05
2000	-6000	0.1	-4.07E-05	-2.92E-05	0.0194091	-0.0199136	-0.0189634	0.020089	6.65E-05	8.23E-05	1.004804296	-1.00E-05	-1.77E-05	0.0192213	-0.0199207	-0.0190155	0.02003	3.60E-05	3.92E-05
3000	-6000	0.1	-1.52E-05	-5.35E-05	0.0192239	-0.0199737	-0.0189278	0.0200513	0.000100803	9.36E-05	1.00137774	-4.54E-05	-3.69E-05	0.0191066	-0.0199877	-0.0189966	0.0200315	8.55E-05	5.13E-05
4000	-6000	0.1	9.47E-06	-7.09E-05	0.0125716	-0.0130334	-0.0189962	0.0184745	-0.000106087	0.000119272	0.629608871	-3.87E-05	-3.39E-05	0.0190059	-0.0200191	-0.0190115	0.0200201	3.48E-05	2.82E-05
5000	-6000	0.1	-1.98E-05	-7.08E-05	0.0189899	-0.0199478	-0.0221109	0.0228692	-1.05E-06	4.17E-05	1.150327705	-1.32E-05	-1.69E-05	0.0189879	-0.0200319	-0.0189964	0.0200133	8.19E-06	1.17E-05
6000	-6000	0.1	-7.29E-05	1.75E-05	0.0189352	-0.0199646	-0.0221748	0.0229579	0.000203803	-6.91E-05	1.152748026	-4.88E-06	-7.02E-06	0.0189896	-0.0200384	-0.0189921	0.0200227	3.11E-06	4.30E-06
7000	-6000	0.1	-0.000199607	6.95E-05	0.0188678	-0.0200273	-0.0190637	0.0200419	0.000170798	-7.17E-05	0.999171756	-1.61E-06	-3.35E-06	0.0189843	-0.0200266	-0.0189927	0.0200298	1.01E-06	1.87E-06
8000	-6000	0.1	9.93E-06	7.59E-05	0.0318879	-0.0352186	-0.0253503	0.0282891	-1.11E-05	1.67E-05	2.369982114	-1.43E-07	-1.17E-06	0.0189831	-0.0200271	-0.0189867	0.0200255	3.86E-08	6.00E-07
9000	-6000	0.1	0.000211193	-5.78E-05	0.0188686	-0.0200216	-0.0190576	0.0200856	-0.000180669	8.48E-05	1.000336998	8.99E-08	-3.41E-07	0.0189831	-0.0200271	-0.0189843	0.0200266	-8.18E-08	1.67E-07
-9000	-3000	0.1	-7.75E-07	1.45E-05	0.0110782	-0.0121302	-0.0190691	0.0201006	1.93E-06	-3.68E-06	0.597790784	-1.44E-07	4.41E-07	0.0189831	-0.0200271	-0.0189858	0.0200224	7.71E-08	-1.42E-07
-8000	-3000	0.1	3.08E-06	8.16E-06	0.0189719	-0.0200466	-0.018994	0.0200259	-4.96E-07	-5.69E-06	1.00037326	-3.11E-10	1.55E-06	0.0189831	-0.0200271	-0.0189909	0.0200235	2.11E-08	-4.74E-07
-7000	-3000	0.1	1.50E-05	1.47E-05	0.0189867	-0.0200396	-0.0190005	0.0199813	-1.33E-05	-6.01E-06	0.999154278	1.39E-06	4.13E-06	0.0189864	-0.0200292	-0.0190043	0.0200206	-6.10E-07	-1.43E-06
-6000	-3000	0.1	1.88E-06	2.63E-05	0.0189364	-0.020002	-0.0241678	0.0245956	1.82E-06	-7.96E-06	1.247019576	4.68E-06	7.69E-06	0.0189825	-0.0200347	-0.0190211	0.0199939	-1.81E-06	-2.54E-06
-5000	-3000	0.1	8.71E-07	4.16E-05	0.0188368	-0.0200186	-0.0191737	0.0198714	1.36E-05	-8.10E-06	0.99530984	8.52E-06	1.47E-05	0.0189938	-0.0200365	-0.0191243	0.0199311	-5.37E-07	-4.61E-06
-4000	-3000	0.1	2.31E-05	7.21E-05	0.0322785	-0.035337	-0.0195776	0.0212627	-2.79E-06	-6.53E-07	1.788780583	1.17E-05	2.07E-05	0.0191576	-0.0200275	-0.0195245	0.0199339	-1.82E-06	-6.18E-06
-3000	-3000	0.1	-7.85E-06	1.78E-05	0.0197141	-0.0200793	-0.0200273	0.0200679	3.38E-06	3.84E-06	0.995870334	-1.19E-06	9.63E-06	0.019874	-0.0201163	-0.0199812	0.0200829	1.84E-06	-1.90E-06
-2000	-3000	0.1	-1.34E-05	-2.00E-06	0.0199177	-0.0199844	-0.0201113	0.0200196	2.68E-05	1.43E-07	0.996051313	-1.88E-06	1.07E-06	0.0200709	-0.0200247	-0.0200709	0.0200247	1.38E-06	-9.53E-07
-1000	-3000	0.1	-3.85E-05	3.28E-06	0.0338736	-0.0351787	-0.026868	0.0282552	-9.53E-06	3.85E-06	2.371484483	-1.57E-07	4.95E-07	0.0200662	-0.0200011	-0.0200739	0.0200048	2.97E-07	-5.26E-07
0	-3000	0.1	3.89E-05	5.54E-06	0.0301918	-0.0269063	-0.019784	0.019871	-2.69E-05	9.86E-08	1.412591471	-1.13E-07	-1.99E-07	0.020065	-0.0200017	-0.0200671	0.0200045	1.99E-07	3.15E-07
1000	-3000	0.1	5.54E-06	-4.29E-07	0.016324	-0.0101505	-0.0163441	0.0100928	-3.70E-06	-3.69E-06	0.459684474	2.99E-07	4.51E-08	0.0200732	-0.0200125	-0.0200715	0.020006	-3.97E-07	1.35E-07
2000	-3000	0.1	0.000165687	-4.43E-05	0.0302075	-0.0270114	-0.0196332	0.0199279	-0.000151164	8.28E-05	1.410250869	2.95E-06	-3.84E-06	0.0200298	-0.020063	-0.020048	0.0200504	-1.13E-06	2.17E-06
3000	-3000	0.1	-0.000581369	0.000252621	0.0328488	-0.0352955	-0.0333223	0.0354226	0.000542213	-0.000293285	2.968994961	-6.58E-06	-1.73E-05	0.0195011	-0.0200792	-0.0198025	0.0200955	-1.46E-06	4.50E-06
4000	-3000	0.1	0.000145445	-0.00012891	0.0189034	-0.0200367	-0.0193588	0.0199012	-0.000152965	8.84E-05	0.999961801	-1.20E-05	-1.92E-05	0.0190218	-0.0200232	-0.0192564	0.0199001	2.43E-06	6.74E-06
5000	-3000	0.1	1.03E-05	-3.72E-05	0.018987	-0.0200618	-0.0190835	0.0199148	-2.93E-06	9.02E-06	1.000303741	-6.76E-06	-1.11E-05	0.0189845	-0.0200373	-0.0190523	0.0199598	1.50E-06	4.16E-06
6000	-3000	0.1	-4.05E-06	-1.56E-05	0.0190571	-0.0200692	-0.0189877	0.0199837	-3.39E-06	4.03E-06	1.001707465	-2.74E-06	-5.88E-06	0.0189852	-0.0200297	-0.0190065	0.0200085	8.84E-07	1.84E-06
7000	-3000	0.1	-6.57E-06	-9.75E-06	0.0126126	-0.0131324	-0.012629	0.01309	5.90E-07	1.64E-06	0.434905902	-7.76E-07	-2.57E-06	0.0189876	-0.0200287	-0.0189939	0.0200148	2.84E-07	7.89E-07
8000	-3000	0.1	-2.14E-05	-2.90E-07	0.0188901	-0.02001	-0.0190045	0.0200114	-6.76E-06	1.15E-06	0.997086987	-3.58E-08	-9.10E-07	0.0189831	-0.0200271	-0.018989	0.0200316	-1.36E-08	2.95E-07
9000	-3000	0.1	6.07E-05	5.10E-05	0.0349451	-0.0389207	-0.0266354	0.0301778	-4.26E-05	1.94E-05	2.764870259	6.89E-08	-2.90E-07	0.0189831	-0.0200271	-0.0189867	0.0200255	-4.45E-08	9.31E-08
-9000	0	0.1	-1.83E-06	-4.09E-06	0.018853	-0.0199918	-0.0190052	0.0200251	-1.13E-06	-1.60E-06	0.996383995	5.31E-09	-2.67E-08	0.0189831	-0.0200271	-0.0189858	0.0200224	9.89E-10	4.28E-09
-8000	0	0.1	-8.46E-06	-1.47E-06	0.0191125	-0.0200647	-0.0189381	0.0199782	1.66E-06	-1.15E-06	1.0016516	-6.76E-10	-5.44E-08	0.0189831	-0.0200271	-0.0189944	0.0200219	1.73E-09	7.38E-09
-7000	0	0.1	-6.24E-08	1.49E-06	0.0086687	-0.00901436	-0.0185362	0.0165736	2.28E-06	2.37E-06	0.408315476	-1.70E-08	-9.61E-08	0.0189831	-0.0200271	-0.0190062	0.0200124	1.30E-09	1.17E-08
-6000	0	0.1	4.27E-06	-5.28E-06	0.0189609	-0.0200151	-0.0189921	0.0199222	2.69E-06	7.63E-07	0.996681544	-6.10E-08	-1.20E-07	0.0189831	-0.0200271	-0.0190241	0.0199852	5.53E-09	2.68E-08
-5000	0	0.1	-5.94E-05	-5.42E-05	0.0320125	-0.0351386	-0.0321376	0.034694	5.52E-06	8.53E-06	2.947970714	-6.67E-08	-8.56E-08	0.0189935	-0.0200258	-0.0191343	0.0199298	1.12E-09	2.18E-08
-4000	0	0.1	-5.82E-05	1.98E-05	0.00870593	-0.00901239	-0.00896553	0.00896964	5.63E-05	-2.34E-05	0.205621321	-2.57E-08	-5.15E-08	0.0191576	-0.0200091	-0.0195276	0.019925	-1.61E-08	1.79E-08
-3000	0	0.1	0.000121093	-5.03E-05	0.0200534	-0.0201288	-0.0200543	0.0200326	-0.000119164	5.93E-05	1.005728597	-9.71E-10	-2.26E-08	0.0198717	-0.0201028	-0.0199812	0.0200829	-3.43E-08	2.24E-09
-2000	0	0.1	9.97E-06	8.00E-06	0.0091888	-0.00902856	-0.00919051	0.00903129	-3.73E-06	-1.34E-06	0.206571681	2.19E-09	1.60E-09	0.0200649	-0.0200166	-0.0200709	0.0200247	-2.96E-08	9.39E-09
-1000	0	0.1	8.26E-06	-2.57E-06	0.0202828	-0.0200354	-0.019972	0.0199542	-1.51E-05	-4.12E-06	1.002981168	-1.05E-08	1.20E-08	0.0200667	-0.0199973	-0.0200681	0.0199929	-1.99E-08	-8.63E-10
0	0	0.1	-5.59E-05	3.09E-05	0.0166732	-0.0157501	-0.0165218	0.0157251	5.07E-05	-3.14E-05	0.652006495	-1.76E-08	1.20E-08	0.0200667	-0.0199973	-0.0200613	0.0199925	-4.68E-10	-6.24E-09
1000	0	0.1	-2.51E-05	1.31E-05	0.0166394	-0.0157651	-0.0133711	0.0131006	1.24E-06	4.14E-08	0.534380255	6.41E-09	1.38E-08	0.0200711	-0.0199988	-0.0200715	0.020006	-4.61E-09	-3.53E-09
2000	0	0.1	7.31E-05	-5.18E-05	0.0235245	-0.0242059	-0.0234553	0.0241819	-8.01E-05	4.14E-05	1.415066716	1.40E-08	-4.87E-10	0.0200273	-0.0200533	-0.0200468	0.020051	-1.12E-09	-3.81E-09
3000	0	0.1	-6.37E-05	4.20E-05	0.022729	-0.0242001	-0.0231975	0.0242006	7.15E-05	-3.85E-05	1.409547714	-4.05E-08	-3.91E-08	0.0195048	-0.0200699	-0.0198037	0.0200949	9.45E-09	-2.78E-08
4000	0	0.1	-1.35E-06	3.71E-06	0.0189447	-0.0200157	-0.0193233	0.0198395	6.04E-06	-3.17E-06	0.99780656	-1.12E-07	-6.47E-08	0.0190267	-0.0200134	-0.0192674	0.019902	3.15E-08	-3.36E-08
5000	0	0.1	2.82E-06	-5.01E-06	0.0191253	-0.0200666	-0.0190315	0.0198998	-1.13E-05	2.98E-06	1.002190489	-1.37E-07	-9.90E-08	0.0189876	-0.0200287	-0.0190563	0.0199614	4.21E-08	-5.32E-09
6000	0	0.1	-0.000338187	0.000127073	0.013801	-0.0128846	-0.00864667	0.00896554	7.97E-05	-1.96E-05	0.308847121	-1.13E-07	-1.11E-07	0.0189831	-0.0200271	-0.0190095	0.0199999	2.52E-08	1.13E-08
7000	0	0.1	1.72E-06	-5.23E-06	0.0188777	-0.0165677	-0.0132857	0.0126272	5.08E-07	2.02E-06	0.604696409	-7.43E-08	-9.29E-08	0.0189831	-0.0200271	-0.018993	0.0200117	1.12E-08	7.14E-09
8000	0	0.1	0.000323882	-0.000131528	0.013725	-0.0128706	-0.00864161	0.00898857	-5.91E-05	2.14E-05	0.307998831	-4.08E-08	-6.21E-08	0.0189831	-0.0200271	-0.0189914	0.0200305	5.92E-09	2.68E-09
9000	0	0.1	4.52E-05	6.22E-05	0.0351899	-0.0389596	-0.0266296	0.030149	1.11E-05	-1.85E-05	2.77325702	-1.91E-08	-3.85E-08	0.0189831	-0.0200271	-0.0189878	0.020025	4.87E-09	2.83E-09
-9000	3000	0.1	-1.42E-05	-1.45E-05	0.0165361	-0.0102061	-0.0100879	0.0072448	0.000174077	2.58E-06	0.316980346	1.02E-07	-5.18E-07	0.0189831	-0.0200271	-0.0189846	0.0200229	-5.65E-08	1.78E-07
-8000	3000	0.1	-0.000175121	-9.00E-05	0.0165932	-0.0102285	-0.00336712	0.00369466	3.35E-06	1.26E-06	0.127954719	-1.58E-07	-1.60E-06	0.0189831	-0.0200271	-0.0189909	0.0200235	6.72E-08	5.17E-07
-7000	3000	0.1	-2.63E-05	-5.12E-05	0.0289099	-0.0270916	-0.0189156	0.0199413	1.99E-06	8.79E-06	1.429436102	-1.46E-06	-4.04E-06	0.0189864	-0.0200292	-0.0190043	0.0200206	5.48E-07	1.31E-06
-6000	3000	0.1	8.28E-07	-2.45E-05	0.0189967	-0.0200324	-0.0190207	0.0199448	-2.07E-06	8.92E-06	0.999012039	-4.59E-06	-8.17E-06	0.0189825	-0.0200347	-0.0190199	0.0199944	1.36E-06	2.95E-06
-5000	3000	0.1	-5.47E-06	-3.89E-05	0.018807	-0.0199955	-0.0191614	0.019882	6.67E-07	7.07E-06	0.993910135	-9.44E-06	-1.49E-05	0.0189938	-0.0200365	-0.0191255	0.0199306	2.00E-06	5.37E-06
-4000	3000	0.1	-5.99E-05	-6.32E-05	0.0269154	-0.0301524	-0.0360371	0.0387701	3.02E-06	1.97E-05	2.768063649	-1.21E-05	-2.11E-05	0.0191547	-0.0200216	-0.0195198	0.0199253	1.56E-06	6.51E-06
-3000	3000	0.1	-1.06E-05	-6.29E-05	0.0196625	-0.0216319	-0.0369786	0.0391808	4.74E-07	1.57E-06	1.965937651	1.26E-06	-8.75E-06	0.019874	-0.0201163	-0.0199812	0.0200829	-2.78E-06	2.39E-06
-2000	3000	0.1	-2.16E-05	-3.28E-05	0.0198653	-0.0215479	-0.0371431	0.0391381	2.08E-05	8.81E-06	1.967319876	1.75E-06	-5.23E-07	0.0200697	-0.0200252	-0.0200709	0.0200247	-2.20E-06	8.24E-07
-1000	3000	0.1	-6.48E-05	4.55E-05	0.028343	-0.0301839	-0.0369779	0.0390492	5.13E-05	-9.57E-07	2.772294747	-3.15E-07	-4.44E-07	0.0200723	-0.0200093	-0.0200739	0.0200048	-3.47E-08	2.04E-07
0	3000	0.1	1.42E-05	3.80E-07	0.0199896	-0.0199755	-0.0198702	0.0199149	-5.84E-06	-1.92E-06	0.989961656	-1.79E-07	1.40E-08	0.0200723	-0.0200093	-0.0200671	0.0200045	1.73E-07	-8.22E-08
1000	3000	0.1	7.16E-07	1.18E-06	0.0131686	-0.013023	-0.0200294	0.0184292	1.43E-05	-2.97E-06	0.627550007	-4.70E-07	4.83E-07	0.0200732	-0.0200125	-0.0200715	0.020006	4.45E-07	-4.94E-07
2000	3000	0.1	-3.73E-05	-1.88E-06	0.033884	-0.035351	-0.0268643	0.0282537	-9.72E-06	1.97E-06	2.375197697	-2.15E-06	3.96E-06	0.0200301	-0.0200592	-0.020048	0.0200504	1.25E-06	-1.44E-06
3000	3000	0.1	3.16E-05	3.87E-05	0.0193472	-0.0200576	-0.0198437	0.0200465	-4.06E-05	-3.44E-06	0.995432639	6.30E-06	1.77E-05	0.0194999	-0.0200798	-0.0198025	0.0200955	8.82E-07	-4.27E-06
4000	3000	0.1	1.97E-05	5.76E-05	0.0190775	-0.020118	-0.0127734	0.0135299	1.34E-06	-3.03E-06	0.674190346	1.08E-05	1.85E-05	0.0190278	-0.0200203	-0.0192619	0.019912	-1.50E-06	-7.49E-06
5000	3000	0.1	-1.30E-05	2.55E-05	0.0189811	-0.0200617	-0.0190469	0.0199253	1.91E-05	-5.98E-06	0.999482723	6.50E-06	1.02E-05	0.0189857	-0.0200368	-0.0190535	0.0199593	-1.30E-06	-3.11E-06
6000	3000	0.1	-3.23E-07	1.18E-05	0.0188354	-0.0199963	-0.0190459	0.0199793	2.81E-06	-5.13E-06	0.995595079	2.89E-06	5.92E-06	0.0189852	-0.0200297	-0.0190077	0.020008	-1.24E-06	-1.97E-06
7000	3000	0.1	-4.26E-05	-2.36E-05	0.0318142	-0.0350879	-0.0318863	0.0349017	6.13E-06	-4.00E-06	2.940289671	5.01E-07	2.66E-06	0.0189876	-0.0200287	-0.0189939	0.0200148	-1.69E-07	-8.90E-07
8000	3000	0.1	4.06E-06	6.63E-06	0.0188438	-0.0199993	-0.0190207	0.0200034	-2.45E-06	-7.30E-06	0.99583269	-1.38E-07	8.29E-07	0.0189831	-0.0200271	-0.0189902	0.0200311	7.09E-08	-2.67E-07
9000	3000	0.1	-2.05E-06	1.14E-05	0.0189128	-0.0200201	-0.0189975	0.0200215	-2.04E-07	-6.14E-06	0.998212434	-1.32E-07	2.32E-07	0.0189831	-0.0200271	-0.0189878	0.020025	5.83E-08	-7.97E-08
-9000	6000	0.1	3.39E-06	-6.38E-06	0.0188015	-0.0199761	-0.0190146	0.0200252	-2.33E-05	8.55E-06	0.994834153	5.65E-08	-6.37E-07	0.0189831	-0.0200271	-0.0189855	0.0200261	-5.46E-08	3.25E-07
-8000	6000	0.1	-3.22E-06	-1.51E-05	0.0188465	-0.0199805	-0.0190149	0.0200359	-2.28E-06	6.86E-06	0.996099152	-5.61E-07	-2.07E-06	0.0189843	-0.0200266	-0.0189903	0.0200308	3.86E-07	1.13E-06
-7000	6000	0.1	3.47E-07	-4.52E-05	0.0252774	-0.0281901	-0.0319657	0.0351619	-1.92E-05	1.31E-05	2.362354102	-2.94E-06	-4.87E-06	0.0189843	-0.0200266	-0.0189954	0.0200248	2.21E-06	2.92E-06
-6000	6000	0.1	1.86E-05	-4.60E-05	0.0187734	-0.0213085	-0.0320507	0.0353545	-4.73E-05	4.05E-05	1.779123934	-7.63E-06	-1.09E-05	0.0189879	-0.0200319	-0.0189921	0.0200227	4.97E-06	6.36E-06
-5000	6000	0.1	-7.24E-05	-4.37E-05	0.0253734	-0.0283074	-0.025456	0.0282589	6.73E-05	3.00E-05	1.897883525	-2.32E-05	-2.55E-05	0.0189922	-0.0200225	-0.0190081	0.0200183	1.65E-05	2.03E-05
-4000	6000	0.1	-7.22E-05	-6.44E-05	0.0188924	-0.0199578	-0.0190265	0.020038	0.000106052	8.63E-05	0.995926284	-5.10E-05	-3.77E-05	0.0190399	-0.0200058	-0.0190096	0.0200213	5.76E-05	3.62E-05
-3000	6000	0.1	-1.32E-05	-3.04E-05	0.0192202	-0.0199371	-0.0190017	0.0200556	8.47E-05	9.94E-05	1.000497663	-2.44E-05	-2.86E-05	0.0191823	-0.0199581	-0.0190116	0.0200426	6.28E-05	4.97E-05
-2000	6000	0.1	3.92E-07	-7.28E-06	0.0194417	-0.0198797	-0.0190064	0.0200664	2.51E-05	5.99E-05	1.005160292	-4.87E-06	-1.05E-05	0.0192373	-0.0199053	-0.0190202	0.0200277	2.00E-05	2.45E-05
-1000	6000	0.1	2.88E-06	-6.97E-06	0.0140204	-0.0127902	-0.00869448	0.00903398	2.38E-06	9.39E-06	0.311185778	-5.88E-07	-2.83E-06	0.0192498	-0.0199027	-0.0190233	0.0200188	5.52E-06	7.10E-06
0	6000	0.1	2.37E-06	1.15E-06	0.0193312	-0.0165116	-0.00866958	0.00900826	-4.79E-07	-3.48E-06	0.415778428	2.86E-07	6.35E-07	0.0192469	-0.0198967	-0.0190221	0.0200193	-1.72E-06	-1.90E-06
1000	6000	0.1	8.07E-06	6.00E-06	0.0140205	-0.0127972	-0.00870088	0.00904065	-7.98E-06	-1.88E-05	0.311457215	9.14E-07	6.45E-06	0.0192486	-0.0199032	-0.0190266	0.0200209	-9.39E-06	-1.42E-05
2000	6000	0.1	0.000162627	-4.81E-05	0.0193168	-0.0199115	-0.018893	0.020049	-0.000203248	2.11E-06	0.99918138	1.30E-05	2.04E-05	0.0192283	-0.0199281	-0.0190116	0.0200355	-4.03E-05	-3.76E-05
3000	6000	0.1	-0.000453191	0.000415091	0.0321634	-0.0351171	-0.031889	0.0353147	0.000344112	-0.000467087	2.968105256	4.64E-05	3.52E-05	0.0191144	-0.0199766	-0.0189966	0.0200315	-8.54E-05	-5.13E-05
4000	6000	0.1	0.000202326	-3.02E-05	0.0188871	-0.0200138	-0.0190558	0.0200757	-0.00019299	1.77E-05	0.999543071	3.67E-05	3.25E-05	0.0190074	-0.0200147	-0.0190103	0.0200207	-3.29E-05	-2.96E-05
5000	6000	0.1	1.93E-05	4.63E-05	0.018985	-0.0200405	-0.0190098	0.0200291	-1.22E-05	-3.50E-05	1.000551339	1.40E-05	1.61E-05	0.0189883	-0.020028	-0.0190017	0.0200251	-9.11E-06	-1.16E-05
6000	6000	0.1	-5.84E-07	2.50E-05	0.0188394	-0.0199977	-0.0190119	0.0200144	-5.67E-07	-1.89E-05	0.995448441	5.00E-06	7.11E-06	0.0189896	-0.0200384	-0.0189933	0.0200222	-3.13E-06	-4.47E-06
7000	6000	0.1	-7.70E-05	-2.22E-05	0.0317854	-0.0350669	-0.0319069	0.0349341	2.62E-05	-1.22E-05	2.93985448	1.73E-06	3.28E-06	0.0189831	-0.0200271	-0.0189927	0.0200298	-1.08E-06	-1.80E-06
8000	6000	0.1	8.47E-06	2.43E-07	0.0188298	-0.0199838	-0.0190085	0.0200271	-5.56E-06	-1.33E-06	0.995627446	2.59E-07	1.21E-06	0.0189831	-0.0200271	-0.0189867	0.0200255	-1.24E-07	-5.90E-07
9000	6000	0.1	3.37E-06	-7.80E-06	0.0191063	-0.0200759	-0.0189073	0.0200027	-7.54E-07	-2.56E-06	1.001781398	-4.65E-08	3.80E-07	0.0189831	-0.0200271	-0.0189855	0.0200261	5.03E-08	-1.75E-07
-9000	9000	0.1	-0.000612554	0.000310865	0.0319181	-0.0352256	-0.0320126	0.0351953	0.000543226	-0.00029709	2.969620363	9.13E-08	-1.06E-07	0.0189831	-0.0200271	-0.0189843	0.0200266	-7.69E-08	6.80E-08
-8000	9000	0.1	0.00014509	-7.37E-05	0.0188799	-0.0200343	-0.0188909	0.0200328	-0.000155441	9.25E-05	0.995417929	9.52E-08	-2.73E-07	0.0189843	-0.0200266	-0.0189843	0.0200266	-7.59E-08	1.87E-07
-7000	9000	0.1	1.68E-05	2.51E-06	0.0189897	-0.0200425	-0.0189772	0.0200341	-1.28E-05	2.19E-06	1.000573407	6.66E-08	-6.21E-07	0.0189843	-0.0200266	-0.0189843	0.0200266	-4.45E-08	5.22E-07
-6000	9000	0.1	-2.86E-06	-9.29E-06	0.0191549	-0.0200745	-0.0189719	0.0200233	-3.20E-06	8.35E-06	1.004660809	-2.24E-07	-1.33E-06	0.0189908	-0.0200379	-0.0189843	0.0200266	3.81E-07	1.42E-06
-5000	9000	0.1	3.25E-05	-1.50E-05	0.00341147	-0.003716	-0.0034117	0.00371855	-3.30E-05	1.54E-05	0.033421135	-7.85E-07	-2.00E-06	0.0189915	-0.0200303	-0.0189843	0.0200266	1.24E-06	2.39E-06
-4000	9000	0.1	-0.000178976	7.54E-05	0.0191004	-0.0200226	-0.0191062	0.0200315	0.000176637	-7.52E-05	1.005865306	-1.12E-06	-2.21E-06	0.0189921	-0.0200227	-0.0189831	0.0200271	1.93E-06	3.11E-06
-3000	9000	0.1	-1.27E-05	-1.18E-05	0.018986	-0.0200101	-0.0189883	0.0200421	1.61E-05	2.18E-05	0.999685954	-9.72E-07	-1.87E-06	0.0189978	-0.0200309	-0.0189831	0.0200271	1.96E-06	3.20E-06
-2000	9000	0.1	2.44E-06	-4.49E-06	0.0189904	-0.0200048	-0.0189793	0.020051	1.29E-06	1.15E-05	0.999831029	-5.69E-07	-1.18E-06	0.0189951	-0.0200212	-0.0189876	0.0200287	1.34E-06	2.54E-06
-1000	9000	0.1	1.48E-05	-4.05E-06	0.018983	-0.0200072	-0.0190067	0.020045	-1.43E-05	4.46E-06	1.000191767	-2.16E-07	-5.08E-07	0.0189987	-0.0200196	-0.0189876	0.0200287	6.47E-07	1.32E-06
0	9000	0.1	-9.10E-06	-2.33E-07	0.0157465	-0.0168919	-0.0190324	0.0200756	1.30E-05	-1.29E-06	0.83868831	-6.23E-08	1.03E-07	0.0189987	-0.0200196	-0.0189876	0.0200287	1.51E-07	-4.25E-07
1000	9000	0.1	-1.03E-07	6.77E-06	0.0189482	-0.0208106	-0.0254729	0.0274574	-2.11E-07	-8.59E-06	1.383930423	2.02E-07	8.73E-07	0.0189975	-0.0200201	-0.0189864	0.0200292	-6.68E-07	-2.04E-06
2000	9000	0.1	4.67E-06	8.23E-06	0.0157556	-0.0169102	-0.0190312	0.0200909	-1.68E-06	-1.36E-05	0.83957043	7.13E-07	1.64E-06	0.0189969	-0.0200277	-0.0189876	0.0200287	-1.64E-06	-3.04E-06
3000	9000	0.1	5.70E-05	6.62E-06	0.0190949	-0.0200326	-0.0189429	0.0200174	-2.58E-05	-2.34E-05	1.001669459	1.12E-06	2.13E-06	0.0189912	-0.0200196	-0.0189831	0.0200271	-2.06E-06	-3.27E-06
4000	9000	0.1	6.12E-05	-1.78E-05	0.00865472	-0.00897886	-0.0137494	0.0129043	-0.000329382	0.000116758	0.308756004	1.13E-06	2.12E-06	0.0189894	-0.0200277	-0.0189843	0.0200266	-1.72E-06	-2.75E-06
5000	9000	0.1	-3.52E-05	4.34E-06	0.0189269	-0.0198183	-0.0239623	0.0245661	2.96E-07	-5.08E-06	1.234712262	7.51E-07	1.63E-06	0.0189903	-0.0200308	-0.0189843	0.0200266	-9.62E-07	-1.77E-06
6000	9000	0.1	-0.000137459	6.61E-05	0.0188725	-0.0198845	-0.0240961	0.0246704	0.000578381	-0.000246171	1.241454753	2.99E-07	1.00E-06	0.0189855	-0.0200261	-0.0189843	0.0200266	-3.29E-07	-9.02E-07
7000	9000	0.1	-3.62E-05	4.85E-06	0.0125452	-0.0136599	-0.019085	0.0201407	0.00018236	-8.75E-05	0.675806269	6.11E-08	5.10E-07	0.0189843	-0.0200266	-0.0189843	0.0200266	-7.65E-08	-3.67E-07
8000	9000	0.1	6.50E-05	-0.000121859	0.0253873	-0.0282976	-0.0253042	0.0281769	-7.80E-05	5.70E-05	1.89072916	-2.23E-08	2.43E-07	0.0189843	-0.0200266	-0.0189843	0.0200266	8.69E-09	-1.56E-07
9000	9000	0.1	2.70E-06	-2.02E-06	0.0188321	-0.0199949	-0.0189993	0.0200249	-1.83E-05	-9.63E-08	0.995720638	-4.38E-08	1.00E-07	0.0189831	-0.0200271	-0.0189843	0.0200266	3.20E-08	-6.02E-08
-9000	-9000	0.2	-2.61E-06	2.52E-06	0.0131681	-0.0124339	-0.0131884	0.0124363	1.70E-05	-4.36E-06	0.999012508	1.06E-05	4.20E-06	0.0131876	-0.0124367	-0.013189	0.0124383	-1.68E-05	3.21E-07
-8000	-9000	0.2	9.30E-06	7.58E-06	0.0131239	-0.0124179	-0.0132035	0.0124483	-1.54E-05	-1.91E-06	0.997692249	1.47E-05	3.51E-06	0.0131877	-0.0124366	-0.0131889	0.0124385	-2.24E-05	1.39E-06
-7000	-9000	0.2	1.82E-05	1.06E-05	0.0154332	-0.0148538	-0.01547	0.0148781	-3.19E-05	-3.19E-06	1.399585374	1.94E-05	2.46E-06	0.0131878	-0.0124364	-0.0131774	0.01244	-2.97E-05	3.13E-06
-6000	-9000	0.2	2.74E-05	1.17E-05	0.0154552	-0.0148522	-0.015456	0.014866	-3.61E-05	5.22E-06	1.398763115	2.39E-05	1.31E-06	0.0131991	-0.0124352	-0.0131771	0.0124404	-3.78E-05	6.14E-06
-5000	-9000	0.2	1.95E-05	3.61E-06	0.0131565	-0.0124158	-0.0131916	0.012447	-2.37E-05	6.36E-06	0.997916697	2.70E-05	4.25E-07	0.0132115	-0.0124454	-0.0131657	0.0124418	-4.52E-05	9.20E-06
-4000	-9000	0.2	1.42E-05	-1.09E-06	0.0132222	-0.0124532	-0.0131605	0.0124324	-2.59E-05	-9.59E-06	0.999867956	2.65E-05	8.18E-08	0.0132225	-0.0124444	-0.0131643	0.0124402	-4.96E-05	1.09E-05
-3000	-9000	0.2	2.01E-05	6.00E-06	0.0132076	-0.0124652	-0.0132882	0.0124646	-5.54E-05	-2.74E-05	1.005211163	2.16E-05	1.20E-07	0.0132458	-0.0124539	-0.0131537	0.0124406	-4.70E-05	1.03E-05
-2000	-9000	0.2	2.13E-05	7.07E-06	0.0131055	-0.012443	-0.0131746	0.0124252	-5.50E-05	-9.38E-06	0.993472167	1.41E-05	2.07E-07	0.013267	-0.0124626	-0.0131432	0.0124409	-3.51E-05	7.70E-06
-1000	-9000	0.2	9.81E-06	-3.22E-06	0.0177895	-0.0173661	-0.0222891	0.0216896	-2.16E-05	-7.38E-06	2.346398299	5.98E-06	2.38E-07	0.0132774	-0.0124625	-0.0131419	0.0124391	-1.59E-05	3.99E-06
0	-9000	0.2	-8.50E-07	-5.30E-06	0.0178311	-0.0173384	-0.0222655	0.0217007	2.75E-05	1.58E-05	2.346427943	-2.15E-06	7.38E-08	0.0132788	-0.0124641	-0.0131419	0.0124391	6.08E-06	-7.63E-07
1000	-9000	0.2	-1.70E-05	-3.98E-06	0.0132087	-0.0123727	-0.013083	0.0124725	2.52E-05	2.11E-05	0.993548271	-1.02E-05	-3.42E-07	0.0132663	-0.0124541	-0.0131416	0.0124395	2.63E-05	-5.82E-06
2000	-9000	0.2	-3.80E-05	-2.54E-06	0.0198822	-0.0172021	-0.0125876	0.0119962	3.06E-05	4.47E-06	1.388247508	-1.81E-05	-4.32E-07	0.0132549	-0.0124555	-0.0131542	0.01244	4.15E-05	-9.77E-06
3000	-9000	0.2	-9.70E-06	-2.93E-06	0.00606698	-0.00476991	-0.0107252	0.00750197	3.41E-05	3.46E-06	0.307099203	-2.45E-05	-1.04E-07	0.0132331	-0.0124476	-0.0131537	0.0124406	4.89E-05	-1.11E-05
4000	-9000	0.2	-3.60E-05	-8.06E-06	0.0134857	-0.0124593	-0.0129715	0.0123971	5.19E-05	9.83E-06	1.001983622	-2.73E-05	-2.58E-08	0.0132118	-0.0124484	-0.0131645	0.01244	4.76E-05	-9.73E-06
5000	-9000	0.2	-2.85E-05	-6.61E-06	0.0130644	-0.0123671	-0.013171	0.0124707	5.84E-05	-3.62E-06	0.992812081	-2.59E-05	-7.37E-07	0.0132007	-0.0124364	-0.0131771	0.0124404	4.12E-05	-7.12E-06
6000	-9000	0.2	-1.45E-05	-6.61E-05	0.0187685	-0.0185427	-0.0188152	0.0184751	0.000121282	-4.33E-05	2.117707567	-2.17E-05	-1.97E-06	0.0131902	-0.0124367	-0.0131772	0.0124402	3.34E-05	-4.71E-06
7000	-9000	0.2	3.68E-06	-4.22E-05	0.0186126	-0.0185772	-0.0243917	0.0237982	-0.000122586	-0.000106102	2.727007341	-1.67E-05	-3.06E-06	0.0131883	-0.0124358	-0.0131887	0.0124386	2.60E-05	-2.83E-06
8000	-9000	0.2	-2.12E-05	-6.42E-06	0.012937	-0.0123352	-0.0132306	0.0124386	1.45E-05	1.40E-05	0.987776456	-1.23E-05	-3.76E-06	0.0131878	-0.0124364	-0.013189	0.0124383	2.00E-05	-1.37E-06
9000	-9000	0.2	-2.07E-05	-1.23E-05	0.0176533	-0.0173085	-0.0224216	0.0216454	3.13E-05	-9.10E-06	2.345551412	-8.67E-06	-4.20E-06	0.0131765	-0.0124378	-0.013189	0.0124383	1.51E-05	7.21E-08
-9000	-6000	0.2	1.27E-05	5.52E-06	0.00870201	-0.00817138	-0.0109712	0.00999213	-1.14E-05	1.90E-06	0.53919428	2.13E-05	3.81E-06	0.0131649	-0.0124394	-0.0132011	0.0124393	-2.14E-05	1.69E-06
-8000	-6000	0.2	1.26E-05	9.46E-07	0.0132224	-0.0124635	-0.0131945	0.0124238	-1.33E-05	-2.20E-06	1.002830031	3.31E-05	1.71E-06	0.0131636	-0.0124283	-0.0131995	0.0124414	-3.09E-05	3.85E-06
-7000	-6000	0.2	5.17E-05	3.03E-07	0.013167	-0.0124373	-0.0132263	0.0124567	-4.40E-05	1.58E-06	1.001683562	5.33E-05	-1.24E-06	0.0131631	-0.0124289	-0.0132071	0.0124451	-4.63E-05	8.21E-06
-6000	-6000	0.2	8.54E-05	-2.89E-06	0.01306	-0.0123796	-0.0132532	0.0124415	-7.79E-05	8.29E-06	0.994884972	9.35E-05	-8.84E-06	0.0131602	-0.0124293	-0.013232	0.012443	-7.71E-05	1.75E-05
-5000	-6000	0.2	0.000279033	-8.09E-05	0.0222687	-0.0215357	-0.0222929	0.0215604	-0.000229784	4.19E-05	2.915664238	0.000168975	-4.19E-05	0.0131793	-0.0124373	-0.0132384	0.0124663	-0.000151023	5.58E-05
-4000	-6000	0.2	0.000267432	-9.52E-05	0.0132806	-0.0125313	-0.0132544	0.0124956	-0.000323337	0.000151575	1.00285619	0.000230389	-0.000101087	0.0132885	-0.0125622	-0.0131711	0.0124692	-0.000284298	0.000181821
-3000	-6000	0.2	6.52E-05	-1.08E-05	0.00618907	-0.00584537	-0.00946878	0.00835902	-0.000233553	8.90E-05	0.317299794	0.000147017	-3.64E-05	0.0135628	-0.0129374	-0.0130882	0.0124737	-0.000339324	0.000208687
-2000	-6000	0.2	4.09E-06	7.23E-06	0.0139223	-0.0131356	-0.0131041	0.0124991	-0.000213443	3.58E-05	1.004960604	4.79E-05	5.08E-06	0.0137773	-0.013112	-0.0131238	0.012516	-0.000207043	7.08E-05
-1000	-6000	0.2	2.31E-06	1.81E-06	0.0139486	-0.0131256	-0.0130512	0.0125161	-7.44E-05	-2.88E-06	0.998676095	1.08E-05	3.92E-06	0.0138665	-0.0131379	-0.0131511	0.0125166	-7.24E-05	1.32E-05
0	-6000	0.2	1.71E-05	-2.74E-06	0.014039	-0.0131462	-0.0131518	0.0125144	1.81E-05	-3.51E-06	1.006010269	-3.28E-06	-1.11E-06	0.0138791	-0.0131385	-0.0131598	0.0125154	2.34E-05	-5.18E-06
1000	-6000	0.2	-6.00E-06	6.43E-08	0.00633191	-0.00592956	-0.00926467	0.00829981	8.87E-05	-6.96E-06	0.311586438	-2.40E-05	-5.99E-06	0.0138336	-0.0131406	-0.0131414	0.0125193	0.000133405	-3.35E-05
2000	-6000	0.2	-0.000106012	5.72E-06	0.0138372	-0.0131073	-0.0130595	0.0125093	0.000306736	-0.00010122	1.006787745	-9.02E-05	4.58E-06	0.0136874	-0.0130589	-0.0130964	0.0124893	0.00028275	-0.000130781
3000	-6000	0.2	-0.000213946	7.41E-05	0.0135131	-0.0127677	-0.0130865	0.0124495	0.000359285	-0.000206928	1.003212377	-0.000206882	8.33E-05	0.0134118	-0.0127494	-0.0131233	0.012449	0.000338432	-0.000247226
4000	-6000	0.2	-0.000103757	2.11E-05	0.00874265	-0.00816519	-0.0131322	0.0117996	0.000120777	-6.00E-06	0.639255149	-0.000208964	7.54E-05	0.0132188	-0.0124773	-0.0132221	0.0124731	0.00021319	-0.000107512
5000	-6000	0.2	-0.000125925	-2.34E-05	0.0132102	-0.0123959	-0.0153758	0.0142743	0.000119681	-3.11E-06	1.154886121	-0.000126198	2.13E-05	0.0131738	-0.0124284	-0.0132386	0.0124472	0.000106887	-2.86E-05
6000	-6000	0.2	-0.000128608	8.31E-06	0.0131471	-0.0123898	-0.0154162	0.0143354	0.000206657	-7.46E-05	1.157309891	-6.97E-05	4.02E-06	0.0131625	-0.0124298	-0.0132127	0.0124446	5.83E-05	-1.14E-05
7000	-6000	0.2	-0.000176756	6.73E-05	0.0130818	-0.0124012	-0.0132439	0.0124601	0.000153346	-7.24E-05	0.997656692	-4.18E-05	-2.39E-07	0.0131627	-0.0124294	-0.0132085	0.0124433	3.79E-05	-5.94E-06
8000	-6000	0.2	-1.10E-05	-2.89E-05	0.0222822	-0.0215897	-0.0177345	0.0172891	1.82E-05	-2.00E-05	2.340095048	-2.65E-05	-2.84E-06	0.0131632	-0.0124288	-0.0132002	0.0124406	2.58E-05	-2.75E-06
9000	-6000	0.2	0.000122405	-8.86E-05	0.0130912	-0.0124076	-0.0132042	0.0124676	-0.000115915	7.69E-05	0.996966988	-1.70E-05	-4.35E-06	0.0131646	-0.0124399	-0.0132014	0.012439	1.82E-05	-1.12E-06
-9000	-3000	0.2	1.30E-05	1.60E-07	0.00767584	-0.00747221	-0.0132778	0.0124914	-5.20E-06	2.64E-06	0.594255688	1.84E-05	2.76E-06	0.0131542	-0.0124304	-0.0132257	0.0124409	-1.34E-05	5.59E-07
-8000	-3000	0.2	3.47E-05	3.17E-06	0.013128	-0.0124254	-0.0132529	0.0124427	-1.97E-05	9.44E-07	0.999818615	2.89E-05	1.26E-06	0.0131429	-0.0124317	-0.0132436	0.0124352	-1.83E-05	8.92E-07
-7000	-3000	0.2	4.94E-05	2.13E-06	0.0131389	-0.0124342	-0.0133	0.0124241	-3.50E-05	6.67E-06	0.999682342	4.57E-05	-5.21E-07	0.0131417	-0.0124299	-0.0132949	0.0124393	-2.41E-05	1.78E-06
-6000	-3000	0.2	6.50E-05	9.19E-06	0.0130911	-0.0124086	-0.0170329	0.0155007	-2.66E-05	4.05E-06	1.254058074	7.48E-05	-1.47E-06	0.0131204	-0.0124212	-0.0134312	0.0124798	-2.88E-05	1.91E-06
-5000	-3000	0.2	0.000108583	1.14E-05	0.0130123	-0.0124002	-0.013745	0.0127557	-1.28E-05	-1.17E-05	0.995306631	0.000125263	-4.42E-06	0.0131227	-0.0124406	-0.0137113	0.012757	-3.17E-05	9.64E-07
-4000	-3000	0.2	0.000289917	9.20E-06	0.022475	-0.0222819	-0.0138837	0.014125	2.67E-05	-1.93E-05	1.754172564	0.000160575	-4.81E-06	0.0132433	-0.0127702	-0.0139117	0.0135545	-2.50E-05	-5.83E-06
-3000	-3000	0.2	5.73E-05	2.85E-05	0.0136348	-0.014179	-0.0140217	0.0144377	4.69E-06	-1.44E-05	0.996254719	6.19E-05	2.92E-05	0.0137619	-0.0142005	-0.0139839	0.0144322	-8.40E-06	-7.56E-06
-2000	-3000	0.2	-6.05E-07	1.23E-05	0.014051	-0.0145762	-0.0142058	0.0146249	3.11E-05	-1.87E-05	0.995989751	2.85E-06	1.64E-05	0.0141643	-0.0145994	-0.0141851	0.0146257	-2.45E-06	-8.69E-06
-1000	-3000	0.2	3.18E-05	-4.50E-06	0.0241321	-0.0253767	-0.0189974	0.0202417	1.19E-06	-1.32E-05	2.334749218	-1.83E-06	2.97E-06	0.0142353	-0.0146023	-0.0142488	0.0146239	2.07E-07	-4.46E-06
0	-3000	0.2	2.13E-05	-1.36E-06	0.0217684	-0.0204083	-0.0140934	0.0144958	-2.35E-05	-2.72E-07	1.4486652	1.46E-06	-1.48E-06	0.0142344	-0.0145998	-0.014262	0.0146182	8.72E-08	1.31E-06
1000	-3000	0.2	7.61E-06	-3.98E-07	0.0120124	-0.0088677	-0.0120188	0.0088993	-9.40E-06	8.57E-06	0.536814631	2.38E-06	-6.42E-06	0.014221	-0.0146073	-0.0142235	0.0146286	7.53E-07	5.11E-06
2000	-3000	0.2	0.000111343	-9.12E-05	0.0215461	-0.0203744	-0.0137905	0.0144449	-0.000119997	9.47E-05	1.445756308	-2.11E-05	-2.41E-05	0.014018	-0.0145274	-0.0141011	0.0145887	5.60E-06	7.25E-06
3000	-3000	0.2	-0.000627971	0.000237803	0.0227895	-0.0233884	-0.0234636	0.0244549	0.000375464	-0.000245444	2.936529473	-0.000122982	-1.29E-05	0.0134557	-0.0134592	-0.0139084	0.0140902	1.34E-05	5.41E-06
4000	-3000	0.2	-1.62E-05	-9.09E-05	0.0130602	-0.0124863	-0.0138828	0.0131082	-8.63E-05	6.73E-05	0.997896542	-0.000152949	7.19E-06	0.013146	-0.0125077	-0.0138487	0.0130844	2.89E-05	2.76E-06
5000	-3000	0.2	-9.37E-05	4.51E-06	0.0131213	-0.0124398	-0.0136	0.0125654	2.66E-05	7.96E-06	1.002263296	-9.86E-05	2.25E-06	0.0131164	-0.0124265	-0.01356	0.0125662	3.02E-05	-4.20E-06
6000	-3000	0.2	-5.84E-05	-6.31E-07	0.0131755	-0.012458	-0.0133355	0.0124311	2.20E-05	3.44E-06	1.002324576	-5.86E-05	7.77E-07	0.0131293	-0.0124231	-0.0133458	0.012443	2.84E-05	-3.75E-06
7000	-3000	0.2	-2.33E-05	-5.28E-06	0.00870408	-0.008181	-0.0087899	0.00817504	9.87E-06	-5.26E-06	0.435915623	-3.65E-05	-3.65E-07	0.0131423	-0.0124325	-0.0132605	0.0124403	2.20E-05	-7.41E-07
8000	-3000	0.2	-2.97E-05	-4.68E-06	0.0130781	-0.0124097	-0.0132438	0.0124462	2.07E-07	1.45E-05	0.996943027	-2.33E-05	-1.95E-06	0.0131538	-0.0124309	-0.013225	0.0124453	1.51E-05	4.48E-08
9000	-3000	0.2	-2.87E-06	-6.84E-05	0.0244131	-0.0239153	-0.0187725	0.0183275	1.00E-05	8.74E-06	2.72982527	-1.49E-05	-3.12E-06	0.013154	-0.0124308	-0.0132138	0.0124396	1.08E-05	-1.73E-07
-9000	0	0.2	3.08E-07	-1.48E-06	0.0130668	-0.0123969	-0.0132382	0.0124407	-1.30E-06	3.31E-06	0.995602392	-1.22E-07	-1.14E-07	0.0131547	-0.0124298	-0.0132271	0.0124425	-4.39E-07	-2.04E-07
-8000	0	0.2	-5.78E-06	6.50E-06	0.0132592	-0.0124722	-0.0132203	0.0124081	2.84E-06	-3.72E-06	1.003601367	-3.14E-07	-1.65E-07	0.0131437	-0.0124307	-0.0132567	0.0124384	-1.07E-06	3.67E-08
-7000	0	0.2	-1.65E-06	3.52E-06	0.0059781	-0.0056248	-0.0128559	0.0108523	4.96E-06	-1.27E-06	0.419184402	-4.31E-07	-2.82E-08	0.0131332	-0.0124309	-0.0133159	0.0124328	-1.46E-06	9.09E-07
-6000	0	0.2	4.23E-06	-1.02E-06	0.0131238	-0.0124106	-0.0134378	0.0124454	3.26E-06	2.52E-06	0.996893911	-3.28E-07	8.94E-08	0.0131231	-0.012421	-0.0134821	0.0124715	-7.68E-07	1.86E-06
-5000	0	0.2	2.04E-06	-3.73E-05	0.0223379	-0.0216093	-0.0231702	0.0220486	5.03E-05	-4.47E-06	2.928959359	-2.05E-07	5.10E-08	0.0131293	-0.0124455	-0.0137681	0.0127438	2.13E-07	1.95E-06
-4000	0	0.2	-4.89E-05	2.20E-05	0.00602169	-0.00577394	-0.00637976	0.00614125	4.14E-05	-2.18E-05	0.206164009	-2.51E-07	2.07E-08	0.0132707	-0.0127756	-0.0139545	0.0135523	3.11E-07	9.69E-07
-3000	0	0.2	7.40E-05	-5.02E-05	0.0139484	-0.0142489	-0.014106	0.0144305	-8.35E-05	5.42E-05	1.011542508	-2.89E-07	1.40E-07	0.0137909	-0.0141941	-0.0139925	0.0144289	-5.31E-08	4.74E-07
-2000	0	0.2	8.99E-06	7.35E-07	0.00649987	-0.00661282	-0.00649829	0.00660788	-2.81E-06	8.85E-07	0.20709651	-7.56E-08	1.23E-07	0.0141969	-0.0145978	-0.0142035	0.014612	-1.23E-07	3.35E-07
-1000	0	0.2	3.50E-05	5.96E-06	0.0144702	-0.0146652	-0.0141835	0.0145576	-1.41E-05	2.79E-06	1.004631647	2.13E-07	-9.90E-08	0.0142734	-0.0145829	-0.0142749	0.0146096	1.43E-07	3.26E-07
0	0	0.2	-3.37E-05	3.34E-05	0.0118761	-0.0116866	-0.0117382	0.0116324	3.92E-05	-2.59E-05	0.660722812	3.60E-07	-2.24E-07	0.0142721	-0.0145845	-0.0142861	0.0145936	3.06E-07	2.51E-07
1000	0	0.2	-1.91E-05	1.35E-05	0.0118255	-0.011691	-0.00948599	0.00961245	4.53E-06	-2.42E-06	0.539317949	1.71E-07	-4.14E-08	0.0142528	-0.0145958	-0.0142506	0.0146131	-4.05E-08	3.04E-07
2000	0	0.2	4.73E-05	-2.80E-05	0.0165674	-0.0174139	-0.0165552	0.0174109	-5.43E-05	3.17E-05	1.408512277	-4.64E-08	8.88E-08	0.0140512	-0.0145103	-0.0141221	0.0145793	-4.05E-07	5.63E-07
3000	0	0.2	-5.60E-05	4.56E-05	0.0157878	-0.015996	-0.0163785	0.0168227	5.56E-05	-4.26E-05	1.397780308	-2.22E-08	1.31E-07	0.0134941	-0.0134618	-0.0139316	0.0140779	-2.23E-07	5.12E-07
4000	0	0.2	-2.63E-07	3.50E-06	0.0131207	-0.0124948	-0.0139126	0.0130614	-3.38E-06	6.99E-07	0.997159266	1.25E-07	1.32E-07	0.013173	-0.0125129	-0.0139057	0.0130706	8.04E-07	1.17E-06
5000	0	0.2	2.34E-06	-6.42E-06	0.0132519	-0.0124657	-0.0135672	0.0125654	-1.10E-05	8.06E-06	1.004458855	5.01E-08	1.99E-07	0.0131275	-0.0124349	-0.0136076	0.0125682	1.20E-09	2.00E-06
6000	0	0.2	-0.000245122	0.000121374	0.00949986	-0.00829888	-0.00606198	0.00561894	6.33E-05	-2.58E-05	0.315440162	-1.38E-07	1.66E-07	0.013135	-0.0124318	-0.0133786	0.0124477	-1.44E-06	1.62E-06
7000	0	0.2	-3.10E-06	-5.62E-06	0.0129944	-0.0108744	-0.00921309	0.00809638	8.65E-07	2.66E-06	0.631436776	-1.91E-07	2.62E-08	0.0131439	-0.0124304	-0.0132833	0.0124314	-1.66E-06	2.70E-07
8000	0	0.2	0.000229523	-0.000122708	0.00944279	-0.00827381	-0.00600285	0.0056195	-3.94E-05	2.01E-05	0.31418526	-9.60E-08	-1.33E-08	0.0131436	-0.0124308	-0.0132365	0.0124344	-7.89E-07	-4.21E-07
9000	0	0.2	3.58E-05	-0.00012402	0.0246096	-0.0239751	-0.0187667	0.0182655	-1.71E-06	-3.78E-05	2.739433437	-5.38E-08	3.90E-08	0.0131529	-0.0124287	-0.0132155	0.0124409	-9.89E-08	-2.19E-07
-9000	3000	0.2	-3.18E-05	-6.34E-06	0.011729	-0.0077161	-0.00702025	0.00517625	0.000149317	-4.50E-05	0.372777837	-1.88E-05	-2.71E-06	0.013154	-0.0124308	-0.0132143	0.0124423	1.31E-05	2.37E-08
-8000	3000	0.2	-0.000201288	-1.08E-05	0.011766	-0.00773698	-0.00233537	0.00228953	5.42E-06	8.57E-08	0.14012937	-2.91E-05	-1.16E-06	0.0131424	-0.0124323	-0.013243	0.012436	1.85E-05	-1.94E-07
-7000	3000	0.2	-9.09E-05	-1.82E-05	0.0201876	-0.0174531	-0.0132033	0.0124041	2.86E-05	4.18E-06	1.469013576	-4.58E-05	3.57E-07	0.0131293	-0.0124231	-0.0132942	0.0124403	2.54E-05	-2.15E-06
-6000	3000	0.2	-7.85E-05	-1.75E-05	0.0131598	-0.0124279	-0.0134518	0.0124715	3.00E-05	9.67E-06	1.002395598	-7.55E-05	1.11E-06	0.0131267	-0.0124136	-0.0134311	0.0124799	2.97E-05	-4.46E-06
-5000	3000	0.2	-0.000118971	-1.77E-05	0.012985	-0.0123959	-0.0137499	0.0127533	2.92E-05	2.68E-06	0.994172199	-0.00012609	4.17E-06	0.0131267	-0.0124361	-0.0137123	0.0127557	3.03E-05	-1.71E-06
-4000	3000	0.2	-0.000224641	-3.85E-05	0.0186452	-0.018871	-0.0258049	0.0259598	3.41E-05	-6.94E-05	2.717798102	-0.000160891	5.51E-06	0.0132435	-0.012773	-0.0139034	0.0135555	2.66E-05	7.07E-06
-3000	3000	0.2	-4.62E-05	-7.72E-06	0.0135833	-0.0149353	-0.0261077	0.0277366	3.16E-05	5.94E-06	1.935060549	-6.10E-05	-2.81E-05	0.0137523	-0.0142107	-0.0139846	0.0144313	7.28E-06	8.01E-06
-2000	3000	0.2	6.03E-06	-1.01E-05	0.0140199	-0.0153761	-0.0263904	0.0280828	5.52E-05	2.61E-05	1.933905228	-2.80E-06	-1.59E-05	0.0141678	-0.0146095	-0.0141851	0.0146257	2.32E-06	7.12E-06
-1000	3000	0.2	-3.24E-05	-1.04E-05	0.0199957	-0.0218565	-0.0262047	0.0279226	-8.48E-05	-0.000235152	2.724597004	1.91E-06	-2.75E-06	0.0142319	-0.0146028	-0.0142488	0.0146239	9.74E-07	4.09E-06
0	3000	0.2	1.86E-05	1.23E-06	0.0142065	-0.0145917	-0.0141021	0.0145418	2.17E-08	1.01E-05	0.990520878	-1.32E-06	1.63E-06	0.0142368	-0.0146005	-0.0142617	0.0146185	1.18E-06	-1.28E-06
1000	3000	0.2	4.34E-06	4.29E-06	0.00933608	-0.00955731	-0.0142084	0.0138229	1.27E-05	-6.18E-06	0.636874982	-2.15E-06	6.13E-06	0.0142152	-0.0146092	-0.014222	0.0146268	8.86E-09	-6.39E-06
2000	3000	0.2	6.28E-05	4.77E-05	0.0238359	-0.0253687	-0.0188349	0.0201625	3.58E-05	-9.73E-09	2.346421303	2.12E-05	2.47E-05	0.0140147	-0.0145206	-0.0141016	0.0145789	-5.69E-06	-8.46E-06
3000	3000	0.2	0.000148566	1.92E-05	0.013348	-0.0134217	-0.0139616	0.0140906	-3.98E-05	-3.12E-06	0.996806592	0.00012381	1.41E-05	0.0134562	-0.013463	-0.0138947	0.0140909	-1.10E-05	-6.04E-06
4000	3000	0.2	0.000144168	1.59E-05	0.0131885	-0.0125577	-0.00916674	0.00884464	-6.13E-06	-5.29E-06	0.670823444	0.000152373	-6.65E-06	0.0131457	-0.0125143	-0.0138474	0.0130861	-3.05E-05	-7.15E-07
5000	3000	0.2	6.83E-05	9.81E-06	0.0131135	-0.0124426	-0.013553	0.0125672	-9.32E-06	-6.90E-06	1.000299026	9.75E-05	-2.31E-06	0.013121	-0.0124204	-0.0135592	0.0125672	-3.16E-05	1.95E-06
6000	3000	0.2	4.58E-05	1.07E-05	0.0130258	-0.0123876	-0.0133838	0.0124517	-1.57E-05	1.13E-06	0.99635504	5.82E-05	-1.18E-06	0.0131298	-0.0124191	-0.0133479	0.0124438	-2.73E-05	1.89E-06
7000	3000	0.2	5.75E-05	-6.65E-06	0.0221898	-0.021526	-0.0223713	0.0214583	2.11E-05	-1.97E-05	2.913799891	3.65E-05	2.85E-07	0.0131415	-0.0124301	-0.0132611	0.0124395	-2.13E-05	1.14E-06
8000	3000	0.2	2.47E-05	3.01E-06	0.0130435	-0.0123943	-0.0132636	0.0124372	-2.06E-05	1.86E-06	0.995422316	2.32E-05	2.01E-06	0.0131542	-0.0124304	-0.0132254	0.0124448	-1.57E-05	8.12E-07
9000	3000	0.2	2.02E-05	6.33E-06	0.0130928	-0.0124242	-0.0132305	0.0124305	-1.87E-05	-1.70E-06	0.997738832	1.48E-05	3.11E-06	0.0131526	-0.0124292	-0.0132141	0.0124393	-1.17E-05	2.94E-07
-9000	6000	0.2	-8.01E-06	-3.78E-06	0.0130375	-0.0123952	-0.0132226	0.0124454	1.02E-06	1.27E-05	0.994294517	-2.12E-05	-3.87E-06	0.0131644	-0.01244	-0.0132009	0.0124396	2.18E-05	-1.77E-06
-8000	6000	0.2	-2.83E-05	-9.96E-06	0.0130767	-0.0124037	-0.0132147	0.0124268	2.83E-05	7.14E-07	0.995621565	-3.31E-05	-1.76E-06	0.013163	-0.0124291	-0.0131988	0.0124424	3.13E-05	-3.93E-06
-7000	6000	0.2	-6.12E-05	-7.44E-06	0.0176612	-0.0172944	-0.0223941	0.0215899	9.45E-05	-1.71E-05	2.341580706	-5.32E-05	1.29E-06	0.0131625	-0.0124297	-0.0132051	0.0124348	4.66E-05	-8.08E-06
-6000	6000	0.2	-6.90E-05	7.31E-06	0.0131364	-0.0130566	-0.0225437	0.0217104	9.59E-05	-8.01E-06	1.763072201	-9.33E-05	9.34E-06	0.0131623	-0.0124299	-0.0132303	0.0124418	7.75E-05	-1.65E-05
-5000	6000	0.2	-0.000253608	9.83E-05	0.0177604	-0.0173759	-0.0178177	0.0173517	0.000269853	-8.11E-05	1.875106324	-0.000166985	4.33E-05	0.0131834	-0.0124387	-0.0132387	0.0124624	0.000152717	-5.68E-05
-4000	6000	0.2	-0.000226582	9.15E-05	0.0131711	-0.0125178	-0.0132105	0.0124868	0.00032259	-0.000150824	0.995252803	-0.000229789	0.000100925	0.0132927	-0.0125729	-0.0131736	0.0124693	0.000285952	-0.000182632
-3000	6000	0.2	-0.000130581	3.15E-05	0.0135791	-0.0129291	-0.0131083	0.0124773	0.000360701	-0.000168473	1.001350413	-0.000149572	3.55E-05	0.0135658	-0.0129428	-0.0130892	0.0124629	0.000339142	-0.000207763
-2000	6000	0.2	-3.90E-05	-7.81E-06	0.0139486	-0.0131441	-0.0131177	0.0125187	0.000222538	-4.04E-05	1.00735003	-4.80E-05	-6.43E-06	0.0137799	-0.0131214	-0.0131205	0.0125135	0.000207122	-6.98E-05
-1000	6000	0.2	-3.24E-06	-4.25E-06	0.0100529	-0.0087401	-0.00599992	0.00568306	3.40E-05	2.81E-06	0.31716541	-1.06E-05	-3.94E-06	0.0138688	-0.0131477	-0.0131616	0.0125163	7.25E-05	-1.49E-05
0	6000	0.2	9.24E-06	2.77E-06	0.0138843	-0.0115257	-0.00598107	0.00566238	-1.14E-05	-1.18E-06	0.428377173	3.01E-06	1.19E-06	0.0138693	-0.0131378	-0.01316	0.0125151	-2.36E-05	2.36E-06
1000	6000	0.2	2.13E-05	6.57E-06	0.0100361	-0.00874284	-0.005996	0.00568513	-6.69E-05	-7.23E-07	0.317551509	2.43E-05	5.67E-06	0.0138354	-0.0131382	-0.0131437	0.0125196	-0.00013442	3.36E-05
2000	6000	0.2	0.000192467	-6.77E-05	0.0137774	-0.0130607	-0.0130295	0.012479	-0.000425445	0.000165417	0.999880116	8.87E-05	-6.32E-06	0.0136877	-0.0130584	-0.0131064	0.0124896	-0.000284849	0.000133153
3000	6000	0.2	-5.76E-05	8.53E-05	0.022683	-0.0221444	-0.0221924	0.0216441	-0.000266256	0.000122461	2.939443392	0.000205637	-8.35E-05	0.0134082	-0.0127413	-0.0131104	0.0124489	-0.000340462	0.000249543
4000	6000	0.2	0.000308542	-0.000130402	0.0131391	-0.0124607	-0.0132653	0.0125167	-0.000335538	0.000159924	0.999291442	0.000210481	-7.53E-05	0.013226	-0.0124747	-0.0132192	0.0124735	-0.000213283	0.000105628
5000	6000	0.2	0.000132033	-1.22E-05	0.0131653	-0.01244	-0.0132535	0.0124437	-0.000123191	1.57E-05	1.000669443	0.000127105	-2.05E-05	0.0131712	-0.0124284	-0.0132375	0.0124486	-0.000106693	2.95E-05
6000	6000	0.2	6.70E-05	2.40E-06	0.0130501	-0.0123895	-0.0132355	0.0124471	-6.00E-05	-6.15E-06	0.995339133	7.02E-05	-3.79E-06	0.0131625	-0.0124298	-0.0132134	0.0124342	-5.89E-05	1.17E-05
7000	6000	0.2	6.08E-05	1.58E-06	0.0222102	-0.0215246	-0.022298	0.0214929	1.17E-05	-3.02E-05	2.915424536	4.20E-05	3.46E-07	0.0131635	-0.0124284	-0.0132107	0.0124437	-3.80E-05	5.62E-06
8000	6000	0.2	2.81E-05	3.33E-07	0.0130541	-0.0123811	-0.0132307	0.012443	-2.41E-05	5.45E-06	0.994659809	2.66E-05	2.85E-06	0.0131649	-0.0124394	-0.0132005	0.0124401	-2.57E-05	2.36E-06
9000	6000	0.2	1.63E-05	8.49E-07	0.0132421	-0.0124822	-0.0131441	0.0124063	-1.55E-05	4.32E-06	1.001175238	1.71E-05	4.37E-06	0.0131649	-0.0124394	-0.0132015	0.0124388	-1.80E-05	8.72E-07
-9000	9000	0.2	-0.000429904	0.000235406	0.0222672	-0.0215873	-0.0223221	0.0216078	0.000400856	-0.00026254	2.931304368	-1.03E-05	-4.03E-06	0.0131878	-0.0124364	-0.0131889	0.0124385	1.75E-05	-2.92E-07
-8000	9000	0.2	9.65E-05	-7.09E-05	0.0130927	-0.0124133	-0.0131022	0.0124267	-8.56E-05	6.86E-05	0.991369627	-1.42E-05	-3.48E-06	0.0131881	-0.0124361	-0.0131889	0.0124385	2.30E-05	-1.82E-06
-7000	9000	0.2	-8.01E-06	-9.51E-06	0.0131769	-0.0124338	-0.0131965	0.0124284	1.60E-05	-1.90E-06	0.999799295	-1.90E-05	-2.56E-06	0.0131886	-0.0124354	-0.0131774	0.01244	2.97E-05	-3.47E-06
-6000	9000	0.2	-2.31E-05	6.71E-06	0.0133159	-0.0124793	-0.0131574	0.0124379	2.96E-05	-4.37E-06	1.005765677	-2.38E-05	-1.33E-06	0.0131901	-0.0124368	-0.0131771	0.0124404	3.73E-05	-5.66E-06
-5000	9000	0.2	1.91E-05	-1.19E-05	0.00236035	-0.00230302	-0.00235312	0.00230741	-1.64E-05	1.14E-05	0.033080261	-2.68E-05	-3.22E-07	0.0132004	-0.0124369	-0.013166	0.0124414	4.48E-05	-8.19E-06
-4000	9000	0.2	-0.000148418	7.54E-05	0.0133107	-0.0124514	-0.0132572	0.0124563	0.000172239	-7.84E-05	1.008365553	-2.64E-05	-3.22E-08	0.0132228	-0.0124475	-0.0131534	0.012441	4.93E-05	-1.03E-05
-3000	9000	0.2	-3.35E-05	-5.63E-06	0.0132459	-0.0124355	-0.0131485	0.0124447	6.27E-05	2.40E-06	0.999610076	-2.15E-05	-3.65E-07	0.0132446	-0.012446	-0.0131541	0.0124401	4.64E-05	-1.06E-05
-2000	9000	0.2	-1.22E-05	-7.84E-06	0.0132701	-0.0124404	-0.0131485	0.0124346	3.43E-05	3.35E-06	0.99950493	-1.41E-05	-5.24E-07	0.0132685	-0.0124546	-0.0131432	0.0124409	3.47E-05	-8.22E-06
-1000	9000	0.2	2.98E-06	-2.23E-06	0.0132851	-0.012442	-0.0131626	0.0124418	6.04E-06	6.35E-06	1.000713029	-6.10E-06	-1.47E-07	0.0132797	-0.0124534	-0.0131416	0.0124395	1.70E-05	-3.67E-06
0	9000	0.2	-9.07E-06	2.57E-06	0.0110365	-0.010462	-0.0131782	0.0124686	7.99E-06	4.24E-07	0.837155145	2.02E-06	1.69E-07	0.0132789	-0.0124639	-0.0131419	0.0124391	-4.35E-06	1.76E-06
1000	9000	0.2	1.79E-05	-2.08E-08	0.0133348	-0.0128176	-0.0176977	0.0169518	-3.14E-05	4.12E-06	1.37597956	1.00E-05	1.90E-07	0.0132679	-0.0124648	-0.0131418	0.0124393	-2.59E-05	6.20E-06
2000	9000	0.2	2.24E-05	-2.88E-06	0.0110293	-0.0104629	-0.0131745	0.0124776	-4.92E-05	-1.24E-06	0.83804675	1.79E-05	1.45E-07	0.0132562	-0.0124538	-0.0131429	0.0124412	-4.23E-05	8.96E-06
3000	9000	0.2	7.54E-05	-7.04E-06	0.0133364	-0.0124611	-0.0131375	0.0124155	-7.90E-05	4.81E-08	1.002697209	2.45E-05	3.01E-08	0.0132343	-0.0124555	-0.0131534	0.012441	-4.95E-05	1.05E-05
4000	9000	0.2	5.51E-05	-1.87E-05	0.00601426	-0.00560516	-0.00945388	0.00831666	-0.000272514	0.000120539	0.314845771	2.73E-05	1.70E-07	0.0132109	-0.0124462	-0.0131642	0.0124404	-4.80E-05	1.01E-05
5000	9000	0.2	-8.95E-06	1.04E-05	0.0132085	-0.0123264	-0.0166054	0.0153788	-4.31E-05	3.45E-06	1.243685572	2.57E-05	8.08E-07	0.0131998	-0.0124471	-0.013177	0.0124405	-4.21E-05	7.70E-06
6000	9000	0.2	-7.83E-05	5.69E-05	0.0131301	-0.0123494	-0.0166749	0.0154385	0.000372663	-0.000226512	1.246831724	2.17E-05	1.85E-06	0.0131877	-0.0124366	-0.0131772	0.0124402	-3.44E-05	4.22E-06
7000	9000	0.2	-2.03E-05	1.27E-05	0.00871955	-0.00841409	-0.0132329	0.0124985	0.00011252	-6.72E-05	0.671159234	1.69E-05	2.91E-06	0.0131878	-0.0124364	-0.0131887	0.0124386	-2.61E-05	1.60E-06
8000	9000	0.2	7.97E-05	-6.59E-05	0.0177858	-0.017366	-0.017716	0.0173202	-3.05E-05	3.95E-05	1.874098252	1.24E-05	3.73E-06	0.0131877	-0.0124366	-0.013189	0.0124383	-1.93E-05	6.51E-07
9000	9000	0.2	1.75E-05	3.66E-06	0.0130704	-0.012389	-0.0132055	0.0124347	-3.07E-05	2.95E-06	0.994419961	8.70E-06	4.17E-06	0.0131763	-0.012438	-0.0131891	0.0124381	-1.47E-05	-1.28E-07
-9000	-9000	0.5	-1.91E-05	-3.63E-05	0.0103262	-0.00584726	-0.0103453	0.00583418	1.26E-05	4.88E-05	0.998752314	4.04E-05	-4.01E-05	0.0103233	-0.00585002	-0.0103408	0.00587529	-2.65E-05	4.53E-05
-8000	-9000	0.5	-4.89E-06	-3.74E-05	0.0102902	-0.005842	-0.0103449	0.00585543	-1.11E-05	6.20E-05	0.996512849	4.78E-05	-4.98E-05	0.0103295	-0.00585179	-0.0103396	0.00587032	-3.32E-05	5.62E-05
-7000	-9000	0.5	5.32E-06	-5.50E-05	0.0121662	-0.00696894	-0.0121883	0.00697791	-3.14E-05	9.05E-05	1.394292321	5.73E-05	-6.15E-05	0.0103417	-0.00586045	-0.0103345	0.00586243	-4.39E-05	7.09E-05
-6000	-9000	0.5	4.28E-06	-6.83E-05	0.0121844	-0.0069958	-0.0121862	0.00694778	-4.30E-05	0.000111502	1.39389824	6.72E-05	-7.47E-05	0.0103602	-0.00588278	-0.0103255	0.00585199	-5.79E-05	9.11E-05
-5000	-9000	0.5	-3.01E-06	-5.82E-05	0.0103287	-0.00592052	-0.0103609	0.00582508	-4.55E-05	0.000116302	0.998756176	7.36E-05	-8.51E-05	0.0103859	-0.00592442	-0.0103149	0.00583448	-7.15E-05	0.000114881
-4000	-9000	0.5	-1.45E-06	-5.08E-05	0.0103827	-0.00599966	-0.0103667	0.0058047	-6.14E-05	0.000130423	1.00251899	7.24E-05	-8.47E-05	0.0104196	-0.00599192	-0.0102978	0.00581177	-7.97E-05	0.000132273
-3000	-9000	0.5	1.85E-05	-3.50E-05	0.0103746	-0.00608126	-0.0104593	0.0058153	-7.77E-05	0.000129108	1.00866419	6.21E-05	-6.94E-05	0.0104553	-0.00607432	-0.0102818	0.00579009	-7.77E-05	0.000128007
-2000	-9000	0.5	1.98E-05	-2.67E-05	0.0103106	-0.00612584	-0.0103833	0.00577114	-5.27E-05	0.000100591	0.994576217	4.35E-05	-4.46E-05	0.0104864	-0.00614985	-0.0102698	0.00577824	-6.12E-05	9.57E-05
-1000	-9000	0.5	4.34E-05	-2.89E-05	0.0141241	-0.00853461	-0.0176344	0.0100454	-3.36E-06	0.00010569	2.331230215	1.94E-05	-1.84E-05	0.0105109	-0.00619393	-0.010263	0.00577388	-2.98E-05	4.44E-05
0	-9000	0.5	7.67E-06	-1.58E-05	0.0141701	-0.00853976	-0.0175317	0.0100251	4.78E-05	-7.00E-06	2.324450631	-6.76E-06	6.25E-06	0.0105147	-0.00620667	-0.0102598	0.00577367	9.92E-06	-1.44E-05
1000	-9000	0.5	-2.85E-05	1.83E-05	0.0104278	-0.00613859	-0.0102848	0.00576857	4.11E-05	-6.87E-05	0.994607476	-3.20E-05	3.12E-05	0.0104993	-0.00617828	-0.0102635	0.00577461	4.69E-05	-7.18E-05
2000	-9000	0.5	-2.54E-05	6.03E-05	0.0155383	-0.00864977	-0.0099683	0.00559041	4.95E-05	-0.000111806	1.421889224	-5.35E-05	5.72E-05	0.0104671	-0.00611697	-0.0102748	0.00578413	7.18E-05	-0.000115982
3000	-9000	0.5	-7.76E-06	1.73E-05	0.00461053	-0.0024534	-0.00808949	0.0038271	4.89E-05	-9.38E-05	0.328372847	-6.83E-05	7.84E-05	0.0104335	-0.0060315	-0.010289	0.00580004	8.04E-05	-0.000134405
4000	-9000	0.5	-1.74E-05	6.19E-05	0.010613	-0.00600532	-0.0102377	0.00576546	5.31E-05	-0.000130837	1.009984004	-7.43E-05	8.65E-05	0.0104001	-0.00595491	-0.0103066	0.0058235	7.64E-05	-0.000125973
5000	-9000	0.5	-1.25E-05	5.15E-05	0.010279	-0.00587047	-0.0103234	0.00582614	6.30E-05	-0.000116758	0.991396604	-7.16E-05	8.05E-05	0.0103702	-0.00590216	-0.0103229	0.00584394	6.49E-05	-0.000103306
6000	-9000	0.5	-8.58E-07	-3.04E-05	0.0149346	-0.00865455	-0.0148236	0.00847995	0.000110866	-0.00011531	2.085252362	-6.29E-05	6.77E-05	0.0103505	-0.0058721	-0.0103338	0.00586011	5.10E-05	-8.04E-05
7000	-9000	0.5	3.02E-05	1.22E-05	0.0148101	-0.00854807	-0.0193035	0.0110835	1.85E-05	-7.08E-05	2.695782492	-5.24E-05	5.49E-05	0.0103331	-0.005856	-0.0103398	0.00586708	3.88E-05	-6.23E-05
8000	-9000	0.5	3.42E-07	4.98E-05	0.0101438	-0.0057937	-0.0103896	0.00585369	1.56E-05	-5.81E-05	0.987199128	-4.35E-05	4.43E-05	0.0103239	-0.00585078	-0.0103411	0.00587206	2.95E-05	-4.94E-05
9000	-9000	0.5	2.32E-05	8.18E-05	0.0139491	-0.00805799	-0.0176756	0.0101426	2.69E-05	-8.35E-05	2.326901617	-3.70E-05	3.58E-05	0.0103201	-0.0058498	-0.0103408	0.00587529	2.44E-05	-4.04E-05
-9000	-6000	0.5	-3.44E-06	-3.18E-05	0.00679861	-0.00383082	-0.00853306	0.00475803	-1.41E-05	5.00E-05	0.539102986	5.98E-05	-6.43E-05	0.0103062	-0.00581635	-0.0103845	0.00591447	-3.27E-05	5.21E-05
-8000	-6000	0.5	-1.09E-05	-7.29E-05	0.010368	-0.00582481	-0.010372	0.00589827	-2.06E-05	8.62E-05	1.001254662	8.51E-05	-9.98E-05	0.0103108	-0.00580907	-0.0103989	0.0059398	-5.10E-05	7.70E-05
-7000	-6000	0.5	3.22E-05	-0.00012212	0.0103356	-0.00580628	-0.0104006	0.00595982	-5.03E-05	0.000138888	0.999497968	0.000118783	-0.000170695	0.0103182	-0.00580815	-0.0104092	0.00598876	-7.75E-05	0.000128475
-6000	-6000	0.5	5.88E-05	-0.000233708	0.0102689	-0.00578903	-0.0104151	0.00600487	-7.22E-05	0.000238401	0.994977738	0.000147453	-0.000302616	0.0103255	-0.00582084	-0.0103877	0.00604606	-0.000103035	0.000234464
-5000	-6000	0.5	0.0001162	-0.000844808	0.0175892	-0.0100984	-0.0175615	0.0102749	-9.01E-05	0.00077382	2.907058848	0.000139677	-0.000511791	0.0103165	-0.00588537	-0.0103143	0.00604674	-0.000101056	0.000450996
-4000	-6000	0.5	4.04E-05	-0.000603981	0.010207	-0.00617812	-0.0104031	0.0058876	1.26E-05	0.000823982	1.012851061	8.47E-05	-0.000676403	0.0102126	-0.00618735	-0.0102396	0.00585227	-1.88E-05	0.000829916
-3000	-6000	0.5	2.94E-05	-0.000178884	0.00448693	-0.00316608	-0.00731806	0.00387635	-6.61E-06	0.00064194	0.322867654	0.000111461	-0.000443466	0.00990076	-0.00698469	-0.0101768	0.00562236	-1.91E-05	0.000989993
-2000	-6000	0.5	4.53E-05	-0.000160321	0.00985466	-0.00760486	-0.010188	0.00571488	-7.63E-05	0.000622524	1.013006801	9.78E-05	-0.000165484	0.00979307	-0.00760038	-0.0100921	0.00568374	-0.000121847	0.000642571
-1000	-6000	0.5	2.14E-05	-3.46E-05	0.00983154	-0.00782062	-0.0101028	0.00579789	-6.00E-05	0.000246472	1.003464217	4.15E-05	-4.32E-05	0.00981994	-0.00784028	-0.0100673	0.00577398	-8.07E-05	0.000253678
0	-6000	0.5	6.85E-06	2.29E-05	0.00988883	-0.00787865	-0.0101483	0.00580817	2.19E-05	-8.37E-05	1.010508592	-1.37E-05	1.31E-05	0.00983045	-0.00787968	-0.0100654	0.00579159	2.98E-05	-8.25E-05
1000	-6000	0.5	-1.33E-05	4.52E-05	0.00444611	-0.00350901	-0.00709503	0.00387165	5.57E-05	-0.000287386	0.316014145	-7.03E-05	9.07E-05	0.00980275	-0.00775512	-0.0100734	0.00573554	0.000117454	-0.000439742
2000	-6000	0.5	-5.34E-05	0.00025404	0.00988002	-0.00736616	-0.010218	0.00569063	3.30E-05	-0.000828681	1.014887827	-0.000114954	0.000284146	0.00981127	-0.00734921	-0.0101269	0.00563671	8.70E-05	-0.000842758
3000	-6000	0.5	-4.60E-06	0.000519043	0.0101204	-0.00655592	-0.0102813	0.0057206	-8.39E-05	-0.000983407	1.010566305	-8.77E-05	0.000607541	0.0100577	-0.00654772	-0.0102241	0.00569223	-2.94E-05	-0.00100326
4000	-6000	0.5	8.58E-06	0.000325847	0.00678003	-0.00392651	-0.0101356	0.00570576	-3.34E-05	-0.000562241	0.644666811	-0.000114056	0.000621548	0.0102888	-0.00598033	-0.0102682	0.00598463	7.19E-05	-0.00062196
5000	-6000	0.5	-7.59E-05	0.000298302	0.0103586	-0.00582812	-0.012067	0.00692788	9.05E-05	-0.00037082	1.162274788	-0.00015133	0.000398714	0.0103256	-0.00583906	-0.0103534	0.00606205	0.000108471	-0.00032509
6000	-6000	0.5	-9.52E-05	0.000172059	0.0103245	-0.00579284	-0.0120947	0.00690426	0.000188353	-0.000246577	1.15774343	-0.000135276	0.00022726	0.010325	-0.00580962	-0.010403	0.00602108	9.13E-05	-0.000171842
7000	-6000	0.5	-0.000131301	0.000128156	0.0102717	-0.00578634	-0.0104173	0.00592233	0.000137975	-0.000142319	0.994727342	-0.000101373	0.000129042	0.0103157	-0.00580764	-0.0104086	0.00596223	6.35E-05	-9.88E-05
8000	-6000	0.5	1.68E-05	6.36E-05	0.0176279	-0.0100147	-0.0140403	0.00807935	3.43E-05	-9.83E-05	2.319591078	-7.09E-05	7.86E-05	0.0103096	-0.0058133	-0.0103932	0.00592417	4.07E-05	-6.22E-05
9000	-6000	0.5	0.000102699	-7.30E-06	0.0102718	-0.00579683	-0.0103448	0.0058878	-7.57E-05	-1.10E-05	0.993342816	-5.06E-05	5.31E-05	0.0103087	-0.00581906	-0.0103763	0.0059055	2.69E-05	-4.44E-05
-9000	-3000	0.5	-2.86E-05	-2.13E-05	0.00604021	-0.00344776	-0.010391	0.00595278	-1.64E-05	3.35E-05	0.585912783	4.68E-05	-4.94E-05	0.0102901	-0.00578554	-0.0104508	0.00598234	-2.09E-05	3.04E-05
-8000	-3000	0.5	1.01E-05	-6.60E-05	0.0102995	-0.00576288	-0.010446	0.00599875	-2.56E-05	4.63E-05	0.992381954	7.30E-05	-7.85E-05	0.0102866	-0.00576603	-0.0105102	0.00609287	-3.34E-05	4.18E-05
-7000	-3000	0.5	3.54E-05	-0.000100209	0.0103076	-0.00573429	-0.0105179	0.00618944	-4.50E-05	6.77E-05	0.99485623	0.000113639	-0.000138044	0.0102765	-0.00573708	-0.0105494	0.00631391	-4.91E-05	6.15E-05
-6000	-3000	0.5	6.34E-05	-0.000169338	0.0102683	-0.00567814	-0.0132149	0.00818257	-6.14E-05	0.000120093	1.248637696	0.000165349	-0.000249408	0.0102584	-0.00569372	-0.0104929	0.00670194	-6.56E-05	8.72E-05
-5000	-3000	0.5	0.000104183	-0.000303598	0.010171	-0.0056253	-0.0102207	0.00719896	-5.04E-05	0.000111415	0.991627912	0.000219779	-0.000424964	0.0102145	-0.00565891	-0.0101846	0.00733453	-7.85E-05	0.00010989
-4000	-3000	0.5	0.000232786	-0.000771451	0.0169504	-0.0104914	-0.00940066	0.00818122	-5.47E-05	0.000101727	1.722148257	0.000240423	-0.00054482	0.00987052	-0.00608224	-0.00934492	0.00821779	-7.51E-05	8.70E-05
-3000	-3000	0.5	0.000119898	-0.000157252	0.00840586	-0.00819398	-0.00840579	0.00899595	-5.03E-05	3.32E-05	0.990580824	0.000173385	-0.000224193	0.00850316	-0.00823435	-0.00840568	0.0090163	-5.98E-05	3.01E-05
-2000	-3000	0.5	5.77E-05	-1.43E-05	0.00809203	-0.00932373	-0.00817286	0.00945275	-1.84E-05	2.42E-06	0.98950358	6.62E-05	-2.44E-05	0.00819863	-0.009386	-0.00820478	0.00944374	-3.62E-05	6.01E-06
-1000	-3000	0.5	6.62E-05	-9.58E-05	0.0140407	-0.0165034	-0.0109187	0.0130146	-1.11E-05	1.41E-05	2.298146505	1.39E-05	3.85E-06	0.00826721	-0.00960547	-0.00823299	0.00958904	-1.44E-05	-1.20E-06
0	-3000	0.5	-2.81E-06	-3.90E-05	0.0127096	-0.0140003	-0.00808844	0.00951797	-1.89E-05	9.81E-06	1.47031124	-3.78E-06	-1.73E-06	0.0082819	-0.00962243	-0.00824164	0.00960008	3.88E-06	6.89E-07
1000	-3000	0.5	-2.46E-05	-1.90E-05	0.0070581	-0.00680267	-0.00702618	0.00682138	1.37E-05	-8.96E-07	0.60509939	-3.44E-05	4.04E-07	0.00823008	-0.00954533	-0.00821287	0.00953897	2.56E-05	-2.19E-06
2000	-3000	0.5	-6.61E-05	3.35E-05	0.0126541	-0.0132724	-0.00802585	0.00916182	-2.23E-05	3.83E-05	1.475874417	-0.000115932	8.96E-05	0.00822554	-0.00900212	-0.0082442	0.00927776	4.84E-05	-1.44E-05
3000	-3000	0.5	-0.000482587	0.000879226	0.0157636	-0.0121264	-0.0147365	0.0148725	0.000374204	-0.000260228	2.91086588	-0.000216753	0.000424792	0.00920163	-0.00704345	-0.00878108	0.00866275	6.99E-05	-5.11E-05
4000	-3000	0.5	-3.29E-05	0.000347589	0.0101112	-0.00570176	-0.0098817	0.00764158	-1.79E-05	-7.61E-05	0.994410383	-0.000237792	0.000515466	0.0101339	-0.00573093	-0.00984194	0.00775545	7.87E-05	-0.000107572
5000	-3000	0.5	-0.000101423	0.000259949	0.0102764	-0.00566748	-0.0103888	0.00682809	5.28E-05	-0.000101896	0.995756409	-0.000194032	0.000330864	0.0102458	-0.00566521	-0.0103883	0.00698123	7.43E-05	-0.000101564
6000	-3000	0.5	-5.51E-05	0.000126267	0.0103307	-0.00572937	-0.010491	0.00634758	4.28E-05	-7.59E-05	0.99616629	-0.000138094	0.00018575	0.0102724	-0.00571496	-0.0105363	0.00648225	5.77E-05	-7.36E-05
7000	-3000	0.5	-9.96E-06	4.45E-05	0.00679828	-0.00379569	-0.00690809	0.00400085	1.84E-05	-3.66E-05	0.431578232	-9.13E-05	0.000103369	0.0102845	-0.00575144	-0.010541	0.00618766	4.20E-05	-5.07E-05
8000	-3000	0.5	1.78E-06	4.92E-05	0.0102545	-0.00575563	-0.0104025	0.0059694	4.44E-06	-4.05E-05	0.988576052	-5.80E-05	6.17E-05	0.0102919	-0.00577356	-0.0104823	0.00602402	2.63E-05	-3.48E-05
9000	-3000	0.5	4.42E-05	-4.22E-05	0.0193618	-0.0109842	-0.0148208	0.00851542	1.78E-05	-3.09E-05	2.683518449	-3.84E-05	4.10E-05	0.0102929	-0.00579224	-0.0104257	0.00595286	1.67E-05	-2.63E-05
-9000	0	0.5	-1.64E-06	-3.91E-06	0.0102191	-0.00575376	-0.0103912	0.00593772	3.87E-06	2.54E-06	0.984743701	-3.21E-07	4.95E-07	0.010287	-0.00577487	-0.0104833	0.00600575	1.45E-07	5.27E-07
-8000	0	0.5	7.09E-06	1.50E-05	0.0103628	-0.00578565	-0.010435	0.00599546	-6.18E-06	-4.75E-06	0.991545899	-1.75E-07	7.82E-07	0.0102826	-0.00575922	-0.0105682	0.00614073	4.40E-07	3.31E-07
-7000	0	0.5	4.87E-06	5.56E-06	0.00465531	-0.00260475	-0.009958	0.00560118	-7.19E-06	-8.55E-06	0.417020077	5.94E-08	1.08E-06	0.0102769	-0.00574047	-0.0106317	0.00641215	1.07E-06	2.44E-07
-6000	0	0.5	5.63E-06	-7.95E-07	0.0102935	-0.00570994	-0.0105198	0.00665432	-3.39E-06	-7.81E-06	0.988037508	3.30E-07	1.12E-06	0.0102653	-0.00572388	-0.0105896	0.00686028	1.05E-06	-4.07E-07
-5000	0	0.5	3.45E-05	-0.000114691	0.0175914	-0.00989118	-0.0173424	0.0126083	5.63E-06	-5.90E-06	2.890463397	4.56E-07	1.02E-06	0.0102305	-0.0057456	-0.0102929	0.0075395	9.46E-07	3.05E-07
-4000	0	0.5	-3.07E-05	1.23E-05	0.0044844	-0.00282189	-0.00429918	0.00376161	3.08E-05	-1.52E-05	0.204833183	1.60E-07	5.87E-07	0.00990852	-0.00623465	-0.00943728	0.00838117	6.09E-07	2.29E-07
-3000	0	0.5	7.40E-05	-3.33E-05	0.00867274	-0.00837755	-0.00850111	0.00904257	-5.64E-05	3.34E-05	1.008119798	-2.59E-07	-1.21E-07	0.00855596	-0.0083365	-0.0084776	0.00908585	3.39E-07	9.18E-07
-2000	0	0.5	1.04E-05	2.24E-06	0.00377499	-0.00429898	-0.00374225	0.00433372	-3.90E-06	3.08E-07	0.207084602	-8.98E-08	-2.64E-07	0.0082577	-0.00945377	-0.00826787	0.00951113	5.44E-07	7.17E-08
-1000	0	0.5	3.63E-05	1.43E-05	0.00844389	-0.00974198	-0.00817984	0.00967446	-1.41E-05	5.95E-06	1.004457566	-2.95E-07	-5.30E-08	0.00832706	-0.00967105	-0.00830387	0.00966376	2.02E-07	-1.16E-06
0	0	0.5	-1.52E-05	2.09E-05	0.00692036	-0.0078754	-0.00677785	0.00783795	2.20E-05	-2.08E-05	0.666148289	-4.39E-07	7.50E-08	0.00834374	-0.00968659	-0.00831186	0.00967599	4.05E-07	-5.38E-07
1000	0	0.5	-9.80E-06	1.22E-05	0.00685801	-0.00781122	-0.00549591	0.00637499	1.20E-06	-3.28E-07	0.543243323	-1.57E-07	-6.87E-08	0.00829224	-0.00961088	-0.00828044	0.00961297	5.26E-07	-7.64E-08
2000	0	0.5	4.35E-05	-3.21E-05	0.00975575	-0.0108388	-0.00974322	0.0110562	-4.06E-05	2.55E-05	1.398339481	-2.89E-07	-4.78E-09	0.00828508	-0.00908246	-0.00830815	0.00934046	3.06E-07	9.44E-07
3000	0	0.5	-3.72E-05	1.00E-05	0.0109724	-0.00838618	-0.0103477	0.010292	2.82E-05	-2.99E-05	1.38101993	-2.83E-07	2.83E-09	0.00924603	-0.00718585	-0.0088665	0.0087587	7.38E-07	5.95E-07
4000	0	0.5	8.86E-06	-1.67E-05	0.0101654	-0.00582626	-0.00991213	0.00782443	3.80E-06	-2.21E-06	0.991123024	1.93E-07	4.80E-07	0.0101574	-0.00585642	-0.00993965	0.00795752	6.03E-07	8.24E-07
5000	0	0.5	2.32E-05	-3.99E-06	0.0103921	-0.00573415	-0.0104402	0.00700144	-3.53E-06	3.90E-06	0.999824337	5.08E-07	6.39E-07	0.0102542	-0.00572008	-0.0104925	0.00717137	4.35E-07	-2.08E-07
6000	0	0.5	-0.000176496	8.05E-05	0.00733464	-0.00390323	-0.00476337	0.00290738	4.85E-05	-1.34E-05	0.314877861	3.72E-07	9.34E-07	0.0102728	-0.00573067	-0.0106278	0.00660982	1.08E-06	8.36E-08
7000	0	0.5	5.14E-06	-1.98E-05	0.00996827	-0.00519201	-0.00719377	0.00404576	4.69E-06	3.01E-06	0.639247697	2.99E-08	9.28E-07	0.0102818	-0.00574967	-0.0106104	0.00625785	4.33E-07	4.16E-07
8000	0	0.5	0.00017449	-7.22E-05	0.00729121	-0.00391315	-0.00467975	0.00270273	-3.06E-05	1.30E-05	0.312123621	-2.90E-07	6.94E-07	0.0102869	-0.00576764	-0.0105269	0.0060606	-7.89E-09	3.25E-07
9000	0	0.5	-8.86E-05	-9.66E-06	0.0195115	-0.0109931	-0.0148798	0.00858071	6.29E-06	1.83E-05	2.707561084	-4.30E-07	3.13E-07	0.0102913	-0.00578328	-0.01045	0.00597017	-2.49E-07	4.89E-07
-9000	3000	0.5	-8.67E-06	3.38E-05	0.00883816	-0.00399886	-0.00530253	0.00267182	0.000109745	-4.31E-05	0.405206212	-4.68E-05	4.99E-05	0.0102903	-0.00578231	-0.0104515	0.00598182	2.11E-05	-3.02E-05
-8000	3000	0.5	-0.000153985	7.38E-05	0.00887277	-0.00399543	-0.00182878	0.00110009	6.54E-06	-7.99E-06	0.144962365	-7.27E-05	7.90E-05	0.0102852	-0.00576429	-0.0105137	0.00608989	3.37E-05	-4.17E-05
-7000	3000	0.5	-6.74E-05	0.000132223	0.0157142	-0.00821509	-0.0103987	0.0061713	4.02E-05	-6.55E-05	1.482051909	-0.00011323	0.000138169	0.010275	-0.00573535	-0.0105498	0.00631462	5.02E-05	-6.17E-05
-6000	3000	0.5	-6.40E-05	0.000174932	0.0103428	-0.00567313	-0.010446	0.00655586	5.00E-05	-9.24E-05	0.996332623	-0.000165256	0.000249549	0.0102586	-0.00569047	-0.0104901	0.00670239	6.63E-05	-8.80E-05
-5000	3000	0.5	-9.54E-05	0.000298294	0.010168	-0.00560587	-0.0102394	0.00719635	6.10E-05	-0.000114448	0.991697833	-0.00021908	0.000424921	0.010218	-0.00565588	-0.0101843	0.00733168	7.88E-05	-0.000110575
-4000	3000	0.5	-0.000109219	0.000482128	0.0143324	-0.00871528	-0.0174974	0.0153711	0.000130289	-0.000179553	2.707041745	-0.000239603	0.000545278	0.00987525	-0.00607841	-0.00934563	0.00822269	7.72E-05	-8.63E-05
-3000	3000	0.5	-7.07E-05	0.000155047	0.0085478	-0.00852352	-0.0156657	0.0170426	0.000102715	-8.53E-05	1.915702175	-0.000172918	0.000224315	0.00850038	-0.00823009	-0.0084076	0.00901739	6.02E-05	-2.95E-05
-2000	3000	0.5	-8.62E-05	3.26E-06	0.00818813	-0.00970683	-0.0152223	0.0178907	0.000112272	-4.41E-05	1.913872059	-6.64E-05	2.44E-05	0.00819637	-0.00938333	-0.00820391	0.00944464	3.56E-05	-6.55E-06
-1000	3000	0.5	-0.000207963	0.000137868	0.0116722	-0.013964	-0.015299	0.0183106	4.64E-05	3.06E-05	2.712238517	-1.50E-05	-3.83E-06	0.00826254	-0.00960662	-0.00823194	0.00958675	1.45E-05	2.32E-07
0	3000	0.5	1.78E-05	-2.03E-06	0.00820864	-0.00959459	-0.00810357	0.00954646	-7.16E-06	4.87E-06	0.984310333	3.17E-06	1.97E-06	0.00828213	-0.00962224	-0.00824111	0.00960066	-3.66E-06	-6.73E-07
1000	3000	0.5	2.58E-05	3.76E-06	0.00536166	-0.00624101	-0.00816725	0.00922946	-2.07E-05	4.37E-08	0.638738909	3.38E-05	-8.12E-07	0.0082345	-0.00954683	-0.00821546	0.00954287	-2.60E-05	1.85E-06
2000	3000	0.5	0.000151139	-0.000191912	0.0140048	-0.0155072	-0.0109966	0.0124798	-6.85E-05	5.44E-05	2.29576429	0.000116605	-8.99E-05	0.00822832	-0.00900414	-0.00824502	0.00927686	-4.92E-05	1.45E-05
3000	3000	0.5	0.00015579	-0.000356003	0.00914495	-0.00698568	-0.00879135	0.00858912	-9.18E-05	6.85E-05	0.989617641	0.000216865	-0.000424511	0.00920001	-0.00704338	-0.00878127	0.0086626	-6.92E-05	5.21E-05
4000	3000	0.5	0.000133969	-0.000399081	0.0102045	-0.00574529	-0.00652339	0.00514517	-3.88E-05	6.03E-05	0.666995813	0.000237687	-0.000515114	0.0101332	-0.00573021	-0.00984416	0.00775647	-7.90E-05	0.000108323
5000	3000	0.5	6.70E-05	-0.000231712	0.0102723	-0.00566476	-0.0103856	0.00684724	-4.24E-05	0.000102671	0.995931376	0.000193265	-0.000330734	0.010244	-0.00566675	-0.0103887	0.00698404	-7.42E-05	0.000101508
6000	3000	0.5	3.26E-05	-0.000124692	0.0102113	-0.00568394	-0.0105342	0.00635629	-4.11E-05	7.82E-05	0.988772354	0.000138109	-0.000186106	0.0102707	-0.00571647	-0.0105381	0.00648283	-5.72E-05	7.36E-05
7000	3000	0.5	1.83E-05	-0.000221479	0.0175066	-0.00987289	-0.0178013	0.0103315	-4.86E-05	0.000102262	2.872752595	9.15E-05	-0.000103349	0.0102837	-0.00575203	-0.0105388	0.00618842	-4.18E-05	5.11E-05
8000	3000	0.5	-4.19E-06	-5.85E-05	0.010223	-0.00574379	-0.0104222	0.0059662	-2.18E-05	4.22E-05	0.987209165	5.80E-05	-6.15E-05	0.0102902	-0.00577506	-0.010481	0.00602377	-2.67E-05	3.51E-05
9000	3000	0.5	2.52E-06	-3.87E-05	0.0102669	-0.00577582	-0.0103581	0.00591862	-1.24E-05	3.31E-05	0.990770759	3.82E-05	-4.10E-05	0.0102944	-0.00579397	-0.0104272	0.00595459	-1.72E-05	2.67E-05
-9000	6000	0.5	1.13E-05	6.00E-05	0.0102008	-0.00579296	-0.0103762	0.00591215	6.22E-06	-5.77E-05	0.99090373	-5.95E-05	6.39E-05	0.0103062	-0.00581635	-0.0103821	0.00591178	3.31E-05	-5.23E-05
-8000	6000	0.5	-1.31E-06	6.89E-05	0.0102324	-0.00579574	-0.0103764	0.00589224	4.42E-05	-8.22E-05	0.989909533	-8.50E-05	9.95E-05	0.0103113	-0.00581173	-0.0104002	0.00594002	5.14E-05	-7.76E-05
-7000	6000	0.5	-1.26E-05	0.000162978	0.0139596	-0.00801163	-0.0177525	0.0102146	0.000107913	-0.000226	2.318895316	-0.00011878	0.000170301	0.0103167	-0.00580642	-0.0104097	0.0059895	7.75E-05	-0.000129577
-6000	6000	0.5	8.26E-06	0.000227515	0.0104037	-0.0060245	-0.0178375	0.0104252	0.000103147	-0.000402088	1.744650175	-0.000147472	0.000302291	0.010324	-0.00581912	-0.0103849	0.00604656	0.000103168	-0.00023494
-5000	6000	0.5	-6.58E-05	0.000636127	0.0140093	-0.00813303	-0.0140375	0.00832501	0.000106633	-0.000620488	1.862024493	-0.000140777	0.000511446	0.0103177	-0.00588314	-0.0103148	0.0060494	0.000100991	-0.000452346
-4000	6000	0.5	-5.50E-06	0.000600932	0.0101284	-0.00615468	-0.0103397	0.00588896	-1.04E-05	-0.000821872	1.001740129	-8.54E-05	0.000675554	0.0102127	-0.00618939	-0.0102362	0.00585523	1.91E-05	-0.000829878
-3000	6000	0.5	-4.01E-05	0.000407979	0.00990238	-0.00696719	-0.0102961	0.00567221	-3.52E-05	-0.00097199	1.010898013	-0.00011104	0.000443052	0.00989704	-0.00698397	-0.0101784	0.005624	1.87E-05	-0.000991521
-2000	6000	0.5	-6.53E-05	0.000169255	0.00988759	-0.00760776	-0.0102016	0.00571833	8.12E-05	-0.000625798	1.016559917	-9.74E-05	0.000166024	0.00979131	-0.00760122	-0.0100912	0.00568265	0.000122863	-0.000642488
-1000	6000	0.5	-1.85E-05	3.14E-05	0.00702628	-0.00537133	-0.0046204	0.00264116	2.90E-05	-0.000110245	0.322843993	-4.17E-05	4.38E-05	0.00981737	-0.00784257	-0.0100658	0.00577221	8.16E-05	-0.00025358
0	6000	0.5	1.25E-05	-2.52E-06	0.0096813	-0.00722996	-0.00460329	0.00264097	-1.28E-05	3.52E-05	0.438248848	1.30E-05	-1.30E-05	0.00982857	-0.00788136	-0.0100659	0.00579422	-2.85E-05	8.26E-05
1000	6000	0.5	3.91E-05	-4.77E-05	0.00701092	-0.00532282	-0.00462301	0.00263023	-4.56E-05	0.00019231	0.323052429	7.00E-05	-8.98E-05	0.00980206	-0.00775875	-0.0100761	0.00573509	-0.000116582	0.000441121
2000	6000	0.5	0.000157351	-0.000279742	0.0098413	-0.00734288	-0.0101852	0.00567584	-0.000111808	0.000863652	1.007396645	0.00011477	-0.000283649	0.0098113	-0.00734921	-0.0101268	0.00563683	-8.71E-05	0.000842536
3000	6000	0.5	-0.000317018	-0.000804531	0.0171398	-0.0112438	-0.017496	0.00996509	0.000435958	0.00156355	2.943193899	8.79E-05	-0.000608355	0.0100566	-0.00654992	-0.0102241	0.00569226	2.79E-05	0.0010041
4000	6000	0.5	9.22E-05	-0.000568686	0.0102242	-0.00596601	-0.010352	0.00600371	-0.000103005	0.00065892	1.001412491	0.000112694	-0.00062185	0.0102862	-0.00598087	-0.0102715	0.00598486	-7.23E-05	0.000622889
5000	6000	0.5	7.06E-05	-0.000316513	0.0103236	-0.00584108	-0.0103922	0.00601792	-7.97E-05	0.000327457	1.001111998	0.00015081	-0.000398881	0.0103257	-0.00583715	-0.0103551	0.00606056	-0.000109225	0.000325673
6000	6000	0.5	5.04E-05	-0.000167385	0.0102496	-0.00578085	-0.0104323	0.00598448	-7.21E-05	0.000177278	0.994012786	0.000135045	-0.00022762	0.0103223	-0.00581016	-0.0104048	0.00602153	-9.20E-05	0.000172092
7000	6000	0.5	5.20E-05	-0.000225506	0.0175566	-0.00996882	-0.0176751	0.0100665	-6.27E-05	0.000181647	2.892581931	0.000100936	-0.000129627	0.0103157	-0.00580764	-0.0104064	0.00596296	-6.43E-05	9.87E-05
8000	6000	0.5	2.19E-06	-5.59E-05	0.0102461	-0.00578178	-0.0103808	0.00589597	-2.97E-05	7.22E-05	0.992102701	7.06E-05	-7.93E-05	0.0103096	-0.0058133	-0.0103919	0.00592394	-4.12E-05	6.26E-05
9000	6000	0.5	-1.29E-05	-4.49E-05	0.0103893	-0.0058416	-0.010299	0.00586563	-1.51E-05	5.20E-05	0.999623431	5.06E-05	-5.38E-05	0.010306	-0.00581959	-0.0103761	0.00590872	-2.74E-05	4.47E-05
-9000	9000	0.5	-0.000319071	0.000238253	0.0176162	-0.0101035	-0.0176922	0.010134	0.000327595	-0.000214377	2.933710902	-4.00E-05	3.97E-05	0.0103216	-0.00585152	-0.0103393	0.00587356	2.70E-05	-4.53E-05
-8000	9000	0.5	8.25E-05	1.27E-05	0.0102734	-0.00584399	-0.0102855	0.00583717	-5.51E-05	-2.44E-05	0.990454195	-4.77E-05	4.91E-05	0.010328	-0.00585007	-0.0103396	0.00587032	3.41E-05	-5.59E-05
-7000	9000	0.5	2.34E-07	4.67E-05	0.0103476	-0.0058716	-0.010354	0.00583675	2.20E-05	-7.70E-05	1.001087722	-5.76E-05	6.08E-05	0.0103417	-0.00586045	-0.0103368	0.0058636	4.49E-05	-7.14E-05
-6000	9000	0.5	-3.08E-06	6.74E-05	0.0104602	-0.00592608	-0.0103282	0.00583296	3.25E-05	-0.000100867	1.008413045	-6.78E-05	7.42E-05	0.0103585	-0.00588428	-0.0103278	0.00585316	5.83E-05	-9.20E-05
-5000	9000	0.5	1.64E-05	4.25E-06	0.00184113	-0.00109691	-0.00183419	0.001076	-1.03E-05	-1.50E-05	0.032171373	-7.39E-05	8.47E-05	0.0103851	-0.00592496	-0.0103139	0.00583352	7.18E-05	-0.000115839
-4000	9000	0.5	-0.000103816	9.88E-05	0.0104737	-0.00602141	-0.0104218	0.00582332	0.0001397	-0.000187803	1.014892546	-7.24E-05	8.42E-05	0.0104162	-0.00599297	-0.0102978	0.00581176	8.01E-05	-0.000133307
-3000	9000	0.5	-2.62E-05	4.28E-05	0.0104324	-0.00608025	-0.0103435	0.00578813	6.23E-05	-0.000140021	1.003334422	-6.19E-05	6.89E-05	0.0104519	-0.00607535	-0.0102817	0.00579008	7.84E-05	-0.000129031
-2000	9000	0.5	-1.43E-05	2.24E-05	0.010454	-0.00615417	-0.0103414	0.00577662	4.01E-05	-0.000102922	1.003277893	-4.35E-05	4.42E-05	0.0104847	-0.00614936	-0.0102697	0.00577824	6.16E-05	-9.65E-05
-1000	9000	0.5	6.99E-08	8.13E-06	0.0104569	-0.00619654	-0.0103512	0.00578559	9.07E-06	-4.41E-05	1.003331721	-1.99E-05	1.83E-05	0.0105087	-0.00619716	-0.010263	0.00577388	2.95E-05	-4.38E-05
0	9000	0.5	-9.30E-06	-6.34E-06	0.0087056	-0.00520431	-0.0103722	0.0057893	3.76E-06	1.46E-05	0.838173417	6.22E-06	-6.30E-06	0.0105137	-0.00620769	-0.0102598	0.00577367	-1.07E-05	1.56E-05
1000	9000	0.5	1.86E-05	-2.75E-05	0.0105546	-0.00631689	-0.0139636	0.00786285	-3.70E-05	0.00010567	1.374001352	3.18E-05	-3.17E-05	0.0105003	-0.00617658	-0.0102635	0.00577461	-4.77E-05	7.21E-05
2000	9000	0.5	1.79E-05	-4.60E-05	0.00869264	-0.00512604	-0.0103565	0.00579639	-4.91E-05	0.000122198	0.837961224	5.36E-05	-5.80E-05	0.0104692	-0.00611103	-0.0102748	0.00578414	-7.22E-05	0.000115677
3000	9000	0.5	5.43E-05	-6.69E-05	0.0104909	-0.00605705	-0.010342	0.00578233	-7.64E-05	0.00014522	1.008158308	6.85E-05	-7.91E-05	0.0104377	-0.00602993	-0.010289	0.00580005	-8.10E-05	0.00013439
4000	9000	0.5	4.14E-05	-3.69E-05	0.00470475	-0.0027022	-0.00731922	0.0039609	-0.000217472	0.000170565	0.318237687	7.42E-05	-8.70E-05	0.0103994	-0.00595265	-0.0103066	0.00582351	-7.74E-05	0.000125977
5000	9000	0.5	-1.42E-05	-4.20E-05	0.0103732	-0.00587142	-0.0130289	0.00723304	-5.30E-05	0.000145888	1.255256039	7.11E-05	-8.09E-05	0.0103704	-0.00589894	-0.0103212	0.00584544	-6.59E-05	0.00010353
6000	9000	0.5	-7.08E-05	-1.42E-05	0.0103118	-0.0058375	-0.0130379	0.00727165	0.000269988	-9.58E-06	1.251788013	6.22E-05	-6.82E-05	0.010349	-0.00587036	-0.0103315	0.00585894	-5.16E-05	8.08E-05
7000	9000	0.5	-2.92E-05	-1.71E-05	0.0068668	-0.00394357	-0.0103689	0.00588546	7.87E-05	3.21E-05	0.668814091	5.20E-05	-5.55E-05	0.0103331	-0.00585599	-0.0103375	0.00586591	-3.89E-05	6.34E-05
8000	9000	0.5	5.31E-05	-0.000180055	0.0140405	-0.00806907	-0.0140073	0.00797961	-6.69E-05	0.000110607	1.850063734	4.35E-05	-4.50E-05	0.0103239	-0.00585078	-0.0103393	0.00587355	-3.01E-05	5.07E-05
9000	9000	0.5	1.36E-06	-3.39E-05	0.0102398	-0.00582266	-0.0103584	0.00586999	-2.87E-05	5.02E-05	0.994049944	3.72E-05	-3.61E-05	0.0103201	-0.0058498	-0.0103408	0.00587529	-2.49E-05	4.10E-05
-9000	-9000	1	2.34E-05	-7.95E-05	0.0096127	-0.0034389	-0.00965195	0.00348636	-8.70E-06	5.71E-05	0.998269727	3.89E-05	-7.74E-05	0.00963482	-0.00345698	-0.00964302	0.00348381	9.18E-06	6.01E-05
-8000	-9000	1	4.48E-05	-0.000114081	0.00958954	-0.00345013	-0.0096352	0.00348913	-3.81E-05	9.15E-05	0.993122452	4.64E-05	-0.000109847	0.00964521	-0.00347947	-0.0096427	0.00349158	5.01E-06	8.58E-05
-7000	-9000	1	5.81E-05	-0.000179257	0.0113581	-0.00414818	-0.0113646	0.00414746	-6.40E-05	0.000168066	1.389335473	4.86E-05	-0.000148988	0.00965234	-0.00351444	-0.00963766	0.003488	2.69E-06	0.000123417
-6000	-9000	1	5.05E-05	-0.000230671	0.0113562	-0.00422746	-0.0113512	0.00412005	-6.36E-05	0.00023141	1.391556994	4.41E-05	-0.000188181	0.00963679	-0.00356367	-0.00962794	0.00346916	5.84E-06	0.00017258
-5000	-9000	1	3.11E-05	-0.000218775	0.00958935	-0.00364988	-0.00961436	0.00343402	-3.88E-05	0.000258808	0.995663493	3.50E-05	-0.000215378	0.00962576	-0.00365565	-0.00962348	0.003433	1.62E-05	0.000225259
-4000	-9000	1	1.87E-05	-0.000219275	0.00958335	-0.00378973	-0.00960848	0.00337249	-2.86E-05	0.000295533	0.999263496	2.63E-05	-0.000216321	0.00959458	-0.00378061	-0.00960927	0.00337117	2.90E-05	0.000262251
-3000	-9000	1	2.61E-05	-0.000185326	0.00951565	-0.00394555	-0.0096979	0.00333662	-3.02E-05	0.000292382	1.008309415	2.11E-05	-0.000184445	0.00954271	-0.00391625	-0.00960074	0.0033155	3.40E-05	0.000258065
-2000	-9000	1	2.90E-05	-0.000128266	0.00938086	-0.0040538	-0.00961265	0.00328154	-1.06E-05	0.000226268	0.991269799	1.65E-05	-0.00012648	0.00950248	-0.00404545	-0.00959419	0.00327836	2.67E-05	0.000199065
-1000	-9000	1	1.77E-05	-8.56E-05	0.012816	-0.00570838	-0.0163673	0.00560831	4.44E-05	0.000187358	2.320014488	8.19E-06	-5.56E-05	0.00946986	-0.00412374	-0.00959108	0.00325964	1.23E-05	9.46E-05
0	-9000	1	-1.49E-05	3.31E-05	0.0128527	-0.00573702	-0.016324	0.00560231	3.49E-05	-5.13E-05	2.323179388	-2.93E-06	1.88E-05	0.00946401	-0.00414248	-0.00958425	0.00325258	-3.95E-06	-3.12E-05
1000	-9000	1	-1.89E-05	9.15E-05	0.0094689	-0.00410473	-0.00953331	0.00325634	1.68E-05	-0.000161592	0.992291463	-1.29E-05	9.20E-05	0.00948743	-0.00409624	-0.00959704	0.00326961	-2.02E-05	-0.000150086
2000	-9000	1	-3.69E-05	0.000247817	0.0141537	-0.00573175	-0.00923894	0.003169	6.66E-06	-0.000249335	1.423856281	-1.91E-05	0.000157569	0.009521	-0.00398755	-0.00959823	0.00329451	-3.26E-05	-0.000235153
3000	-9000	1	-1.38E-05	8.24E-05	0.00419215	-0.00161156	-0.00739946	0.0022574	2.84E-05	-0.000221127	0.33089899	-2.31E-05	0.000204185	0.00956571	-0.00384676	-0.00961657	0.00334979	-3.40E-05	-0.000267413
4000	-9000	1	-3.31E-05	0.000226895	0.00982343	-0.00376664	-0.00950021	0.00336974	3.02E-05	-0.000279692	1.009284437	-2.96E-05	0.000219677	0.00960858	-0.003712	-0.00961557	0.00340438	-2.33E-05	-0.000248572
5000	-9000	1	-4.83E-05	0.00020805	0.00955401	-0.00358211	-0.00960305	0.0034597	6.61E-05	-0.000236333	0.989314236	-3.91E-05	0.00020415	0.00964007	-0.00361124	-0.00962455	0.00345414	-1.01E-05	-0.000200667
6000	-9000	1	-4.70E-05	0.000305634	0.0139353	-0.00517988	-0.0137931	0.00515456	8.84E-05	-0.000275009	2.082426536	-4.65E-05	0.000169451	0.00964523	-0.0035366	-0.00962413	0.00347686	-2.57E-06	-0.000147328
7000	-9000	1	-6.54E-05	0.000194122	0.0138419	-0.00507329	-0.0180972	0.00661178	4.15E-05	-0.000231203	2.700737927	-4.80E-05	0.000129209	0.00964137	-0.00349073	-0.0096434	0.00349394	-2.54E-06	-0.000102737
8000	-9000	1	-4.09E-05	9.60E-05	0.00945096	-0.00341282	-0.00966721	0.00350581	3.70E-05	-7.87E-05	0.98357058	-4.29E-05	9.26E-05	0.00964004	-0.00346738	-0.00964231	0.00348934	-6.73E-06	-7.10E-05
9000	-9000	1	-4.68E-05	0.000101976	0.0130178	-0.00472522	-0.01648	0.00600646	5.31E-05	-8.00E-05	2.316619353	-3.38E-05	6.46E-05	0.00963486	-0.00345611	-0.00963567	0.0034768	-1.18E-05	-5.01E-05
-9000	-6000	1	3.46E-05	-0.000106979	0.00632404	-0.00224507	-0.00795587	0.00294789	-3.34E-05	7.68E-05	0.537816311	5.51E-05	-0.000158493	0.00965814	-0.00342889	-0.00967091	0.00362851	1.48E-06	8.87E-05
-8000	-6000	1	3.27E-05	-0.0002561	0.00965416	-0.00342032	-0.00962698	0.00369943	-3.70E-05	0.000160387	0.997524992	5.03E-05	-0.00025283	0.00965985	-0.00342813	-0.00964424	0.00370241	5.26E-06	0.000146185
-7000	-6000	1	1.43E-05	-0.000397852	0.00962639	-0.00342351	-0.00958316	0.00377175	-2.89E-05	0.000271081	0.996495397	1.53E-05	-0.000391455	0.00966915	-0.00343659	-0.00957839	0.00375838	2.81E-05	0.000241675
-6000	-6000	1	-7.05E-05	-0.000587829	0.00953988	-0.00341746	-0.00949947	0.00378863	3.89E-05	0.000443087	0.987946107	-7.71E-05	-0.000586393	0.00965999	-0.00345322	-0.00950087	0.00378218	9.79E-05	0.00039753
-5000	-6000	1	-0.000430619	-0.00142527	0.0162841	-0.00601391	-0.0160203	0.00634486	0.00039318	0.00120589	2.888194381	-0.000257147	-0.000828119	0.0095977	-0.00351853	-0.00943712	0.00369534	0.000274752	0.000650507
-4000	-6000	1	-0.000387479	-0.000981863	0.00922574	-0.00379228	-0.00956143	0.00339111	0.00058107	0.0011017	0.99872289	-0.000435233	-0.000972175	0.00929407	-0.00379654	-0.00951677	0.0033757	0.000636183	0.00103048
-3000	-6000	1	-0.000106259	-0.000318701	0.00381097	-0.00204949	-0.00683514	0.00208497	0.000468945	0.000866914	0.318699829	-0.000250854	-0.000705693	0.00846081	-0.00449969	-0.00965748	0.00302873	0.000777422	0.00121399
-2000	-6000	1	-8.27E-05	-0.000350966	0.00792322	-0.00518165	-0.00951679	0.00296928	0.000426932	0.00093341	1.001619393	-4.90E-05	-0.000348717	0.00789876	-0.00513232	-0.00955156	0.00298088	0.000446128	0.000883247
-1000	-6000	1	3.10E-06	-0.000119136	0.00769917	-0.00547939	-0.00935266	0.00299608	0.000147148	0.000404005	0.990548873	3.02E-06	-0.000120029	0.00771465	-0.00544264	-0.00945307	0.0030197	0.000158795	0.000385976
0	-6000	1	2.11E-05	4.62E-05	0.00771335	-0.00555722	-0.00938807	0.00302468	-5.31E-05	-0.000143099	1.000631882	-1.68E-06	3.79E-05	0.00769225	-0.00549926	-0.00943472	0.0030338	-5.10E-05	-0.000128918
1000	-6000	1	1.07E-05	0.00010075	0.00350873	-0.00242881	-0.00657035	0.00201978	-0.000182809	-0.000456984	0.312435868	1.02E-05	0.000219708	0.00777806	-0.00532896	-0.00949533	0.00300064	-0.000288987	-0.000640631
2000	-6000	1	0.000120819	0.000514421	0.00813347	-0.00490355	-0.00957341	0.00295519	-0.000600169	-0.00114519	0.999629379	0.000126867	0.000511291	0.00811521	-0.00486134	-0.0096127	0.0029815	-0.000624327	-0.00108813
3000	-6000	1	0.000391109	0.000892173	0.00890861	-0.00411791	-0.00959885	0.0031276	-0.000772401	-0.00126057	0.996843499	0.000387784	0.000887375	0.00890439	-0.00411045	-0.00963522	0.00316048	-0.00080849	-0.00120044
4000	-6000	1	0.000251717	0.00060564	0.00621739	-0.00236406	-0.00925691	0.00341701	-0.000427452	-0.000845032	0.639863953	0.000366852	0.000934173	0.00949905	-0.00361271	-0.00944499	0.00356771	-0.000431813	-0.000827935
5000	-6000	1	0.000140308	0.00071002	0.00961464	-0.00346126	-0.0109763	0.0043326	-0.000116858	-0.000640761	1.157086243	0.000155811	0.000705014	0.00963791	-0.00347365	-0.00945397	0.00375603	-0.00016715	-0.000508782
6000	-6000	1	-3.62E-05	0.000498386	0.00960232	-0.00341567	-0.0110753	0.00436568	0.000116115	-0.000427349	1.151901199	2.21E-05	0.000481548	0.00966068	-0.0034404	-0.0095454	0.00378169	-5.36E-05	-0.000310739
7000	-6000	1	-0.000136372	0.000340574	0.00956574	-0.00339874	-0.00962697	0.00374393	0.000132135	-0.000232104	0.990823019	-3.75E-05	0.000315874	0.00966027	-0.00343	-0.00961933	0.00373544	-1.27E-05	-0.000187924
8000	-6000	1	-8.88E-05	0.000338849	0.0164438	-0.00586567	-0.0131141	0.00507167	6.08E-05	-0.000168511	2.317536393	-5.51E-05	0.000200829	0.0096586	-0.00342886	-0.00966123	0.00366788	-2.15E-06	-0.000113382
9000	-6000	1	3.64E-05	9.66E-05	0.00956537	-0.00339651	-0.00965698	0.00361292	-4.27E-05	-4.56E-05	0.989837216	-5.15E-05	0.00012452	0.00964939	-0.00342652	-0.00967865	0.00359831	-3.06E-06	-6.88E-05
-9000	-3000	1	4.45E-05	-0.000112719	0.00562565	-0.00200239	-0.00972838	0.00389396	-3.61E-05	5.97E-05	0.585036801	5.12E-05	-0.000142292	0.00966584	-0.00338661	-0.00969891	0.00386982	-4.97E-06	5.46E-05
-8000	-3000	1	5.02E-05	-0.000236883	0.00958424	-0.00333683	-0.00960708	0.00408628	-4.42E-05	9.68E-05	0.990822301	5.03E-05	-0.000233891	0.0096766	-0.00335942	-0.00960836	0.00408005	-6.41E-06	8.70E-05
-7000	-3000	1	3.70E-05	-0.000377301	0.0096013	-0.00329115	-0.00941435	0.00435298	-5.00E-05	0.00014946	0.9916715	2.80E-05	-0.000373677	0.00968447	-0.00331293	-0.00941488	0.00434847	-2.16E-06	0.000130918
-6000	-3000	1	-3.58E-05	-0.000580158	0.00959444	-0.00320611	-0.0114103	0.00587454	-3.57E-05	0.00027008	1.24582469	-3.34E-05	-0.00058001	0.00971147	-0.00324199	-0.00903107	0.00469439	1.04E-05	0.0001828
-5000	-3000	1	-0.000160844	-0.000846646	0.00953512	-0.00310156	-0.00831735	0.00514344	-2.26E-06	0.000249459	0.982079136	-0.000152325	-0.000852642	0.00971113	-0.00316106	-0.00831442	0.00514411	2.30E-05	0.000224843
-4000	-3000	1	-0.000446662	-0.0017414	0.015529	-0.00581705	-0.00709119	0.00577927	-1.69E-05	0.000226263	1.717646429	-0.000252434	-0.00100613	0.00916886	-0.00342268	-0.00706122	0.00561902	2.77E-06	0.000207577
-3000	-3000	1	-4.15E-05	-0.000516204	0.00639805	-0.00503079	-0.00579687	0.00599836	-4.53E-05	0.000139726	0.984825923	-4.39E-05	-0.000527026	0.0065392	-0.00506655	-0.00579134	0.00599182	-3.61E-05	0.000135519
-2000	-3000	1	5.15E-05	-0.000152161	0.00530008	-0.00614843	-0.00528056	0.00629204	-2.37E-05	7.88E-05	0.989733293	5.83E-05	-0.000159096	0.0053847	-0.00619144	-0.00527822	0.0062896	-3.50E-05	8.39E-05
-1000	-3000	1	7.10E-05	-5.72E-05	0.00890392	-0.011196	-0.00685586	0.00881576	-2.14E-05	3.99E-05	2.307732667	3.37E-05	-3.39E-05	0.00522977	-0.00652802	-0.00515078	0.00647795	-1.74E-05	3.50E-05
0	-3000	1	-1.61E-05	3.11E-05	0.00800053	-0.00974032	-0.0050603	0.00644048	-9.71E-06	-7.93E-06	1.483669727	-1.23E-05	8.56E-06	0.00522243	-0.00656974	-0.00513051	0.00651336	5.24E-06	-1.15E-05
1000	-3000	1	-4.32E-05	5.28E-05	0.00446615	-0.00487437	-0.00442113	0.00485777	2.14E-05	-4.03E-05	0.635163198	-5.17E-05	7.66E-05	0.00526252	-0.00641208	-0.00518896	0.0064035	2.71E-05	-5.87E-05
2000	-3000	1	-2.61E-05	0.000310443	0.00858128	-0.00874489	-0.00533902	0.0060458	-2.90E-07	-6.62E-05	1.478181481	-3.31E-05	0.000300674	0.00573163	-0.00576874	-0.00546029	0.00614834	3.92E-05	-0.000109675
3000	-3000	1	0.000125622	0.0015797	0.0134841	-0.0070519	-0.0107096	0.00993924	0.000294292	-0.000392494	2.884801509	0.000175596	0.000823618	0.00795339	-0.00412523	-0.006322	0.0058137	2.26E-05	-0.000169537
4000	-3000	1	0.000284437	0.000931158	0.00945198	-0.00311933	-0.00776818	0.00538871	-6.69E-05	-0.000232769	0.986441406	0.000222167	0.000976249	0.00959942	-0.00318187	-0.00775099	0.00538257	-2.01E-05	-0.00022824
5000	-3000	1	8.77E-05	0.000707438	0.00961281	-0.00315737	-0.00873313	0.00491107	2.35E-05	-0.000231753	0.987250286	8.68E-05	0.000710719	0.00972568	-0.0032026	-0.00873897	0.00491824	-1.85E-05	-0.000207154
6000	-3000	1	-5.43E-06	0.000464886	0.00963096	-0.00326262	-0.0092433	0.00450717	4.18E-05	-0.000175524	0.992509083	-3.11E-06	0.00046656	0.00969564	-0.00328357	-0.00925147	0.00450861	-3.64E-06	-0.000156446
7000	-3000	1	-2.89E-05	0.000192754	0.00632112	-0.00218679	-0.00628371	0.00277608	2.78E-05	-7.88E-05	0.430960156	-4.26E-05	0.000295742	0.00968281	-0.00334298	-0.0095215	0.00420256	4.78E-06	-0.000107665
8000	-3000	1	-5.30E-05	0.000187269	0.00954309	-0.00334027	-0.00966269	0.00398108	2.38E-05	-7.38E-05	0.987391083	-5.24E-05	0.000182526	0.00967023	-0.00337594	-0.00966359	0.00397107	5.18E-06	-6.93E-05
9000	-3000	1	-4.42E-05	0.000252213	0.0180607	-0.00639967	-0.013869	0.00554873	2.01E-05	-6.36E-05	2.681237242	-4.71E-05	0.000109527	0.00965498	-0.00339062	-0.00971931	0.00378966	2.13E-06	-4.28E-05
-9000	0	1	-4.24E-06	-2.12E-06	0.00951319	-0.00334623	-0.0097283	0.00398575	4.79E-06	1.80E-06	0.985381748	1.46E-07	-4.88E-07	0.00966769	-0.00338327	-0.00971857	0.0039867	-6.65E-07	-4.63E-07
-8000	0	1	8.25E-06	-4.34E-06	0.00962937	-0.00335069	-0.00959203	0.00423964	-7.80E-06	-2.81E-06	0.994419192	1.23E-07	-6.43E-07	0.00966897	-0.00335793	-0.00960642	0.00425133	-9.11E-07	8.33E-08
-7000	0	1	4.18E-06	5.42E-07	0.00431931	-0.00149932	-0.00883903	0.00417609	-1.17E-05	-5.30E-06	0.418173625	-7.67E-08	-7.62E-07	0.00967104	-0.00332706	-0.00938573	0.00459683	-1.31E-06	3.15E-07
-6000	0	1	4.23E-06	6.05E-06	0.00955144	-0.00325205	-0.00892889	0.00502368	-9.31E-06	-6.04E-06	0.984013409	2.47E-08	-5.53E-07	0.00967293	-0.00329224	-0.00896437	0.00503403	-1.27E-06	-1.86E-07
-5000	0	1	3.01E-06	6.74E-06	0.0163055	-0.00559491	-0.0139093	0.00951074	-5.48E-06	-8.23E-06	2.884423293	4.01E-07	-7.83E-07	0.00962128	-0.00328565	-0.00820995	0.00554149	-3.01E-07	-2.79E-07
-4000	0	1	-1.68E-05	1.32E-05	0.00401058	-0.00162997	-0.00317698	0.00270861	2.47E-05	-9.99E-06	0.202430224	5.50E-07	-1.04E-06	0.00902522	-0.00363695	-0.0069895	0.00594435	-2.25E-07	7.26E-07
-3000	0	1	4.49E-05	-3.38E-05	0.00648413	-0.00529416	-0.00580853	0.00621499	-4.67E-05	2.14E-05	1.007136045	3.46E-07	-7.68E-07	0.00646575	-0.00526292	-0.0057914	0.0061952	-3.48E-07	8.95E-07
-2000	0	1	4.03E-06	-3.35E-06	0.00243511	-0.00290579	-0.002402	0.00295414	-2.64E-06	7.70E-07	0.207622874	-5.76E-09	-4.61E-07	0.00535849	-0.0063715	-0.00526475	0.00648245	-6.55E-07	1.06E-07
-1000	0	1	1.15E-05	-3.15E-06	0.00528058	-0.00678951	-0.00508118	0.00665673	-7.82E-06	6.32E-06	1.004626275	-1.26E-07	-1.50E-07	0.00521745	-0.00671179	-0.00512833	0.00669569	-1.10E-07	5.84E-07
0	0	1	-1.03E-05	1.80E-05	0.0043096	-0.00554117	-0.00417662	0.00546567	1.47E-05	-1.46E-05	0.668633179	-5.50E-07	1.31E-08	0.00521426	-0.00676304	-0.00510909	0.00673887	3.26E-07	5.62E-07
1000	0	1	-6.90E-06	4.97E-06	0.00430976	-0.00541379	-0.00344018	0.00437711	6.72E-07	-4.52E-07	0.544471921	-6.38E-08	-1.91E-07	0.005247	-0.006601	-0.00517144	0.00660778	1.48E-07	-9.59E-07
2000	0	1	3.08E-05	-3.07E-05	0.00661757	-0.00711544	-0.00641372	0.00749839	-3.10E-05	1.61E-05	1.393035282	1.80E-07	-2.34E-07	0.00568754	-0.00595081	-0.00545513	0.00633661	2.29E-07	-4.85E-07
3000	0	1	-1.61E-05	2.60E-05	0.00926017	-0.00501111	-0.00738619	0.00717447	1.89E-05	-2.29E-05	1.38190927	4.27E-07	-8.54E-07	0.00783893	-0.00434618	-0.00630656	0.0060699	-2.76E-08	6.18E-07
4000	0	1	1.33E-06	-1.24E-06	0.009335	-0.00330044	-0.00764846	0.00576901	2.86E-06	6.10E-08	0.982924794	4.41E-07	-5.70E-07	0.00948578	-0.00336179	-0.00765681	0.00577279	6.71E-09	9.80E-07
5000	0	1	2.06E-06	-3.08E-06	0.009643	-0.00325954	-0.00860594	0.0052915	-2.25E-06	4.95E-06	0.994661677	8.66E-08	-3.46E-07	0.00966495	-0.00328222	-0.00863961	0.00528689	-5.55E-07	-2.87E-07
6000	0	1	-0.000167141	6.00E-05	0.0067859	-0.00225635	-0.00414287	0.00217613	4.53E-05	-6.09E-06	0.314941358	-2.76E-07	-5.26E-07	0.00967565	-0.00331281	-0.0092104	0.00480283	-1.33E-06	6.94E-07
7000	0	1	-9.96E-06	-1.41E-05	0.0092131	-0.0030348	-0.00648924	0.00295683	4.23E-06	4.76E-06	0.644556357	-1.40E-07	-6.58E-07	0.00967315	-0.00334686	-0.00951214	0.00440978	-9.54E-07	5.88E-07
8000	0	1	0.000151095	-5.82E-05	0.00675477	-0.00228844	-0.00435866	0.00185592	-2.73E-05	7.64E-06	0.313881695	-4.18E-08	-4.26E-07	0.00967225	-0.00337357	-0.00966955	0.00410922	-7.13E-07	2.86E-07
9000	0	1	-3.83E-05	-8.79E-06	0.0182162	-0.00640557	-0.013999	0.00566897	-8.26E-07	-1.33E-06	2.716638228	-3.80E-08	-4.34E-07	0.00966556	-0.0033889	-0.00973802	0.0038763	-6.27E-07	-1.50E-07
-9000	3000	1	-5.84E-05	0.000123061	0.00811279	-0.00240975	-0.00489356	0.00179543	0.000107686	-4.34E-05	0.412364627	-5.07E-05	0.00014199	0.00966562	-0.00338711	-0.0096975	0.00387337	4.27E-06	-5.55E-05
-8000	3000	1	-0.000176959	0.000214855	0.00813927	-0.00239415	-0.00167943	0.000738478	9.26E-06	-1.57E-05	0.145659307	-5.00E-05	0.000233267	0.00966875	-0.00335576	-0.009608	0.00408096	5.69E-06	-8.77E-05
-7000	3000	1	-8.41E-05	0.000530913	0.0146106	-0.00475781	-0.00933905	0.00434463	4.50E-05	-0.000145471	1.4921111	-2.78E-05	0.00037291	0.00968471	-0.00331304	-0.00940688	0.00434439	1.79E-06	-0.000131621
-6000	3000	1	3.54E-05	0.00057737	0.00967214	-0.00319623	-0.00901821	0.0047048	3.25E-05	-0.000207898	0.993411348	3.40E-05	0.000579583	0.00971108	-0.00324281	-0.00903673	0.00470222	-1.12E-05	-0.000182721
-5000	3000	1	0.000150088	0.000835816	0.00953853	-0.0030851	-0.00830705	0.00515054	1.27E-05	-0.000253429	0.981336891	0.000153068	0.000852306	0.00971124	-0.00316105	-0.00831475	0.00514327	-2.35E-05	-0.000224941
-4000	3000	1	0.00041416	0.0014936	0.0132115	-0.00481008	-0.0130802	0.0106911	3.38E-05	-0.000422054	2.692837613	0.000253004	0.00100641	0.00916129	-0.00341848	-0.00705923	0.00561659	-4.12E-06	-0.000208528
-3000	3000	1	7.20E-05	0.000504633	0.0064807	-0.00515844	-0.010886	0.0112972	9.62E-05	-0.000269444	1.886351027	4.45E-05	0.000527542	0.00653936	-0.00506625	-0.00578901	0.00598594	3.58E-05	-0.000136698
-2000	3000	1	-5.40E-05	7.98E-05	0.00531888	-0.00629037	-0.0099208	0.011933	9.10E-05	-0.000179897	1.897762642	-5.75E-05	0.000159244	0.00538568	-0.00618984	-0.00527789	0.00628897	3.52E-05	-8.42E-05
-1000	3000	1	-0.000107198	-0.000160481	0.00739862	-0.00943422	-0.00960304	0.0119293	5.15E-05	-9.61E-05	2.65371751	-3.38E-05	3.23E-05	0.00522997	-0.0065261	-0.0051476	0.00647694	1.64E-05	-3.47E-05
0	3000	1	1.77E-05	-8.71E-06	0.00517532	-0.0065565	-0.0050614	0.00644734	-8.06E-06	1.50E-05	0.983647004	1.16E-05	-9.99E-06	0.00522354	-0.00656876	-0.00513249	0.0065148	-6.41E-06	1.19E-05
1000	3000	1	3.57E-05	-4.91E-05	0.00341899	-0.00420331	-0.00517015	0.00626149	-2.57E-05	5.80E-05	0.643458819	5.18E-05	-7.72E-05	0.00526334	-0.00641247	-0.00519073	0.00640218	-2.74E-05	5.97E-05
2000	3000	1	6.23E-05	-0.000512375	0.00972883	-0.00991899	-0.00729324	0.00829807	-5.56E-05	0.000180346	2.294436692	3.35E-05	-0.000300016	0.00573105	-0.00576968	-0.00546096	0.00615156	-3.83E-05	0.000109605
3000	3000	1	-0.000159504	-0.00083275	0.00782237	-0.00405301	-0.00631813	0.00581834	-6.22E-05	0.000192576	0.982535096	-0.00017577	-0.000823129	0.0079542	-0.00412588	-0.00632514	0.00581585	-2.29E-05	0.000170389
4000	3000	1	-0.000211395	-0.000988575	0.00953163	-0.00313981	-0.00512334	0.00364469	-1.37E-05	0.000146548	0.660333619	-0.000221736	-0.000975628	0.00960759	-0.00318466	-0.00775103	0.00538378	1.94E-05	0.000228583
5000	3000	1	-9.64E-05	-0.000713625	0.00962113	-0.00315951	-0.00872629	0.00490389	-7.77E-06	0.000234451	0.988891026	-8.63E-05	-0.00071076	0.00971994	-0.00319405	-0.00873363	0.00491028	1.81E-05	0.000207755
6000	3000	1	-2.25E-06	-0.00047199	0.0095271	-0.0032309	-0.00927746	0.00452085	-3.47E-05	0.000180476	0.984612161	3.24E-06	-0.00046696	0.00970423	-0.00328571	-0.00925075	0.00451044	3.60E-06	0.000156709
7000	3000	1	6.09E-05	-0.000506236	0.0163267	-0.00567739	-0.0162226	0.00721548	-7.00E-05	0.000212959	2.878521766	4.26E-05	-0.00029622	0.00968297	-0.0033419	-0.00952224	0.00420174	-4.94E-06	0.000108091
8000	3000	1	5.14E-05	-0.000182923	0.00951659	-0.0033322	-0.00967364	0.00397371	-4.11E-05	7.90E-05	0.985347607	5.25E-05	-0.00018279	0.00967085	-0.00337453	-0.0096638	0.00397057	-5.99E-06	6.98E-05
9000	3000	1	4.96E-05	-0.00011206	0.00956019	-0.00336614	-0.00972612	0.00379917	-3.09E-05	4.56E-05	0.99052609	4.74E-05	-0.000109665	0.00966361	-0.00339321	-0.00971935	0.00378869	-2.85E-06	4.30E-05
-9000	6000	1	-4.93E-05	0.000154003	0.00950067	-0.00339293	-0.00970406	0.00364237	3.00E-05	-9.17E-05	0.988527882	-5.49E-05	0.000158683	0.00965011	-0.00342491	-0.00967131	0.00362923	-1.56E-06	-8.92E-05
-8000	6000	1	-5.78E-05	0.000247564	0.00952735	-0.00340113	-0.00965356	0.00370412	6.30E-05	-0.00016218	0.987743782	-5.00E-05	0.000253	0.00965948	-0.00342823	-0.00964355	0.00370405	-5.39E-06	-0.000146804
-7000	6000	1	-3.51E-05	0.000500081	0.0130125	-0.00468849	-0.0163682	0.00649599	6.88E-05	-0.000467925	2.308569676	-1.48E-05	0.000391627	0.00966068	-0.00343289	-0.00957823	0.00375878	-2.80E-05	-0.00024237
-6000	6000	1	7.31E-05	0.000594606	0.00967874	-0.00352775	-0.016288	0.00654972	-8.37E-05	-0.000756733	1.725564334	7.71E-05	0.000586254	0.00965992	-0.00345259	-0.00949262	0.0037787	-9.75E-05	-0.000398412
-5000	6000	1	0.000355433	0.00117286	0.0129701	-0.0048354	-0.0127935	0.00510246	-0.00029065	-0.00097549	1.839797116	0.000256467	0.000828392	0.00960436	-0.00352407	-0.00943774	0.00369389	-0.000275674	-0.000651092
-4000	6000	1	0.000416482	0.000974937	0.00915738	-0.00376501	-0.00953636	0.00337934	-0.000572092	-0.00109945	0.987961532	0.000436327	0.000974229	0.00929358	-0.00379705	-0.0095236	0.00338049	-0.000635579	-0.00103003
-3000	6000	1	0.000250906	0.000712025	0.00841601	-0.00450382	-0.00964353	0.00301684	-0.000747133	-0.0012862	0.995954093	0.000250305	0.000703817	0.00845922	-0.00450136	-0.0096496	0.00302335	-0.000777677	-0.00121319
-2000	6000	1	4.84E-05	0.000354681	0.00794813	-0.00519459	-0.00952534	0.00297164	-0.000426131	-0.000940149	1.005510194	4.80E-05	0.000347696	0.00789701	-0.00513292	-0.00955102	0.00298174	-0.000446542	-0.000882031
-1000	6000	1	-5.26E-06	6.90E-05	0.00548217	-0.00381359	-0.00426909	0.00137044	-6.56E-05	-0.000184644	0.319593604	-2.65E-06	0.000119683	0.00771355	-0.00544272	-0.00945278	0.00301956	-0.000159814	-0.000385946
0	6000	1	4.44E-06	-3.67E-05	0.00752447	-0.00519197	-0.00425018	0.00137493	1.94E-05	6.33E-05	0.435806006	2.91E-06	-3.82E-05	0.00769188	-0.00549888	-0.00943399	0.00303545	4.99E-05	0.000128822
1000	6000	1	3.81E-06	-0.000135152	0.00551239	-0.00373814	-0.00428727	0.00136227	0.00011703	0.000308626	0.319027827	-1.06E-05	-0.00021998	0.00777912	-0.00532767	-0.00949544	0.00300063	0.000288432	0.000640837
2000	6000	1	-5.38E-05	-0.000529822	0.0081004	-0.00489925	-0.00953229	0.00296696	0.000530867	0.00118106	0.992653539	-0.0001278	-0.000512434	0.00811624	-0.00485888	-0.00961272	0.00298243	0.000623775	0.00108904
3000	6000	1	-0.000913763	-0.0014439	0.0151377	-0.00702247	-0.0164959	0.00535612	0.00158353	0.00208866	2.908267794	-0.000388718	-0.000887428	0.00891318	-0.00411179	-0.00963482	0.00316224	0.000809022	0.00120043
4000	6000	1	-0.000285021	-0.000950322	0.00937867	-0.0035887	-0.00946164	0.00358112	0.000318514	0.00091806	0.989592064	-0.000366955	-0.000932844	0.00950824	-0.003614	-0.00944469	0.00356849	0.000432963	0.000828379
5000	6000	1	-0.000143639	-0.000710339	0.00957745	-0.0034601	-0.00945696	0.00375088	0.000103313	0.000563154	0.993355407	-0.000156413	-0.000704403	0.0096379	-0.00347304	-0.0094619	0.00376037	0.000167988	0.000509378
6000	6000	1	-5.85E-06	-0.000483412	0.00953912	-0.00340634	-0.00955517	0.00378237	-1.42E-05	0.000348552	0.988526321	-2.23E-05	-0.00048107	0.00966133	-0.00343903	-0.00954515	0.00378229	5.48E-05	0.000311037
7000	6000	1	8.20E-05	-0.000535275	0.0163725	-0.00585051	-0.0163972	0.00643244	-6.79E-05	0.000361549	2.894790641	3.76E-05	-0.000315134	0.00966023	-0.00342936	-0.00961975	0.00373446	1.35E-05	0.000188831
8000	6000	1	6.05E-05	-0.000204824	0.00954823	-0.00339106	-0.00966919	0.00367331	-5.34E-05	0.000127222	0.989452813	5.50E-05	-0.000200202	0.00965911	-0.00342771	-0.00966112	0.00366732	2.51E-06	0.000114444
9000	6000	1	5.13E-05	-0.000129095	0.00967109	-0.00342101	-0.00963431	0.00358986	-3.88E-05	7.16E-05	0.997543089	5.16E-05	-0.000123949	0.00964916	-0.00342628	-0.00967826	0.00359759	3.16E-06	7.00E-05
-9000	9000	1	-0.000359572	0.000186312	0.0164235	-0.00594373	-0.0164249	0.00599952	0.000335462	-0.000183516	2.908558145	-3.89E-05	7.75E-05	0.00963424	-0.00345756	-0.00964272	0.00348527	-8.98E-06	-6.04E-05
-8000	9000	1	1.65E-05	8.98E-05	0.0095769	-0.00346197	-0.0095737	0.00347616	-2.49E-05	-7.13E-05	0.986387458	-4.64E-05	0.000110018	0.00964462	-0.00348006	-0.00964273	0.0034923	-4.35E-06	-8.65E-05
-7000	9000	1	-4.83E-05	0.000152972	0.00963759	-0.0035051	-0.00962678	0.00349233	4.60E-05	-0.000141771	0.997487852	-4.84E-05	0.000149167	0.00965164	-0.00351527	-0.00963727	0.00348889	-1.99E-06	-0.0001246
-6000	9000	1	-4.42E-05	0.000195829	0.0097394	-0.00359472	-0.00960138	0.00346381	4.37E-05	-0.000201416	1.006870996	-4.38E-05	0.000188116	0.00964467	-0.00356794	-0.00962784	0.00346939	-5.47E-06	-0.000174323
-5000	9000	1	9.93E-06	3.44E-05	0.0017051	-0.000671528	-0.00169904	0.000629211	-1.08E-05	-4.09E-05	0.031562659	-3.47E-05	0.000214929	0.00962595	-0.00365603	-0.00962356	0.00343284	-1.66E-05	-0.000227317
-4000	9000	1	-0.000110607	0.000243932	0.00966848	-0.00381484	-0.00966789	0.00338902	9.42E-05	-0.000332403	1.012749566	-2.61E-05	0.000215846	0.00959546	-0.00378027	-0.00961634	0.00337658	-3.02E-05	-0.0002642
-3000	9000	1	-3.18E-05	0.000189777	0.00956231	-0.00394973	-0.00960062	0.00331382	1.12E-05	-0.000295474	1.002032276	-2.11E-05	0.000183994	0.00954378	-0.00391553	-0.00960744	0.00332098	-3.54E-05	-0.000259015
-2000	9000	1	-1.66E-05	0.000127918	0.00951185	-0.00408653	-0.00959273	0.00327997	-3.16E-06	-0.000222879	1.003138817	-1.65E-05	0.000126284	0.00949504	-0.00404105	-0.00959472	0.00327715	-2.76E-05	-0.000198917
-1000	9000	1	3.05E-08	5.48E-05	0.00947765	-0.0041716	-0.00958301	0.00325418	-9.73E-06	-0.000100058	1.000821866	-8.35E-06	5.58E-05	0.00947632	-0.00412932	-0.00959158	0.0032585	-1.24E-05	-9.37E-05
0	9000	1	-5.92E-06	-1.16E-05	0.00788305	-0.0035068	-0.00960057	0.0032587	9.78E-06	3.57E-05	0.836678901	2.72E-06	-1.85E-05	0.00946408	-0.00414037	-0.00958403	0.00325234	4.46E-06	3.28E-05
1000	9000	1	9.78E-06	-9.69E-05	0.00959753	-0.00421562	-0.0129479	0.00442617	9.60E-06	0.000232769	1.369238537	1.28E-05	-9.18E-05	0.0094867	-0.00409416	-0.00959738	0.00326885	2.04E-05	0.000151762
2000	9000	1	1.98E-05	-0.000139092	0.00794386	-0.00335277	-0.0095967	0.00329921	6.46E-08	0.000267227	0.835444851	1.90E-05	-0.000157634	0.00952054	-0.00398495	-0.00959839	0.00329415	3.23E-05	0.000236468
3000	9000	1	6.24E-05	-0.000217325	0.00965682	-0.00388522	-0.00958115	0.00333988	-3.15E-05	0.000305169	1.006045067	2.32E-05	-0.000204335	0.00956458	-0.00384504	-0.00961609	0.00335011	3.35E-05	0.000267882
4000	9000	1	4.69E-05	-0.00010691	0.00435122	-0.00168763	-0.00675865	0.00233449	-0.000181038	0.000257777	0.317480185	3.01E-05	-0.000219642	0.00960788	-0.00371033	-0.00961518	0.00340447	2.31E-05	0.000248603
5000	9000	1	2.15E-05	-0.000201163	0.00963748	-0.00358924	-0.0120772	0.00429225	-5.08E-05	0.000298726	1.252262859	3.97E-05	-0.000203683	0.00964022	-0.00360933	-0.00962478	0.00345357	1.04E-05	0.000200828
6000	9000	1	-2.11E-05	-0.000152598	0.00960631	-0.00351009	-0.0121109	0.0043353	0.000220497	0.000146135	1.251669057	4.69E-05	-0.000168623	0.0096455	-0.00353524	-0.00962445	0.00347612	3.50E-06	0.000148053
7000	9000	1	1.30E-05	-8.78E-05	0.0064056	-0.00234332	-0.00965967	0.00350412	4.47E-05	9.61E-05	0.666429955	4.81E-05	-0.000128304	0.00964196	-0.00348943	-0.00964382	0.00349296	3.46E-06	0.000103819
8000	9000	1	0.000125787	-0.000150865	0.0130962	-0.00474795	-0.0131044	0.00480416	-9.66E-05	0.000120377	1.850643738	4.30E-05	-9.18E-05	0.00964037	-0.00346665	-0.00964218	0.00348885	7.34E-06	7.24E-05
9000	9000	1	4.45E-05	-6.80E-05	0.00953356	-0.00342084	-0.00965124	0.00348689	-4.39E-05	5.27E-05	0.991287323	3.38E-05	-6.38E-05	0.00963456	-0.00345604	-0.00963571	0.00347591	1.17E-05	5.16E-05
-9000	-9000	2	7.19E-05	-8.63E-05	0.00912058	-0.00240089	-0.00918177	0.00242862	3.35E-05	0.000190113	1.005810887	-2.97E-06	-0.00026323	0.00914206	-0.00238907	-0.00909524	0.00247237	-8.59E-05	7.99E-05
-8000	-9000	2	7.83E-05	-0.000140349	0.00907026	-0.0024286	-0.00915525	0.00245107	5.22E-05	0.000240092	1.000923283	-3.56E-05	-0.00031688	0.00914118	-0.002429	-0.00907439	0.00245202	-8.23E-05	0.000140837
-7000	-9000	2	7.81E-05	-0.00023357	0.0106893	-0.00293626	-0.0107728	0.00291183	0.000115149	0.00035026	1.394733213	-7.72E-05	-0.000366786	0.00912559	-0.00248967	-0.00905985	0.00241061	-5.87E-05	0.000215321
-6000	-9000	2	3.86E-05	-0.00030579	0.0106114	-0.00302374	-0.0107385	0.0028706	0.000178678	0.00040253	1.386464449	-0.000121372	-0.000403436	0.00908711	-0.00257684	-0.00906485	0.00234321	-1.21E-05	0.000295143
-5000	-9000	2	-5.00E-06	-0.000288121	0.00887346	-0.00263441	-0.00908433	0.00237969	0.00021713	0.000382544	0.987147059	-0.000155961	-0.000414673	0.00900541	-0.00269246	-0.00908957	0.00225308	5.11E-05	0.000364539
-4000	-9000	2	-3.25E-05	-0.000288464	0.00876816	-0.00275846	-0.00909325	0.00230202	0.000251731	0.000394231	0.985341946	-0.00016562	-0.000388723	0.00888743	-0.00283621	-0.00912596	0.00214943	0.000110658	0.000400384
-3000	-9000	2	-2.39E-05	-0.000246841	0.00858506	-0.0028865	-0.00918351	0.00223786	0.000246708	0.000369016	0.985440815	-0.000143083	-0.000321242	0.00874468	-0.00299238	-0.00917001	0.00205159	0.000137841	0.000378507
-2000	-9000	2	-5.70E-06	-0.000170927	0.00837448	-0.0029869	-0.00912728	0.0021661	0.00019847	0.000272482	0.967198415	-9.70E-05	-0.000219466	0.00860886	-0.00313164	-0.00920213	0.00197731	0.000116923	0.000286299
-1000	-9000	2	-2.47E-05	-0.000123645	0.0113612	-0.00421003	-0.0155797	0.00360869	0.00022143	0.00018741	2.259176761	-4.21E-05	-9.77E-05	0.00852391	-0.00322157	-0.00921102	0.00193513	5.72E-05	0.000134637
0	-9000	2	-2.82E-05	2.39E-05	0.0113794	-0.00422603	-0.015532	0.00359013	-1.71E-05	-4.43E-05	2.258603927	1.42E-05	3.17E-05	0.00850463	-0.0032405	-0.00921441	0.00192715	-1.98E-05	-4.60E-05
1000	-9000	2	3.96E-06	0.000123643	0.00842377	-0.00303473	-0.00905485	0.00214265	-0.000140162	-0.000197241	0.968696945	7.00E-05	0.000158761	0.00856251	-0.00318572	-0.00920844	0.00195211	-9.12E-05	-0.000217077
2000	-9000	2	2.71E-05	0.000328229	0.0127252	-0.00425773	-0.00876289	0.00209944	-0.000228256	-0.000299406	1.397479317	0.000121429	0.000272633	0.00867077	-0.00306699	-0.00918817	0.00200964	-0.000133904	-0.000342105
3000	-9000	2	9.01E-06	0.000111161	0.00379336	-0.00119847	-0.00698954	0.00157875	-0.000184304	-0.000299266	0.326734087	0.000157029	0.000359252	0.00881809	-0.00291524	-0.00915188	0.00209824	-0.000130579	-0.000399034
4000	-9000	2	1.99E-05	0.000307415	0.00904394	-0.00273728	-0.0089709	0.00231302	-0.000240034	-0.00038914	0.997229606	0.000163349	0.000406324	0.0089526	-0.00276191	-0.00910365	0.0022011	-8.36E-05	-0.000389013
5000	-9000	2	-1.51E-05	0.000275863	0.00888908	-0.00257607	-0.00907005	0.00241648	-0.000168041	-0.000369908	0.984578259	0.000139644	0.000412102	0.00905019	-0.00263089	-0.00907113	0.00229997	-1.83E-05	-0.000332854
6000	-9000	2	-2.15E-05	0.000376108	0.013076	-0.00367961	-0.0131528	0.00358762	-0.000176048	-0.000477549	2.089931147	9.88E-05	0.000386301	0.00911614	-0.00253078	-0.00905852	0.00237869	3.88E-05	-0.000255702
7000	-9000	2	-1.98E-05	0.000283973	0.0130544	-0.00357198	-0.0171704	0.00460104	-0.000204715	-0.000512771	2.708792161	5.50E-05	0.000342119	0.00913932	-0.00245634	-0.00906506	0.00243361	7.45E-05	-0.000176585
8000	-9000	2	-6.84E-05	0.000127237	0.00894865	-0.00238669	-0.00919499	0.00246378	-3.08E-05	-0.000216598	0.990023136	1.74E-05	0.000289426	0.00915149	-0.00240763	-0.00908283	0.00246354	8.73E-05	-0.000107738
9000	-9000	2	-9.37E-05	0.000116548	0.0123683	-0.00327804	-0.0156568	0.00415184	3.95E-06	-0.000295029	2.325445019	-9.95E-06	0.00023645	0.00914102	-0.0023746	-0.00910719	0.00247544	8.23E-05	-5.44E-05
-9000	-6000	2	3.65E-05	-0.000150358	0.00600046	-0.00152347	-0.00751876	0.00216504	4.45E-05	0.000195953	0.550173212	-9.18E-05	-0.000386236	0.00910851	-0.00235324	-0.00895926	0.0027053	-7.32E-05	0.000148746
-8000	-6000	2	-1.09E-05	-0.000355224	0.0091563	-0.00231639	-0.00904084	0.00273378	0.000132759	0.000310214	1.02285611	-0.000185493	-0.000502152	0.00910742	-0.00235892	-0.00886259	0.00271514	-3.36E-05	0.000247564
-7000	-6000	2	-0.000105833	-0.00051155	0.00911729	-0.00230932	-0.00890962	0.00278293	0.000232786	0.00040853	1.017485421	-0.000333803	-0.000645016	0.00909631	-0.00236685	-0.00877206	0.00269105	6.06E-05	0.000375859
-6000	-6000	2	-0.000293843	-0.000692896	0.00903574	-0.0023073	-0.0087818	0.00275368	0.000414428	0.000536905	1.006220446	-0.000562742	-0.000814953	0.0090709	-0.00238301	-0.00870428	0.00260893	0.00024467	0.000538402
-5000	-6000	2	-0.000990333	-0.00150964	0.0153652	-0.00406073	-0.0148935	0.00442137	0.0012889	0.00121121	2.922479974	-0.000885479	-0.000991422	0.00897281	-0.0024328	-0.00874719	0.00242079	0.000584991	0.000749999
-4000	-6000	2	-0.000812754	-0.000977209	0.00854354	-0.00255964	-0.00900223	0.00225256	0.0013126	0.000963776	0.995069131	-0.00112579	-0.0010548	0.00854132	-0.00262125	-0.00907359	0.00206082	0.00115626	0.00102243
-3000	-6000	2	-0.000255019	-0.000328176	0.00334644	-0.00137152	-0.00653621	0.0013306	0.00103598	0.000728159	0.311953422	-0.000771691	-0.00078953	0.00741084	-0.00310467	-0.00946647	0.0016936	0.00142212	0.00114248
-2000	-6000	2	-0.000268811	-0.000416718	0.00654909	-0.00348905	-0.0091627	0.0017782	0.00106474	0.00079307	0.971292156	-0.000335522	-0.000445861	0.00653413	-0.00358011	-0.00943702	0.00156717	0.000962121	0.000865612
-1000	-6000	2	-6.87E-05	-0.000158759	0.00613269	-0.00372404	-0.00900547	0.0017645	0.000437377	0.000356093	0.956091081	-0.00010581	-0.000174171	0.00617262	-0.00384075	-0.00934512	0.00154288	0.00040014	0.000394712
0	-6000	2	4.55E-05	5.67E-05	0.00609854	-0.00378302	-0.00901053	0.00177379	-0.000154364	-0.000119766	0.963450664	3.23E-05	5.56E-05	0.00610741	-0.0038894	-0.00932063	0.00154266	-0.00013129	-0.000132228
1000	-6000	2	6.42E-05	0.000127335	0.00283366	-0.00164408	-0.00631153	0.00120648	-0.000502004	-0.000398195	0.302173066	0.000200107	0.000299726	0.0062993	-0.00373989	-0.00938056	0.00154805	-0.000676864	-0.000641866
2000	-6000	2	0.000380137	0.000574119	0.00691145	-0.00329299	-0.00922421	0.001804	-0.00135254	-0.000958738	0.975562963	0.000525256	0.000608944	0.00689519	-0.00337026	-0.00947235	0.00160804	-0.0012305	-0.00104065
3000	-6000	2	0.000797603	0.000904955	0.00808182	-0.00277354	-0.00914983	0.00203785	-0.00157783	-0.00105564	0.988359442	0.00101955	0.000959202	0.00802338	-0.00283767	-0.00933779	0.00184039	-0.00142266	-0.00113589
4000	-6000	2	0.000514929	0.000625368	0.00583144	-0.00159969	-0.00863564	0.00236064	-0.00103582	-0.000802754	0.643768542	0.0010467	0.001053	0.00882941	-0.00249934	-0.00886264	0.00226381	-0.000844365	-0.000881712
5000	-6000	2	0.000421698	0.000795039	0.0090866	-0.00233543	-0.0101629	0.00308348	-0.000638332	-0.000713514	1.174061702	0.000714847	0.00090635	0.00903707	-0.00240118	-0.00870427	0.00253337	-0.00039065	-0.000637095
6000	-6000	2	0.000131504	0.000610588	0.00909872	-0.00230837	-0.0102801	0.00321937	-0.000256466	-0.000558952	1.178592711	0.000436407	0.000727248	0.00908756	-0.00237357	-0.00873246	0.00265931	-0.000138585	-0.000451816
7000	-6000	2	-5.09E-05	0.000442136	0.00907476	-0.00230222	-0.00897627	0.00277443	-8.13E-05	-0.000371234	1.013596792	0.00025089	0.000570244	0.00910154	-0.00236305	-0.00881793	0.00270828	-4.90E-06	-0.000308436
8000	-6000	2	-8.32E-05	0.000465716	0.0156263	-0.00398244	-0.01237	0.00367082	-0.000114894	-0.000364704	2.374037968	0.00013245	0.00044079	0.00910988	-0.00235658	-0.00890982	0.00271154	5.89E-05	-0.000194942
9000	-6000	2	1.56E-05	0.00015187	0.00908336	-0.00230291	-0.00915807	0.00265084	-0.000106434	-0.000190496	1.010832243	5.82E-05	0.00033728	0.00911157	-0.00235202	-0.00899959	0.00269018	7.98E-05	-0.000109857
-9000	-3000	2	2.22E-05	-0.000137618	0.0053577	-0.00130006	-0.00907184	0.002995	3.08E-05	0.000157845	0.608564211	-9.66E-05	-0.000315127	0.0090707	-0.00230148	-0.00873765	0.00303231	-5.37E-05	0.00010213
-8000	-3000	2	-1.75E-05	-0.000339387	0.00915005	-0.00214966	-0.00880474	0.00319129	6.73E-05	0.000198209	1.038520787	-0.000183374	-0.000428181	0.00907409	-0.00225952	-0.0084982	0.00315156	-3.39E-05	0.000161848
-7000	-3000	2	-0.000111948	-0.000507697	0.00921271	-0.00208354	-0.00842207	0.00340486	0.000105705	0.000247589	1.042634508	-0.000323605	-0.000581008	0.00909897	-0.002195	-0.00815381	0.00328477	7.29E-06	0.000226919
-6000	-3000	2	-0.000298497	-0.000720504	0.00927085	-0.00199163	-0.00989584	0.00450563	0.000223975	0.000386555	1.312299347	-0.000544478	-0.000782478	0.00915034	-0.00210292	-0.00762784	0.00343519	6.77E-05	0.000289848
-5000	-3000	2	-0.000605961	-0.000961141	0.00929986	-0.00189366	-0.00689377	0.0037567	0.000223538	0.000330888	1.02944527	-0.000855185	-0.0010184	0.00920529	-0.00199856	-0.00679037	0.00358523	0.00012305	0.000333249
-4000	-3000	2	-0.00141931	-0.00189676	0.0150248	-0.00348887	-0.00562471	0.00388386	0.000194865	0.000314458	1.797692919	-0.00104895	-0.00111352	0.00860993	-0.00209915	-0.00549128	0.00368812	0.000117389	0.000307323
-3000	-3000	2	-0.000382667	-0.000604901	0.00542752	-0.00298752	-0.00426124	0.00380863	9.96E-05	0.00023555	1.005453527	-0.000497847	-0.000637329	0.00544844	-0.00306346	-0.00423717	0.00371151	6.34E-05	0.000227878
-2000	-3000	2	-0.000103803	-0.000238293	0.00375817	-0.00372588	-0.00358575	0.00383607	6.39E-05	0.000150083	0.986408871	-0.000115438	-0.000270462	0.00378537	-0.00381265	-0.00365249	0.00376334	3.22E-05	0.000153693
-1000	-3000	2	1.10E-05	-0.000102257	0.00584617	-0.00693116	-0.00451723	0.00526635	2.06E-05	8.41E-05	2.303338387	-1.48E-05	-9.11E-05	0.00341347	-0.00408899	-0.0034227	0.0038181	1.13E-05	6.88E-05
0	-3000	2	4.02E-05	7.12E-05	0.00516812	-0.00608842	-0.00327955	0.0038459	-1.72E-05	-1.39E-05	1.479814982	3.10E-06	2.92E-05	0.003373	-0.00413278	-0.00338069	0.00383647	-4.25E-06	-2.31E-05
1000	-3000	2	2.56E-05	0.000125734	0.00294918	-0.00308331	-0.00287549	0.0030041	-2.77E-05	-8.84E-05	0.645258381	4.59E-05	0.000168419	0.00352547	-0.0039907	-0.00350725	0.00379046	-2.15E-05	-0.000112424
2000	-3000	2	0.00029357	0.000493389	0.00640074	-0.005308	-0.00377826	0.00372556	-0.000103803	-0.000171777	1.466018668	0.000253274	0.00042023	0.00434185	-0.00351286	-0.00388496	0.00373376	-4.68E-05	-0.000190108
3000	-3000	2	0.00100875	0.00166858	0.0125177	-0.00419723	-0.00810641	0.00638942	-1.83E-05	-0.0005218	2.963109478	0.000837386	0.000921873	0.00718987	-0.00250006	-0.00476431	0.00370746	-8.78E-05	-0.000268879
4000	-3000	2	0.000762304	0.00104457	0.0092345	-0.0018856	-0.00628251	0.00378273	-0.00028842	-0.000316715	1.030334214	0.00100419	0.00111089	0.00910993	-0.00198398	-0.00619455	0.00364682	-0.000129917	-0.000331812
5000	-3000	2	0.000435815	0.00084717	0.00933887	-0.0019466	-0.00744264	0.00369366	-0.000196861	-0.000320801	1.043326848	0.000691006	0.000899051	0.00918863	-0.00204883	-0.0072611	0.00351166	-9.89E-05	-0.00031639
6000	-3000	2	0.000200895	0.000605226	0.00927576	-0.00204911	-0.00815212	0.00351339	-0.00013763	-0.000272565	1.045760286	0.000422746	0.000675257	0.00912042	-0.00215186	-0.00791986	0.00335814	-3.65E-05	-0.000259348
7000	-3000	2	3.92E-05	0.000271424	0.00605038	-0.00139714	-0.00568748	0.00217934	-5.90E-05	-0.000145471	0.452281676	0.000245698	0.000499928	0.00908238	-0.00223023	-0.00834193	0.00321577	1.57E-05	-0.000194849
8000	-3000	2	-8.06E-06	0.000276905	0.00909758	-0.00216645	-0.00894519	0.00308485	-6.18E-05	-0.000174519	1.031856599	0.00013486	0.000368132	0.00907423	-0.00228414	-0.00862828	0.00309045	4.59E-05	-0.000131391
9000	-3000	2	4.48E-05	0.000440848	0.0171927	-0.00420727	-0.013196	0.00416593	-6.75E-05	-0.000192681	2.809035651	6.69E-05	0.000270568	0.00907512	-0.00231651	-0.00882364	0.00297397	5.67E-05	-7.75E-05
-9000	0	2	-1.97E-06	-6.98E-06	0.00905252	-0.00214889	-0.00902802	0.00315098	5.43E-06	-2.06E-08	1.035705422	5.12E-07	-1.18E-07	0.00904348	-0.00229738	-0.008636	0.00318923	-2.85E-07	-3.03E-07
-8000	0	2	9.32E-06	-3.93E-06	0.00919688	-0.00211083	-0.00869441	0.00339913	-7.98E-06	-1.50E-06	1.052679254	-3.26E-08	-2.86E-07	0.00902831	-0.00225132	-0.00833967	0.00336554	-6.15E-07	1.28E-07
-7000	0	2	3.53E-06	2.91E-07	0.00414349	-0.00092126	-0.0077636	0.00341423	-1.25E-05	-4.21E-06	0.446302858	-3.02E-07	-5.73E-07	0.00902446	-0.00218855	-0.00791947	0.00356869	-3.15E-07	1.94E-07
-6000	0	2	-1.05E-05	-3.96E-06	0.00922226	-0.00195721	-0.00751184	0.00396032	-1.04E-05	-3.94E-06	1.050316974	-3.06E-07	-4.91E-07	0.0090237	-0.00211618	-0.00729524	0.00379628	7.82E-07	-2.35E-07
-5000	0	2	3.31E-05	1.92E-05	0.0158082	-0.00328995	-0.0111437	0.00710131	-9.45E-06	-3.18E-06	3.078380333	-1.77E-07	-8.66E-08	0.00897803	-0.00206393	-0.00637834	0.00399059	1.41E-06	3.54E-07
-4000	0	2	-8.35E-06	1.55E-05	0.00382186	-0.000948012	-0.00238494	0.00189953	2.31E-05	-6.17E-06	0.213838592	-5.53E-07	2.02E-07	0.00827482	-0.00223336	-0.00515267	0.00404441	9.76E-07	9.66E-07
-3000	0	2	2.61E-05	-1.35E-05	0.00534999	-0.00314574	-0.00407228	0.00405164	-4.10E-05	1.15E-05	1.033731158	-5.16E-07	-1.21E-07	0.00518449	-0.00320004	-0.00404328	0.00396164	1.44E-07	8.11E-07
-2000	0	2	6.97E-06	-1.46E-06	0.00163528	-0.00178625	-0.00154419	0.00183898	-2.62E-06	7.77E-07	0.207182017	-3.01E-07	-1.49E-07	0.0035648	-0.00395935	-0.00345937	0.00397369	7.80E-08	1.99E-07
-1000	0	2	1.63E-05	-5.74E-06	0.0032378	-0.00426614	-0.0031065	0.00405995	-8.69E-06	4.84E-06	1.001606013	-6.14E-08	-1.95E-07	0.00319002	-0.00424958	-0.00320452	0.0040242	-1.12E-06	1.67E-07
0	0	2	-7.27E-06	2.05E-05	0.00260167	-0.00350241	-0.00253293	0.00333023	7.85E-06	-1.06E-05	0.668165627	-1.70E-07	-3.28E-07	0.00314618	-0.00429483	-0.00315873	0.00404428	-1.46E-06	1.75E-07
1000	0	2	-7.51E-06	9.73E-06	0.00271078	-0.00338025	-0.00214295	0.00269463	6.80E-07	-3.68E-07	0.542693663	-1.34E-07	-2.29E-07	0.00330496	-0.00414474	-0.00330126	0.00399874	1.95E-08	-3.64E-08
2000	0	2	2.18E-05	-8.94E-06	0.00483596	-0.00429761	-0.00434394	0.0046808	-2.52E-05	1.01E-05	1.384768067	-4.37E-07	-3.31E-07	0.00411593	-0.00365439	-0.00370321	0.00395811	4.18E-07	2.70E-07
3000	0	2	-1.97E-05	1.38E-05	0.00847564	-0.00293476	-0.00536944	0.00483174	1.23E-05	-1.39E-05	1.458038665	-9.35E-08	4.60E-07	0.00686721	-0.00264329	-0.00452219	0.00400207	1.32E-06	9.76E-07
4000	0	2	-1.29E-05	2.62E-06	0.00902992	-0.00192912	-0.00592082	0.00419494	2.86E-06	-4.45E-07	1.046647015	6.37E-07	1.19E-06	0.00881473	-0.002087	-0.00579513	0.0040446	1.42E-06	7.95E-07
5000	0	2	-1.71E-06	2.33E-06	0.00932667	-0.00193822	-0.00708522	0.00408005	-6.05E-09	1.84E-06	1.064151249	4.33E-07	1.13E-06	0.00901608	-0.00208365	-0.00687905	0.00390303	1.43E-06	-2.12E-08
6000	0	2	-0.000140115	5.52E-05	0.00651163	-0.00138343	-0.00357077	0.00173774	4.52E-05	-3.82E-06	0.336321985	9.10E-08	7.70E-07	0.00902215	-0.00215275	-0.00763151	0.00367937	2.66E-07	1.39E-08
7000	0	2	-7.13E-06	3.87E-07	0.00879765	-0.0019048	-0.00579162	0.00239643	9.11E-06	7.64E-06	0.685677411	2.54E-09	5.61E-07	0.00902252	-0.00222156	-0.00815058	0.00346187	-3.86E-07	2.84E-07
8000	0	2	0.00013305	-4.96E-05	0.00643048	-0.00145836	-0.00399495	0.00148271	-2.55E-05	5.09E-06	0.331040113	2.43E-07	5.97E-07	0.00903384	-0.00227687	-0.00850094	0.00327317	-3.31E-07	7.70E-08
9000	0	2	4.80E-05	2.30E-06	0.0173357	-0.00417085	-0.0131165	0.00436344	-5.44E-06	5.26E-06	2.841629989	4.89E-07	6.05E-07	0.0090487	-0.002314	-0.00875033	0.00311037	3.19E-08	-1.85E-07
-9000	3000	2	-3.20E-05	0.000195799	0.00769123	-0.00161901	-0.00455068	0.00142743	7.45E-05	-8.07E-05	0.433182797	9.70E-05	0.000315155	0.00907066	-0.00230196	-0.00873363	0.00303176	5.35E-05	-0.000102994
-8000	3000	2	-0.000107335	0.000311621	0.00774589	-0.00158948	-0.0015402	0.000568847	-8.78E-06	-3.32E-05	0.153214272	0.000183712	0.000428329	0.00907407	-0.00225956	-0.00849425	0.00315249	3.33E-05	-0.000162666
-7000	3000	2	0.000135216	0.000739546	0.0139958	-0.00305154	-0.00836933	0.0033803	-0.00010929	-0.000243548	1.570899043	0.000324049	0.000581068	0.00909894	-0.00219502	-0.00815391	0.00328588	-7.95E-06	-0.000227632
-6000	3000	2	0.000306671	0.000732402	0.00935823	-0.00199132	-0.00781696	0.00359878	-0.000169072	-0.000297687	1.047885927	0.000544608	0.000782286	0.00915037	-0.00210277	-0.00762778	0.00343537	-6.83E-05	-0.000290027
-5000	3000	2	0.000583477	0.000984663	0.00931403	-0.00188303	-0.00690308	0.00375298	-0.000217905	-0.00033363	1.031836801	0.00085486	0.00101821	0.00920527	-0.00199856	-0.00679028	0.00358328	-0.000123241	-0.000332384
-4000	3000	2	0.00118086	0.00170072	0.0128518	-0.00287226	-0.0103736	0.00704478	-0.000369513	-0.000567017	2.817841555	0.00104781	0.00111288	0.00861003	-0.00209704	-0.00548746	0.00368664	-0.000117634	-0.00030781
-3000	3000	2	0.000457474	0.000607086	0.00554126	-0.00305622	-0.00804095	0.00706957	-0.000193609	-0.000448808	1.926018529	0.000496833	0.000637385	0.00544859	-0.00306098	-0.00423319	0.00371188	-6.46E-05	-0.000227862
-2000	3000	2	0.000119973	0.00024554	0.00379109	-0.00381891	-0.00686299	0.0071385	-9.39E-05	-0.000300458	1.892552457	0.000114914	0.000271126	0.00378429	-0.00381051	-0.00365332	0.00376155	-3.31E-05	-0.000152822
-1000	3000	2	5.51E-05	0.000124141	0.00485827	-0.00585034	-0.00635146	0.00715894	-1.20E-05	-0.000161745	2.665802974	1.48E-05	9.17E-05	0.00341276	-0.0040884	-0.00342096	0.00381827	-1.19E-05	-6.87E-05
0	3000	2	1.04E-05	-3.78E-05	0.00334584	-0.00406026	-0.00330915	0.00384139	6.95E-06	2.31E-05	0.978250043	-2.87E-06	-2.84E-05	0.00337133	-0.00413162	-0.00338188	0.00383551	4.09E-06	2.31E-05
1000	3000	2	-2.18E-05	-0.000104686	0.00229547	-0.00257469	-0.00343554	0.00379622	3.98E-05	0.00011124	0.642082728	-4.58E-05	-0.000166902	0.00352563	-0.00399281	-0.00350596	0.00379153	2.15E-05	0.000112731
2000	3000	2	-0.000335025	-0.000692997	0.0074813	-0.00593544	-0.00519679	0.00509314	0.00012198	0.000291114	2.307770747	-0.000253752	-0.000418928	0.00434533	-0.00351606	-0.00388443	0.00373501	4.68E-05	0.000191434
3000	3000	2	-0.000641165	-0.000909036	0.0072634	-0.00240389	-0.00478547	0.0038155	0.000115805	0.000282116	1.018568883	-0.000838102	-0.000921274	0.00718955	-0.00250322	-0.00476395	0.00370741	8.86E-05	0.000267249
4000	3000	2	-0.000750506	-0.00108511	0.00931122	-0.00190228	-0.0041561	0.00256206	0.000120933	0.000202802	0.691449119	-0.00100396	-0.00110998	0.00910979	-0.0019852	-0.00619438	0.00364748	0.000130514	0.000332084
5000	3000	2	-0.000465073	-0.00084699	0.0093427	-0.00194363	-0.00739427	0.0036788	0.000211514	0.00032064	1.037931106	-0.000690764	-0.000898927	0.00918451	-0.00204786	-0.00726115	0.00351149	9.93E-05	0.000316747
6000	3000	2	-0.000196019	-0.000605252	0.00917753	-0.0020267	-0.00817499	0.00350548	0.000145765	0.000276252	1.036821384	-0.000421848	-0.000674571	0.00912028	-0.00215265	-0.00791996	0.00335781	3.62E-05	0.000258939
7000	3000	2	-8.82E-05	-0.00070841	0.0156521	-0.00363085	-0.0147449	0.00560606	0.000155084	0.000384461	3.031380724	-0.000244858	-0.000498498	0.00908231	-0.00223046	-0.00834162	0.00321476	-1.59E-05	0.000194232
8000	3000	2	4.34E-06	-0.000280095	0.00907401	-0.00216396	-0.00895396	0.00310638	5.08E-05	0.000180125	1.030988598	-0.000134335	-0.000367187	0.00907421	-0.00228385	-0.00862804	0.0030902	-4.60E-05	0.000130756
9000	3000	2	4.02E-05	-0.000175575	0.00908991	-0.00221359	-0.00913892	0.00290069	1.96E-05	0.000138926	1.028617464	-6.64E-05	-0.000269896	0.00907509	-0.0023166	-0.00882361	0.00297442	-5.64E-05	7.70E-05
-9000	6000	2	-4.17E-05	0.000237558	0.00901599	-0.0022967	-0.00917233	0.00265326	-6.79E-05	-0.000239858	1.009084024	9.15E-05	0.000385206	0.00911259	-0.00235445	-0.00895512	0.00270465	7.37E-05	-0.000149352
-8000	6000	2	-9.22E-06	0.000355433	0.00903527	-0.0022982	-0.00905681	0.00273854	-0.00011259	-0.000315395	1.010971086	0.000185251	0.000501484	0.00910726	-0.00236013	-0.00886648	0.00271589	3.37E-05	-0.000248437
-7000	6000	2	0.000126302	0.000696285	0.0123466	-0.00316145	-0.0152393	0.00477677	-0.000392874	-0.000695317	2.358959851	0.000333319	0.000644849	0.00909612	-0.00236821	-0.00877209	0.00269144	-6.09E-05	-0.000376302
-6000	6000	2	0.000295317	0.000702045	0.0091803	-0.00237369	-0.0150617	0.00472853	-0.000734548	-0.000918744	1.754894287	0.000562919	0.000815325	0.00907082	-0.00238383	-0.00870409	0.00260987	-0.000245662	-0.000537934
-5000	6000	2	0.000841174	0.00125499	0.0122381	-0.0032676	-0.0118903	0.00356989	-0.00101863	-0.000985219	1.862325857	0.000884821	0.000992244	0.00897245	-0.00243511	-0.00874711	0.00241966	-0.000586742	-0.00075086
-4000	6000	2	0.000840618	0.000967466	0.0084911	-0.00253884	-0.0089771	0.00226221	-0.00130525	-0.000961994	0.986544454	0.00112555	0.00105573	0.00853748	-0.00262344	-0.0090739	0.00205794	-0.0011561	-0.00102225
-3000	6000	2	0.000586885	0.000730014	0.00740613	-0.00302236	-0.00925196	0.00190129	-0.00156952	-0.00105836	0.977831878	0.00077102	0.000789662	0.00741036	-0.00310949	-0.00945889	0.00168957	-0.00142211	-0.00114143
-2000	6000	2	0.000234692	0.000409197	0.00656406	-0.00350206	-0.00916835	0.00179177	-0.00105749	-0.000794732	0.974594776	0.000334602	0.000443893	0.00653393	-0.00358239	-0.00943719	0.00156637	-0.000962286	-0.00086438
-1000	6000	2	3.60E-05	9.29E-05	0.00434898	-0.00261486	-0.00410223	0.000808822	-0.000196811	-0.000163091	0.308197379	0.000104496	0.000172047	0.00616802	-0.00384152	-0.00934517	0.001542	-0.000399542	-0.000393519
0	6000	2	-1.61E-05	-5.34E-05	0.00593583	-0.00358608	-0.00408444	0.000802639	6.41E-05	5.53E-05	0.421848502	-3.36E-05	-5.76E-05	0.0061097	-0.00389033	-0.00932097	0.00154163	0.000131977	0.000132968
1000	6000	2	-7.53E-05	-0.000173569	0.00443269	-0.00255567	-0.00412343	0.000809326	0.000331197	0.000268303	0.308447897	-0.000200971	-0.000301587	0.00630208	-0.00373851	-0.00938051	0.00154762	0.000677439	0.000643403
2000	6000	2	-0.000311876	-0.000574834	0.00687488	-0.00329273	-0.00917751	0.00181362	0.00129724	0.000981668	0.967359223	-0.000525582	-0.000608636	0.00689498	-0.00336705	-0.00947591	0.00160966	0.00123055	0.00104019
3000	6000	2	-0.00161274	-0.00145789	0.0137741	-0.00471038	-0.0156425	0.00342835	0.00294804	0.00175303	2.865584359	-0.00101883	-0.000957706	0.00802678	-0.00283461	-0.0093374	0.00184193	0.00142307	0.0011361
4000	6000	2	-0.000700842	-0.00097401	0.00879755	-0.00242487	-0.0088008	0.00246888	0.00095609	0.000851107	0.993600863	-0.00104628	-0.00105162	0.0088294	-0.00249701	-0.00886249	0.00226404	0.000843877	0.000880659
5000	6000	2	-0.000426151	-0.00079613	0.00906038	-0.00233606	-0.00874907	0.00268883	0.000558797	0.000623631	1.009310643	-0.000714033	-0.00090533	0.00903713	-0.00240044	-0.00870432	0.0025327	0.000389555	0.000636457
6000	6000	2	-0.000169782	-0.000592427	0.00903715	-0.00229713	-0.00886121	0.00277943	0.000304934	0.000470357	1.009360789	-0.00043572	-0.000725893	0.00908756	-0.00237309	-0.00873255	0.00265892	0.000138482	0.000451468
7000	6000	2	-3.62E-05	-0.000694222	0.0155372	-0.00395445	-0.0153455	0.00469692	0.000295575	0.000611596	2.965226277	-0.000250795	-0.000569321	0.00910159	-0.0023625	-0.00881774	0.00270875	5.26E-06	0.000307875
8000	6000	2	4.53E-05	-0.000289556	0.009057	-0.00229511	-0.00911292	0.00270671	8.08E-05	0.000276287	1.013470514	-0.000132371	-0.000440155	0.00910993	-0.00235606	-0.0089097	0.00271265	-5.83E-05	0.000194379
9000	6000	2	6.92E-05	-0.000189324	0.00918742	-0.00232438	-0.00914745	0.00260838	2.98E-05	0.000206791	1.019882482	-5.83E-05	-0.00033643	0.0091116	-0.00235195	-0.00899961	0.00269092	-7.90E-05	0.000109732
-9000	9000	2	-0.000422116	0.000247499	0.0155809	-0.00414649	-0.0156518	0.00420353	0.00024107	-0.000381625	2.930063953	2.95E-06	0.000262637	0.00914999	-0.00238943	-0.00909519	0.00247211	8.68E-05	-7.92E-05
-8000	9000	2	-1.95E-05	0.00012603	0.00904215	-0.00242998	-0.00908952	0.00243313	-0.000110337	-0.00022515	0.990579726	3.54E-05	0.000316282	0.009149	-0.00243007	-0.00907016	0.00245117	8.36E-05	-0.000140745
-7000	9000	2	-6.76E-05	0.000192563	0.00906397	-0.00249143	-0.0091242	0.00244122	-0.000101499	-0.000293314	1.00064031	7.69E-05	0.000365617	0.00912955	-0.00248979	-0.0090599	0.0024096	5.97E-05	-0.000215644
-6000	9000	2	-3.81E-05	0.000252544	0.00909304	-0.00257653	-0.0090766	0.00242852	-0.000161685	-0.000343909	1.004312998	0.000120525	0.000402439	0.00908682	-0.00257702	-0.00906064	0.00234264	1.25E-05	-0.000295686
-5000	9000	2	1.51E-05	4.71E-05	0.00157789	-0.000479355	-0.00160535	0.000431115	-5.43E-05	-6.43E-05	0.03112899	0.000154669	0.000414207	0.00900921	-0.00269287	-0.00908525	0.00225249	-5.16E-05	-0.000365341
-4000	9000	2	-5.58E-05	0.000302396	0.00883852	-0.00278279	-0.00915151	0.00231296	-0.00020008	-0.000418619	0.999635107	0.000164294	0.000388388	0.00888708	-0.0028368	-0.00912588	0.00214817	-0.000111672	-0.000401685
-3000	9000	2	1.63E-05	0.000242438	0.00863066	-0.0028953	-0.00910012	0.00222859	-0.000258086	-0.000361985	0.981754889	0.00014219	0.000320714	0.00874438	-0.00299277	-0.00917005	0.00205027	-0.000138893	-0.000379929
-2000	9000	2	1.64E-05	0.000167936	0.00848846	-0.00301331	-0.00909976	0.00216965	-0.000205454	-0.000264884	0.976714196	9.67E-05	0.000218431	0.00861278	-0.00313191	-0.00920218	0.00197643	-0.000117781	-0.000287374
-1000	9000	2	1.28E-05	7.54E-05	0.00839014	-0.00308895	-0.00910928	0.00214084	-0.000102994	-0.000120486	0.975482683	4.20E-05	9.66E-05	0.00852364	-0.00322104	-0.00921094	0.00193508	-5.77E-05	-0.000135144
0	9000	2	-1.01E-05	-1.31E-05	0.00696462	-0.00259525	-0.00911777	0.00213722	4.15E-05	4.19E-05	0.812463135	-1.41E-05	-3.28E-05	0.00850442	-0.0032398	-0.00921425	0.00192707	1.97E-05	4.59E-05
1000	9000	2	-1.60E-05	-0.000127534	0.00852291	-0.00311028	-0.0122858	0.00290795	0.00021687	0.000270201	1.332548285	-6.99E-05	-0.000159581	0.00855876	-0.00318279	-0.00920829	0.00195163	9.10E-05	0.0002169
2000	9000	2	-1.61E-05	-0.000183129	0.00713573	-0.00246562	-0.0091022	0.00220115	0.000243921	0.000319145	0.816849233	-0.000121671	-0.000273027	0.00867476	-0.00306599	-0.00918797	0.00201001	0.000133522	0.000341902
3000	9000	2	1.05E-05	-0.000280623	0.00877143	-0.00284286	-0.00907684	0.0022521	0.000252482	0.000388101	0.988549015	-0.000157654	-0.000359243	0.00881791	-0.00291418	-0.00915209	0.00209835	0.000129982	0.000398424
4000	9000	2	2.48E-05	-0.000135315	0.0040018	-0.00122397	-0.00638584	0.00161847	3.54E-05	0.000325458	0.313980952	-0.000164278	-0.000406572	0.00895249	-0.00276074	-0.00910359	0.00220164	8.31E-05	0.000388863
5000	9000	2	-6.59E-06	-0.000269699	0.00896797	-0.00259142	-0.0114117	0.00299231	0.00024833	0.000470189	1.248250436	-0.000140487	-0.00041256	0.00905015	-0.00263032	-0.00907111	0.00229997	1.82E-05	0.000332687
6000	9000	2	-1.81E-05	-0.000207617	0.00900894	-0.00250437	-0.0114547	0.00305481	0.000430757	0.000350578	1.251425951	-9.91E-05	-0.000386561	0.00911192	-0.00253046	-0.0090584	0.00237942	-3.83E-05	0.000255908
7000	9000	2	2.58E-05	-0.000120925	0.0060353	-0.00165452	-0.00914066	0.00245885	0.000159774	0.000252716	0.667180668	-5.50E-05	-0.000342115	0.00913926	-0.00245655	-0.00906118	0.0024336	-7.35E-05	0.000176856
8000	9000	2	0.000185873	-0.000152563	0.0124209	-0.00332466	-0.0124763	0.00330724	3.60E-08	0.00030019	1.864109783	-1.75E-05	-0.000289547	0.00914721	-0.0024082	-0.00908288	0.00246455	-8.62E-05	0.000108438
9000	9000	2	9.08E-05	-6.76E-05	0.00905142	-0.00237422	-0.00920243	0.00241877	-1.54E-05	0.000171444	0.99890161	9.73E-06	-0.000236297	0.00914088	-0.00237581	-0.00910724	0.00247567	-8.17E-05	5.54E-05
-9000	-9000	5	-0.000352889	-0.000312978	0.00832735	-0.00193724	-0.00825616	0.00188894	0.000172347	0.000283259	1.000636378	-0.000281623	-0.000312966	0.00833239	-0.00193674	-0.00823918	0.00191748	0.000136511	0.000266747
-8000	-9000	5	-0.000408386	-0.000337171	0.00824539	-0.00195503	-0.00827439	0.00183582	0.000234832	0.00031217	0.997105739	-0.00035388	-0.000339821	0.00828204	-0.00196116	-0.00825423	0.00186794	0.000213215	0.000296588
-7000	-9000	5	-0.00056195	-0.000418884	0.00967018	-0.00235576	-0.00982075	0.00210295	0.000382338	0.000391516	1.394790355	-0.00042631	-0.000360832	0.00820967	-0.00199155	-0.00828848	0.00180421	0.000302956	0.000319487
-6000	-9000	5	-0.000638129	-0.000426522	0.00952077	-0.00240541	-0.00993054	0.00201584	0.000479398	0.000398733	1.396125244	-0.000487319	-0.000368823	0.00810014	-0.00202644	-0.00835596	0.00173496	0.00039862	0.000331528
-5000	-9000	5	-0.00056263	-0.000347963	0.00789745	-0.00207128	-0.00853507	0.00161422	0.000495752	0.000337716	1.000862319	-0.000518711	-0.000357324	0.00794631	-0.00207204	-0.00846525	0.00165991	0.000483492	0.00032819
-4000	-9000	5	-0.00053901	-0.000312681	0.00771875	-0.00212928	-0.00867888	0.00152824	0.000538273	0.000312503	1.003529655	-0.00049889	-0.000321824	0.00774391	-0.00212221	-0.00861101	0.00157845	0.000528334	0.000304635
-3000	-9000	5	-0.000431863	-0.000249894	0.0074548	-0.00218363	-0.0088958	0.0014608	0.000506847	0.000271478	1.008041225	-0.000416433	-0.000260812	0.00751502	-0.00217743	-0.008752	0.00149101	0.00049729	0.000255281
-2000	-9000	5	-0.000282041	-0.000167177	0.00717888	-0.00221897	-0.00892307	0.00139611	0.000387678	0.000184212	0.990677308	-0.000283701	-0.000177208	0.00730986	-0.00222777	-0.00885075	0.00141788	0.000373081	0.00017888
-1000	-9000	5	-0.000196469	-0.00010988	0.00963847	-0.00309329	-0.0153079	0.00234087	0.000359024	0.0001255	2.312501165	-0.000125131	-7.87E-05	0.00717667	-0.0022589	-0.00890353	0.00137393	0.000173649	8.06E-05
0	-9000	5	7.72E-05	4.51E-05	0.00964395	-0.00310739	-0.015302	0.00232998	-7.94E-05	-6.31E-05	2.318936854	4.22E-05	2.68E-05	0.00714938	-0.0022659	-0.0089136	0.00136576	-6.05E-05	-2.78E-05
1000	-9000	5	0.000217468	0.000125629	0.00719091	-0.00225378	-0.00889639	0.00137248	-0.000287603	-0.000129989	0.996741628	0.00020722	0.00013027	0.00722977	-0.00224445	-0.00888121	0.00139145	-0.0002829	-0.000132217
2000	-9000	5	0.000581588	0.000334309	0.0109848	-0.00323737	-0.00852897	0.00137524	-0.000438829	-0.000218861	1.435200719	0.000356115	0.000222486	0.00740298	-0.00220406	-0.0088047	0.00144946	-0.000447724	-0.000220026
3000	-9000	5	0.000196455	0.00011866	0.00330433	-0.000930797	-0.00671955	0.00106226	-0.000395315	-0.000224556	0.334242184	0.000467521	0.000295267	0.00762506	-0.00215137	-0.00868435	0.00153317	-0.000524463	-0.000282903
4000	-9000	5	0.000563411	0.000343473	0.00800664	-0.00214385	-0.00849738	0.00156091	-0.00051064	-0.000324342	1.013950909	0.000519271	0.000342746	0.00784735	-0.00209661	-0.00854123	0.00161977	-0.000513368	-0.000318547
5000	-9000	5	0.000541962	0.000357715	0.00795088	-0.00204707	-0.00845409	0.00165972	-0.000434232	-0.000345268	0.995040702	0.000509932	0.000364991	0.00802757	-0.00204898	-0.00840935	0.00170302	-0.000443901	-0.000331047
6000	-9000	5	0.000738143	0.000529694	0.0117547	-0.00296947	-0.0120553	0.00253178	-0.000513772	-0.000509165	2.090428644	0.00045868	0.000366766	0.00816004	-0.00200835	-0.00831555	0.00177132	-0.000350777	-0.000326554
7000	-9000	5	0.000644122	0.000499695	0.011818	-0.00284994	-0.0155728	0.00340768	-0.00051014	-0.000534042	2.697520821	0.000389545	0.000353278	0.00824987	-0.00197595	-0.0082643	0.00183643	-0.000256179	-0.00030936
8000	-9000	5	0.000365361	0.000321968	0.00815208	-0.00192806	-0.00828002	0.001869	-0.00018883	-0.000295883	0.985052977	0.000317838	0.000329312	0.00830955	-0.00194912	-0.00824274	0.00189387	-0.000172438	-0.000283379
9000	-9000	5	0.000421435	0.000410853	0.0112831	-0.00260891	-0.0140987	0.00328531	-0.000189579	-0.00046944	2.311130629	0.000249284	0.000299668	0.00835218	-0.00192939	-0.00823774	0.00194186	-0.000102479	-0.000250691
-9000	-6000	5	-0.000328276	-0.00023348	0.00550933	-0.00118328	-0.00654328	0.00164877	0.00019634	0.000245938	0.54141376	-0.000464309	-0.000365837	0.00838145	-0.00180461	-0.00792811	0.00205892	0.000222236	0.000282865
-8000	-6000	5	-0.000686131	-0.00041449	0.00840639	-0.00179252	-0.00788612	0.00197263	0.000374057	0.000330559	1.00260804	-0.000632616	-0.000429234	0.00837762	-0.00179781	-0.00787592	0.00201965	0.000344754	0.000320106
-7000	-6000	5	-0.000900015	-0.000479354	0.00836317	-0.0017807	-0.00787386	0.00190742	0.00054074	0.000365325	1.001406653	-0.00085946	-0.00049852	0.00836809	-0.00179401	-0.00784073	0.00194802	0.000516664	0.000355639
-6000	-6000	5	-0.00119448	-0.000543308	0.00827366	-0.00176902	-0.0079221	0.00180923	0.000787388	0.000400852	0.997100929	-0.00116661	-0.000567293	0.00833611	-0.0017955	-0.00786718	0.0018455	0.00076745	0.000389555
-5000	-6000	5	-0.00272514	-0.00102909	0.0139903	-0.00306763	-0.013851	0.00284061	0.00204348	0.000744098	2.915073743	-0.00155099	-0.000620298	0.00821744	-0.00181142	-0.00806712	0.001702	0.00116517	0.000426154
-4000	-6000	5	-0.00177527	-0.00059735	0.00768933	-0.00185358	-0.00874758	0.00145106	0.00180714	0.000482193	1.007577382	-0.00178399	-0.000608063	0.00772116	-0.00186436	-0.00863427	0.00148726	0.00178522	0.000466267
-3000	-6000	5	-0.000579923	-0.000204435	0.0029064	-0.000900495	-0.00658114	0.00086544	0.00139068	0.000327731	0.320946918	-0.0012808	-0.000462198	0.00643564	-0.0019942	-0.00925936	0.00127298	0.00203903	0.000462692
-2000	-6000	5	-0.000709503	-0.000276881	0.00542186	-0.0021433	-0.00940333	0.00114238	0.00145554	0.000347689	1.009793951	-0.000652871	-0.000281172	0.00538349	-0.00214088	-0.00935464	0.00116094	0.00142597	0.000345803
-1000	-6000	5	-0.000247686	-0.00011432	0.00491201	-0.00223542	-0.00930911	0.00109631	0.000619762	0.000156709	0.999593873	-0.000240354	-0.00011682	0.00490851	-0.0022301	-0.00931976	0.00110917	0.000612675	0.000157992
0	-6000	5	0.000107278	3.94E-05	0.00485931	-0.00226129	-0.00935446	0.0010959	-0.000215075	-5.48E-05	1.011667622	7.62E-05	3.89E-05	0.00482494	-0.00224873	-0.00930779	0.00110062	-0.000204067	-5.38E-05
1000	-6000	5	0.000201915	8.74E-05	0.00230143	-0.000994552	-0.00649833	0.00076495	-0.000702777	-0.000177552	0.314700347	0.000424396	0.000197234	0.00508641	-0.0021944	-0.00933913	0.00112722	-0.00102457	-0.000257891
2000	-6000	5	0.000957299	0.000366162	0.00585146	-0.00207742	-0.00939628	0.00117741	-0.00180994	-0.000425199	1.00885774	0.000939033	0.00037014	0.00582362	-0.00207244	-0.00934559	0.00120359	-0.00178642	-0.000416931
3000	-6000	5	0.00166252	0.000542699	0.00717389	-0.00191765	-0.00909185	0.0013201	-0.00208675	-0.000486535	1.008860561	0.00162068	0.000548858	0.00713636	-0.00192232	-0.00903314	0.00136582	-0.00206091	-0.000475565
4000	-6000	5	0.00116293	0.000398984	0.00529316	-0.00119681	-0.00821204	0.00150213	-0.00149068	-0.000435831	0.647442609	0.00172813	0.000627462	0.00804982	-0.00183187	-0.00829928	0.00160722	-0.00144973	-0.000445337
5000	-6000	5	0.00138171	0.000579465	0.00830131	-0.00179265	-0.00929868	0.0020144	-0.00110652	-0.000482293	1.169669397	0.0013559	0.000596059	0.00829337	-0.00180134	-0.00793578	0.00178863	-0.000941194	-0.000407089
6000	-6000	5	0.000988559	0.000520276	0.00833375	-0.00177879	-0.00916673	0.00216345	-0.000647949	-0.000465285	1.166150711	0.00100477	0.000532622	0.00835287	-0.00179454	-0.00783589	0.00190251	-0.000629413	-0.000371833
7000	-6000	5	0.000688238	0.00046055	0.00831861	-0.00177891	-0.00787893	0.00195371	-0.00035994	-0.000362436	0.996691243	0.000740058	0.000462745	0.00837155	-0.00179523	-0.0078511	0.00198496	-0.000423091	-0.000337658
8000	-6000	5	0.000988915	0.000659453	0.0143094	-0.00307424	-0.0107167	0.00274177	-0.000405544	-0.000435324	2.314134166	0.000544356	0.00039592	0.00837791	-0.0018035	-0.00790385	0.00204167	-0.000277861	-0.000301168
9000	-6000	5	0.000498773	0.000311958	0.00833927	-0.00179579	-0.00795705	0.00203671	-0.000260598	-0.000257846	0.99254487	0.000398261	0.00033699	0.0083805	-0.00181166	-0.00796221	0.00207568	-0.000173691	-0.000263272
-9000	-3000	5	-0.000253651	-0.000157883	0.00496296	-0.000958057	-0.00751075	0.00221631	0.000163701	0.000190323	0.58745904	-0.000381129	-0.000281639	0.0084677	-0.00165233	-0.00747629	0.00225562	0.000153235	0.000182754
-8000	-3000	5	-0.000562891	-0.000317994	0.00851747	-0.00158512	-0.00724091	0.00221053	0.000231331	0.000213476	0.997822266	-0.000544066	-0.000343154	0.00852994	-0.00160355	-0.00722659	0.00226292	0.000224506	0.000206096
-7000	-3000	5	-0.000791107	-0.000393719	0.00862261	-0.00153793	-0.00690153	0.00220801	0.000308579	0.000233177	1.001722011	-0.000777146	-0.000419251	0.00861925	-0.0015539	-0.00687385	0.00225101	0.00030786	0.000226017
-6000	-3000	5	-0.00111946	-0.000479829	0.00873616	-0.00148221	-0.00810993	0.00274196	0.000525325	0.000316619	1.266982318	-0.00110517	-0.000508115	0.00875065	-0.00150144	-0.00636175	0.00222746	0.000393366	0.000240065
-5000	-3000	5	-0.0015343	-0.000568518	0.00881867	-0.00142838	-0.00563138	0.00212871	0.0004767	0.000244679	0.998637755	-0.00152207	-0.00059639	0.00887374	-0.00145212	-0.00557439	0.00217631	0.000454533	0.000244067
-4000	-3000	5	-0.00301606	-0.00101266	0.0142153	-0.0024678	-0.00450697	0.00204546	0.000434743	0.000223657	1.740109285	-0.00173426	-0.000606669	0.00828209	-0.00145795	-0.00442077	0.00205581	0.000416126	0.00022227
-3000	-3000	5	-0.000910335	-0.000350647	0.00480393	-0.00164471	-0.00338705	0.00186331	0.000298962	0.000180245	0.989775993	-0.000918887	-0.000361652	0.0048701	-0.00165991	-0.00336044	0.00188701	0.000293043	0.000175018
-2000	-3000	5	-0.000339483	-0.000173491	0.00293916	-0.00185849	-0.00292681	0.00177203	0.000199934	0.000110414	0.994723639	-0.000334691	-0.000178044	0.00295765	-0.00187538	-0.00290983	0.00178687	0.000187823	0.000113936
-1000	-3000	5	-0.00017643	-0.000113365	0.00422187	-0.0034017	-0.0036547	0.00235153	0.000106499	7.10E-05	2.297449893	-0.000102372	-6.90E-05	0.00246281	-0.00197552	-0.00273894	0.00174657	8.15E-05	4.95E-05
0	-3000	5	0.000105528	5.30E-05	0.00368774	-0.0029885	-0.00268844	0.00171129	-3.44E-05	-5.00E-06	1.504889325	3.30E-05	2.20E-05	0.00240053	-0.00199304	-0.00271084	0.00174078	-2.73E-05	-1.63E-05
1000	-3000	5	0.000155784	9.69E-05	0.00215674	-0.00154305	-0.00230384	0.00138599	-0.000109891	-6.82E-05	0.660531133	0.000197689	0.000119167	0.00262388	-0.00193797	-0.00280113	0.00176143	-0.00013383	-8.19E-05
2000	-3000	5	0.000752832	0.000334301	0.00521552	-0.00273259	-0.00304063	0.0017734	-0.000268954	-0.000134599	1.429270362	0.0005604	0.0002554	0.00362612	-0.0017819	-0.00308608	0.00182697	-0.000239769	-0.000145144
3000	-3000	5	0.00233013	0.000895806	0.0115906	-0.00262845	-0.00644291	0.00329758	-0.000382167	-0.000389204	2.914585952	0.0014114	0.000503546	0.00676225	-0.00153731	-0.00379835	0.00196237	-0.000352959	-0.000201456
4000	-3000	5	0.00175151	0.000588968	0.00877609	-0.00142381	-0.00511649	0.00207193	-0.000535812	-0.000227708	1.001709224	0.00170609	0.000622458	0.00880001	-0.00144224	-0.00504581	0.00213026	-0.000452366	-0.000238431
5000	-3000	5	0.00132295	0.000530977	0.00883331	-0.0014666	-0.00606472	0.00216249	-0.000439738	-0.000248231	1.005838558	0.00130546	0.000552667	0.00882411	-0.00147897	-0.00600964	0.00221164	-0.000431572	-0.000244508
6000	-3000	5	0.000944365	0.000436887	0.00871792	-0.00152622	-0.00668158	0.00219963	-0.000356685	-0.000241412	1.007814678	0.000926054	0.000462052	0.00867856	-0.0015284	-0.0066405	0.0022413	-0.000350283	-0.000234383
7000	-3000	5	0.000437557	0.000232207	0.00565008	-0.00103428	-0.0046721	0.00145844	-0.000181167	-0.000150224	0.435220664	0.000648941	0.00037911	0.00856879	-0.00157905	-0.00706108	0.00225549	-0.000266811	-0.000218216
8000	-3000	5	0.000470273	0.00028618	0.00845218	-0.0016167	-0.00735987	0.00221463	-0.000209914	-0.000205395	0.992624104	0.000455174	0.000310112	0.00849348	-0.0016299	-0.00736394	0.00226154	-0.000188309	-0.000194436
9000	-3000	5	0.000658244	0.000436546	0.0158723	-0.00317939	-0.0108676	0.00318015	-0.000187765	-0.000253729	2.693026513	0.000319112	0.000254332	0.00844385	-0.0016747	-0.00757828	0.00225332	-0.00012413	-0.000169807
-9000	0	5	5.93E-07	-4.54E-07	0.00842576	-0.00156593	-0.00728842	0.00230462	3.97E-06	1.73E-06	0.992910653	-4.83E-07	-5.62E-07	0.00849376	-0.00158482	-0.00726453	0.00235275	-3.12E-07	-5.06E-07
-8000	0	5	9.83E-06	-1.34E-06	0.00861537	-0.00151757	-0.00692103	0.00232308	-8.86E-06	-1.44E-06	1.002941155	-1.06E-06	-3.04E-07	0.00856039	-0.00152253	-0.00692453	0.00238485	4.07E-07	1.65E-07
-7000	0	5	4.27E-06	-2.64E-07	0.0039068	-0.000652359	-0.00610677	0.00218184	-1.45E-05	-2.72E-06	0.425466911	-1.42E-06	4.51E-08	0.00864892	-0.00145717	-0.00644957	0.00240418	3.67E-08	5.77E-08
-6000	0	5	6.67E-06	6.34E-07	0.00875508	-0.00138397	-0.00581707	0.00235916	-1.20E-05	-2.32E-06	1.000866376	-1.40E-06	-4.95E-07	0.00873994	-0.00139752	-0.00579955	0.00241141	-7.84E-07	-9.55E-07
-5000	0	5	5.33E-06	3.42E-06	0.0150735	-0.00229527	-0.00843259	0.00395476	7.03E-06	-3.19E-06	2.93044861	-6.67E-07	-1.30E-06	0.00876757	-0.00135152	-0.00492216	0.00236935	-1.11E-06	-7.89E-07
-4000	0	5	-9.39E-06	5.96E-06	0.00363089	-0.000613095	-0.00177384	0.000992821	2.15E-05	-3.71E-06	0.205565482	8.33E-09	-1.42E-06	0.00804349	-0.00137653	-0.00386923	0.00222231	-8.26E-07	-9.69E-07
-3000	0	5	2.14E-05	-1.24E-05	0.00470667	-0.00162689	-0.00304438	0.00198925	-3.83E-05	4.83E-06	1.018309847	-1.59E-07	-8.75E-07	0.00463791	-0.00162662	-0.00301213	0.00200485	-4.66E-07	-1.90E-07
-2000	0	5	1.60E-06	-6.41E-07	0.00124325	-0.000846551	-0.00119023	0.000847266	-3.30E-06	1.14E-06	0.207763685	5.60E-09	-3.24E-07	0.00272031	-0.00186351	-0.0026069	0.00186895	-9.52E-09	-3.35E-09
-1000	0	5	5.11E-06	-2.45E-06	0.00224931	-0.00198118	-0.00242493	0.00179338	-4.26E-06	4.21E-06	1.006721075	1.63E-07	-6.84E-08	0.00220822	-0.00196902	-0.00243564	0.00181109	7.54E-07	3.12E-07
0	0	5	-6.87E-06	4.99E-06	0.00177452	-0.00162878	-0.0019667	0.00146118	5.29E-06	-3.68E-06	0.672056798	3.67E-07	-1.39E-07	0.0021403	-0.00198596	-0.0024075	0.00180256	7.13E-07	-3.34E-08
1000	0	5	-3.69E-06	2.20E-06	0.00193448	-0.00158225	-0.00166344	0.00120986	5.98E-07	2.32E-06	0.542039377	4.65E-07	-3.68E-07	0.00237495	-0.0019297	-0.00249981	0.00183182	4.30E-07	9.78E-08
2000	0	5	1.12E-05	-8.65E-06	0.00393138	-0.00209245	-0.00327478	0.00225044	-2.58E-05	-1.54E-06	1.370964091	2.40E-07	-5.38E-07	0.00339591	-0.00176197	-0.00277053	0.00192531	4.78E-08	-3.29E-07
3000	0	5	-1.25E-05	5.42E-06	0.00788284	-0.00172406	-0.00399859	0.00244681	3.25E-06	-4.40E-06	1.425824846	2.15E-07	-6.27E-07	0.00651079	-0.00147783	-0.0033713	0.00210339	-1.61E-07	-7.56E-07
4000	0	5	-2.05E-06	-4.00E-07	0.00862784	-0.00132426	-0.00444939	0.00226456	4.73E-06	2.42E-07	1.002972924	2.91E-07	-6.89E-07	0.00862133	-0.00134566	-0.00440891	0.00231454	-7.94E-07	-1.32E-06
5000	0	5	-3.45E-06	-1.67E-06	0.00888313	-0.0013603	-0.00541474	0.00234836	-1.25E-06	1.29E-07	1.012488847	-2.72E-07	-3.21E-07	0.00877497	-0.0013702	-0.00538719	0.00240198	-1.25E-06	-1.03E-06
6000	0	5	-0.000113699	3.63E-05	0.00615984	-0.000987219	-0.00278261	0.0010662	4.39E-05	-3.77E-06	0.31931681	-5.26E-07	2.69E-07	0.00869542	-0.00142509	-0.00614997	0.00240975	-1.18E-06	-3.54E-07
7000	0	5	-1.37E-05	2.00E-06	0.00827244	-0.00137467	-0.00457685	0.00158632	1.43E-05	6.38E-06	0.653672866	-2.17E-07	1.08E-07	0.00860142	-0.00148943	-0.00670427	0.00239354	-4.96E-07	4.07E-07
8000	0	5	0.000106027	-3.38E-05	0.00601473	-0.00105891	-0.00320306	0.00104613	-2.55E-05	4.12E-06	0.316854075	1.33E-07	-6.87E-07	0.00852304	-0.00155354	-0.00711088	0.00237052	-2.82E-07	9.38E-08
9000	0	5	1.14E-05	-3.77E-07	0.0160822	-0.00302075	-0.0105998	0.00330496	1.72E-05	2.51E-05	2.716223969	5.33E-07	-1.16E-06	0.00846412	-0.00161339	-0.00740217	0.00233866	-8.34E-07	-6.31E-07
-9000	3000	5	0.000324681	0.000225459	0.00715798	-0.00125761	-0.00375322	0.00108032	1.10E-05	-9.61E-05	0.421706509	0.000384334	0.000279753	0.00846466	-0.00165036	-0.00747628	0.00225564	-0.000154291	-0.000182683
-8000	3000	5	0.00036333	0.000294972	0.00723257	-0.00122914	-0.00126375	0.00039141	-3.69E-05	-3.60E-05	0.147826045	0.000546979	0.000341919	0.00852563	-0.0016039	-0.00722432	0.00226087	-0.000225965	-0.00020682
-7000	3000	5	0.00111517	0.000588276	0.0131044	-0.00229666	-0.0068351	0.00219282	-0.0003104	-0.000232051	1.508129078	0.000778949	0.000418475	0.00861907	-0.00155462	-0.00687043	0.00225067	-0.000308503	-0.000227955
-6000	3000	5	0.00112398	0.000485919	0.00882352	-0.00149156	-0.00638075	0.00218445	-0.000402672	-0.000246439	1.008465913	0.00110617	0.000507212	0.00874683	-0.0015018	-0.0063614	0.00223065	-0.000393256	-0.000241304
-5000	3000	5	0.00152445	0.000571106	0.00883538	-0.00142553	-0.0056239	0.00212918	-0.000469139	-0.000248526	0.999114826	0.00152322	0.000594615	0.00887445	-0.00145401	-0.00557621	0.00217779	-0.00045483	-0.000244969
-4000	3000	5	0.00254688	0.000858814	0.012131	-0.00211167	-0.00834694	0.00376925	-0.000765656	-0.000416819	2.748038546	0.00173506	0.000605676	0.00828218	-0.00145776	-0.00442422	0.0020552	-0.00041708	-0.000224639
-3000	3000	5	0.000931807	0.000359051	0.00485079	-0.00175253	-0.00636092	0.00350758	-0.000587541	-0.00030066	1.885776597	0.000919974	0.000361311	0.00487108	-0.00165948	-0.00336336	0.00188803	-0.000294383	-0.000175501
-2000	3000	5	0.000333642	0.000178181	0.00287543	-0.00195388	-0.00549585	0.00333919	-0.000354883	-0.000261743	1.869963693	0.000336569	0.000177835	0.00295986	-0.00187467	-0.002911	0.001787	-0.000187306	-0.000113391
-1000	3000	5	0.000108207	9.33E-05	0.00342394	-0.00281469	-0.00513239	0.0032411	-0.000141656	-7.61E-05	2.622035619	0.00010402	6.82E-05	0.0024649	-0.00197457	-0.00273894	0.00174655	-8.09E-05	-4.94E-05
0	3000	5	-3.29E-05	-2.53E-05	0.00239422	-0.00197744	-0.00269302	0.00170973	2.46E-05	1.65E-05	0.985394993	-3.18E-05	-2.33E-05	0.00240082	-0.00199146	-0.00271243	0.00174017	2.73E-05	1.68E-05
1000	3000	5	-0.000125939	-7.64E-05	0.00171093	-0.00126127	-0.00278957	0.00171837	0.000139071	8.17E-05	0.645154839	-0.000195703	-0.000119733	0.00262309	-0.00193851	-0.00280213	0.00176075	0.000135146	8.19E-05
2000	3000	5	-0.000959903	-0.000428105	0.00620725	-0.00303831	-0.00422111	0.00243217	0.000374775	0.000209562	2.324255102	-0.00055915	-0.000255151	0.00362475	-0.00178175	-0.00308536	0.00182758	0.000240642	0.000145194
3000	3000	5	-0.00141092	-0.000495511	0.00674514	-0.00151148	-0.00382478	0.00193316	0.000345933	0.000207697	0.99958976	-0.00141302	-0.000502361	0.00675973	-0.0015359	-0.00379918	0.00196242	0.000354	0.00020027
4000	3000	5	-0.00173995	-0.000610663	0.00885373	-0.00143078	-0.00332634	0.00139883	0.000278917	0.000150054	0.663045948	-0.00170821	-0.000621473	0.00879678	-0.00144114	-0.00504492	0.00212924	0.000450775	0.000237211
5000	3000	5	-0.00133761	-0.000529521	0.00883535	-0.00146016	-0.006059	0.00216044	0.000455476	0.000246724	1.005726082	-0.00130852	-0.000552514	0.00881969	-0.00147432	-0.00600667	0.00221013	0.0004301	0.000244643
6000	3000	5	-0.000944615	-0.000433317	0.00862064	-0.00149684	-0.00669408	0.0022024	0.000367327	0.000242246	0.997775767	-0.00092983	-0.000461938	0.00867744	-0.00152626	-0.00664386	0.00224024	0.000349429	0.000233896
7000	3000	5	-0.00114982	-0.000602463	0.0145864	-0.00267169	-0.0120818	0.00378521	0.000485178	0.000396285	2.905775343	-0.000652724	-0.000379309	0.00856772	-0.00157686	-0.00706347	0.00225742	0.000264895	0.000217245
8000	3000	5	-0.000471921	-0.000283638	0.00842741	-0.00160711	-0.00738053	0.00221281	0.000200043	0.000206213	0.992260623	-0.000458321	-0.000310879	0.008492	-0.00162606	-0.00736434	0.00226293	0.000186038	0.000194682
9000	3000	5	-0.000339997	-0.000232154	0.00840939	-0.00165564	-0.00758807	0.00220821	0.000130177	0.00017932	0.994687964	-0.000322317	-0.000255344	0.00844513	-0.00167371	-0.00758163	0.00225202	0.000122051	0.000170156
-9000	6000	5	0.000494162	0.000351789	0.0082785	-0.00178423	-0.00795992	0.00201993	-0.000257362	-0.000298193	0.990075667	0.000464655	0.00036174	0.00838034	-0.00180381	-0.00792999	0.00206031	-0.000222731	-0.000284053
-8000	6000	5	0.000649351	0.000410776	0.00829342	-0.00177745	-0.00790593	0.00197275	-0.000358597	-0.000333973	0.99213333	0.000633518	0.000425135	0.00837624	-0.00179502	-0.00787749	0.00201445	-0.000345126	-0.000320645
-7000	6000	5	0.00117878	0.000642857	0.011296	-0.00244724	-0.0134756	0.00326954	-0.000911868	-0.000616595	2.319139016	0.000861578	0.000495316	0.00836668	-0.00179125	-0.00783719	0.0019429	-0.000517349	-0.000355883
-6000	6000	5	0.00121839	0.000552642	0.00838727	-0.00184173	-0.0136096	0.00310923	-0.00137899	-0.000660606	1.73816701	0.00116852	0.000565166	0.008335	-0.00179429	-0.00786699	0.00184812	-0.00076775	-0.000389939
-5000	6000	5	0.00218845	0.000828605	0.011137	-0.00247724	-0.0110305	0.00227809	-0.00161256	-0.000606321	1.850481538	0.00155364	0.000619081	0.00821629	-0.00181024	-0.0080691	0.00170302	-0.00116497	-0.000426213
-4000	6000	5	0.00179346	0.000591559	0.00764767	-0.0018451	-0.00872842	0.00144632	-0.00179835	-0.000484111	0.9989098	0.00178496	0.000607033	0.00772236	-0.00186403	-0.00863777	0.00148789	-0.00178279	-0.000466071
-3000	6000	5	0.00130816	0.000453533	0.00643075	-0.00199307	-0.0093335	0.00124181	-0.00206981	-0.000473209	1.005110921	0.00128108	0.000461537	0.00643732	-0.00199327	-0.00926054	0.00127286	-0.0020373	-0.000462704
-2000	6000	5	0.00067138	0.000277038	0.00542893	-0.00215943	-0.00941293	0.00114433	-0.00144574	-0.00035184	1.013328907	0.000650949	0.000280542	0.00538537	-0.00214104	-0.00935746	0.00116009	-0.00142558	-0.000346489
-1000	6000	5	0.000141581	6.96E-05	0.00347703	-0.00157516	-0.0042416	0.000501243	-0.000279467	-7.45E-05	0.322033422	0.000237345	0.000116703	0.00491209	-0.0022294	-0.00932112	0.00110887	-0.0006129	-0.000158361
0	6000	5	-7.36E-05	-3.78E-05	0.00472389	-0.00216312	-0.00422784	0.000496789	9.24E-05	2.57E-05	0.442850005	-7.88E-05	-3.87E-05	0.00483015	-0.00224828	-0.00930952	0.00109986	0.000203816	5.32E-05
1000	6000	5	-0.000265216	-0.000126476	0.0035855	-0.00155585	-0.00425166	0.000509531	0.000466215	0.000122206	0.321095789	-0.000425864	-0.000197805	0.00509185	-0.00219231	-0.00933943	0.00112679	0.00102376	0.000258712
2000	6000	5	-0.000882278	-0.000371571	0.00582351	-0.00208077	-0.00933957	0.00118094	0.00175643	0.000445076	1.000255584	-0.000937994	-0.00037089	0.00583131	-0.00207093	-0.00934723	0.00120267	0.00178799	0.000416933
3000	6000	5	-0.00309413	-0.000889619	0.0122168	-0.00322413	-0.0155807	0.0022639	0.00382945	0.000774358	2.914030025	-0.00161764	-0.000549584	0.00714438	-0.00191899	-0.00903447	0.00136503	0.00206253	0.000477056
4000	6000	5	-0.00168752	-0.000619674	0.00798988	-0.00181131	-0.00837343	0.00156417	0.00143066	0.000467609	1.000747019	-0.00172417	-0.000627921	0.0080565	-0.00182971	-0.00829504	0.00160531	0.00145012	0.00044691
5000	6000	5	-0.00138498	-0.000579889	0.00828634	-0.00178385	-0.00801092	0.00174179	0.000962738	0.000418454	1.005480493	-0.00135202	-0.000596474	0.00830009	-0.00179927	-0.00793277	0.00178497	0.000942786	0.000408098
6000	6000	5	-0.00102654	-0.000511778	0.00828779	-0.00176622	-0.00790239	0.00186589	0.000643396	0.000388754	0.997944841	-0.00100121	-0.000532399	0.00835491	-0.00179044	-0.00783893	0.00190142	0.000629438	0.000373032
7000	6000	5	-0.00132592	-0.000761072	0.0142486	-0.00304249	-0.0134429	0.00333117	0.00077777	0.000604318	2.907996615	-0.000736751	-0.000461876	0.00837469	-0.00179437	-0.00785215	0.00198405	0.000423384	0.00033868
8000	6000	5	-0.000564977	-0.000382989	0.00831982	-0.00178227	-0.00792716	0.00200156	0.000294303	0.000318748	0.994319501	-0.000541546	-0.0003936	0.00837978	-0.0017994	-0.00790257	0.00204372	0.000277897	0.000301991
9000	6000	5	-0.000432803	-0.000332702	0.00843903	-0.00180987	-0.00793026	0.00202828	0.000186951	0.000275251	1.001222579	-0.000395208	-0.000333026	0.0083847	-0.00180888	-0.007961	0.00207261	0.000173129	0.000263792
-9000	9000	5	0.000341496	0.000581155	0.0141906	-0.00330486	-0.0140747	0.00324169	4.04E-06	-0.000545324	2.909556928	0.000283576	0.000314608	0.0083324	-0.00193678	-0.00823798	0.00191941	-0.000137156	-0.000269767
-8000	9000	5	0.000461918	0.000324603	0.0082264	-0.00195795	-0.00822898	0.00182416	-0.000285154	-0.000294187	0.98882223	0.000354661	0.000341386	0.00828441	-0.00196253	-0.00825467	0.00186385	-0.000213969	-0.000298593
-7000	9000	5	0.000480176	0.000356763	0.00819859	-0.00200235	-0.008326	0.00177397	-0.000322838	-0.000328936	1.002603886	0.000425763	0.000360293	0.00820925	-0.00199007	-0.0082889	0.00180016	-0.000303416	-0.00031959
-6000	9000	5	0.000544423	0.000367109	0.00816046	-0.00205732	-0.00840143	0.00169847	-0.000415689	-0.000336669	1.011987435	0.000487914	0.000366567	0.00809883	-0.00202754	-0.0083584	0.00173213	-0.000399125	-0.000330797
-5000	9000	5	0.00011376	6.00E-05	0.00140388	-0.00037215	-0.00150923	0.000288967	-0.000101877	-5.60E-05	0.031462369	0.000521606	0.000354878	0.00794058	-0.00207119	-0.00847217	0.00165955	-0.000483988	-0.000327078
-4000	9000	5	0.000461004	0.000327631	0.00776671	-0.00215029	-0.00873104	0.00153947	-0.000490201	-0.000330972	1.017610122	0.000502267	0.000320387	0.00773761	-0.00212345	-0.00861279	0.00157426	-0.000528929	-0.000303626
-3000	9000	5	0.00042942	0.000252616	0.00749119	-0.00219637	-0.00880547	0.0014527	-0.000513156	-0.000265936	1.003497562	0.000418889	0.000260449	0.00751091	-0.00217926	-0.0087505	0.00148993	-0.000498148	-0.000254399
-2000	9000	5	0.000297811	0.00016917	0.00727611	-0.00224593	-0.00890211	0.00139599	-0.000389603	-0.000185393	1.002275087	0.000285296	0.000177699	0.00730562	-0.00222808	-0.00884956	0.00141842	-0.000375006	-0.00017831
-1000	9000	5	0.000138819	7.34E-05	0.007135	-0.00227665	-0.00896657	0.00136396	-0.000188523	-8.07E-05	1.002008177	0.000125862	7.91E-05	0.00717474	-0.00225906	-0.00890639	0.00137465	-0.000175932	-8.12E-05
0	9000	5	-3.61E-05	-1.63E-05	0.00591499	-0.0019046	-0.00899113	0.00135886	6.77E-05	2.86E-05	0.835453353	-4.20E-05	-2.64E-05	0.00714772	-0.0022654	-0.00891604	0.00136668	5.88E-05	2.68E-05
1000	9000	5	-0.000225943	-0.000126106	0.00727236	-0.00229237	-0.0120783	0.00186451	0.000401178	0.000182382	1.368779913	-0.000207225	-0.000129646	0.00722856	-0.00224478	-0.0088854	0.00139339	0.000280853	0.000131494
2000	9000	5	-0.000319006	-0.000183092	0.0061589	-0.00184976	-0.00886522	0.00142393	0.000466278	0.000226732	0.836760019	-0.000356195	-0.000221912	0.00740511	-0.00220479	-0.00881092	0.0014507	0.000446838	0.000219815
3000	9000	5	-0.000463531	-0.000293423	0.00766605	-0.00217727	-0.00872115	0.00148864	0.000527974	0.00029353	1.008595153	-0.000467485	-0.000294807	0.00762623	-0.00215054	-0.00868858	0.00153324	0.000524617	0.000282825
4000	9000	5	-0.000217432	-0.000155082	0.00354125	-0.000954604	-0.00603732	0.00109205	0.000260711	0.0002659	0.319091454	-0.000519049	-0.000342158	0.00784844	-0.00209593	-0.00853857	0.00162063	0.000513602	0.000318879
5000	9000	5	-0.000570213	-0.000358806	0.00801626	-0.0020574	-0.010636	0.00207342	0.000591757	0.000435258	1.261644097	-0.000510147	-0.000364093	0.00802755	-0.00204728	-0.00840788	0.00169814	0.000444348	0.00033174
6000	9000	5	-0.000568187	-0.000351411	0.00811804	-0.00200551	-0.0105486	0.00216879	0.000712276	0.000378809	1.258294315	-0.000459505	-0.000364511	0.00815997	-0.00200675	-0.00831713	0.00176712	0.000351448	0.000327222
7000	9000	5	-0.000322071	-0.000231471	0.00546466	-0.00132402	-0.00832079	0.00180974	0.00035629	0.000308094	0.665994364	-0.000389693	-0.000349814	0.00824811	-0.00197525	-0.00827063	0.0018359	0.000257299	0.000309696
8000	9000	5	-0.000462586	-0.000451295	0.0113096	-0.00265312	-0.0112467	0.00255127	0.00021353	0.000413918	1.855410558	-0.000316202	-0.000326018	0.00830854	-0.00194639	-0.00824791	0.00189481	0.000173394	0.000282799
9000	9000	5	-0.000292851	-0.000299438	0.00827725	-0.00191521	-0.00825434	0.00191131	0.000104968	0.000267302	0.992045017	-0.000247939	-0.000297722	0.00835237	-0.00192474	-0.00824178	0.00193811	0.000103281	0.000250522
-9000	-9000	10	-0.000498837	-0.000186419	0.00777339	-0.00179689	-0.00768559	0.00180329	0.000367697	0.000120593	0.998081752	-0.000446621	-0.000209302	0.00776233	-0.00182118	-0.00769425	0.00183163	0.000323374	0.000141062
-8000	-9000	10	-0.000559187	-0.00019209	0.00769739	-0.00179343	-0.0077367	0.00176434	0.000414089	0.000124657	0.995948579	-0.00052677	-0.000212734	0.0077149	-0.00182282	-0.0077359	0.00178549	0.000387234	0.000141039
-7000	-9000	10	-0.000738783	-0.000226678	0.009027	-0.00212941	-0.00922511	0.00203978	0.00056645	0.000141492	1.395132479	-0.000603199	-0.000212429	0.00764225	-0.00182924	-0.00780029	0.00172481	0.000460313	0.000139234
-6000	-9000	10	-0.000805829	-0.000217335	0.00889261	-0.00213568	-0.00937142	0.00198689	0.000638534	0.000139589	1.397746814	-0.000659862	-0.000205325	0.00753554	-0.00183542	-0.00790143	0.00168016	0.000536363	0.000134362
-5000	-9000	10	-0.000692911	-0.000169801	0.00737178	-0.00181033	-0.00809918	0.00163045	0.000605931	0.000112692	1.002591886	-0.000676761	-0.00018999	0.00738221	-0.00184508	-0.00805034	0.00164565	0.000599744	0.000125732
-4000	-9000	10	-0.000650806	-0.000146956	0.00719404	-0.00182593	-0.00827431	0.00158393	0.000619527	0.000101005	1.004764284	-0.000632584	-0.00016507	0.0071817	-0.00185581	-0.00823182	0.00160584	0.000621613	0.000111742
-3000	-9000	10	-0.00051795	-0.000115307	0.00693764	-0.00183134	-0.00851522	0.00155765	0.000563838	8.57E-05	1.009660965	-0.000518553	-0.000130348	0.00695435	-0.00186682	-0.00839938	0.00155964	0.000566699	9.07E-05
-2000	-9000	10	-0.000338171	-7.67E-05	0.00667103	-0.00182672	-0.00855959	0.00152348	0.000420303	5.59E-05	0.991871223	-0.000349941	-8.71E-05	0.00675093	-0.00187686	-0.00851778	0.00151853	0.000418108	6.25E-05
-1000	-9000	10	-0.000231232	-4.85E-05	0.00897464	-0.00251706	-0.0146993	0.00258987	0.000365021	3.99E-05	2.320916981	-0.00015338	-3.77E-05	0.006619	-0.00188337	-0.00857999	0.00149619	0.0001939	2.81E-05
0	-9000	10	9.43E-05	1.97E-05	0.00897923	-0.00252183	-0.0146973	0.00258586	-7.79E-05	-1.61E-05	2.327760955	5.20E-05	1.41E-05	0.0065921	-0.00188509	-0.00859241	0.00149047	-6.52E-05	-9.23E-06
1000	-9000	10	0.00026153	5.69E-05	0.00668674	-0.0018424	-0.00854051	0.00151193	-0.000301599	-4.04E-05	0.998921258	0.000254164	6.50E-05	0.00667288	-0.0018818	-0.00855449	0.00150472	-0.000312781	-4.55E-05
2000	-9000	10	0.000698423	0.000150541	0.0102325	-0.0027043	-0.00816664	0.00148965	-0.000479789	-6.57E-05	1.439001175	0.000438875	0.000110718	0.00684565	-0.00187226	-0.00846258	0.00153536	-0.000503373	-7.69E-05
3000	-9000	10	0.000239725	5.67E-05	0.003079	-0.00078877	-0.00642812	0.00114253	-0.000455004	-7.93E-05	0.335364151	0.000582915	0.000148322	0.00706943	-0.00186135	-0.0083173	0.00157986	-0.000605408	-0.000101821
4000	-9000	10	0.000691199	0.000165337	0.00746495	-0.00185445	-0.0080788	0.00159743	-0.000613175	-0.000108632	1.014158917	0.000662212	0.000176795	0.00728852	-0.00184957	-0.00814292	0.00162625	-0.000617601	-0.000119171
5000	-9000	10	0.000681817	0.00017888	0.0074242	-0.00179971	-0.00799834	0.00165502	-0.000563437	-0.00011694	0.995575372	0.000671806	0.000197199	0.00746609	-0.00184034	-0.00797582	0.00166721	-0.000570467	-0.000130127
6000	-9000	10	0.00094566	0.000271335	0.0109857	-0.00263447	-0.0113514	0.00246555	-0.000745518	-0.000171138	2.09036568	0.000630502	0.000211226	0.0075942	-0.00183274	-0.00784821	0.00170585	-0.000498311	-0.000136806
7000	-9000	10	0.000860408	0.000272645	0.0110654	-0.00260509	-0.0145787	0.00329402	-0.000881662	-0.000227489	2.700379314	0.000563379	0.00021758	0.00768203	-0.00182566	-0.00776644	0.00175505	-0.000422862	-0.000140231
8000	-9000	10	0.000514708	0.000188217	0.0076125	-0.00177152	-0.00772493	0.00178994	-0.000380661	-0.000126259	0.983385174	0.000488205	0.000214377	0.00773999	-0.00182295	-0.00771253	0.00180833	-0.000354087	-0.000141044
9000	-9000	10	0.000612278	0.000249682	0.0105434	-0.00244567	-0.0131075	0.00312254	-0.000529017	-0.000215899	2.312038576	0.000415876	0.000204103	0.00778051	-0.00182049	-0.0076725	0.00184415	-0.00029359	-0.000139903
-9000	-6000	10	-0.000421354	-0.000121173	0.00524085	-0.00112251	-0.00604511	0.00150693	0.000329518	9.19E-05	0.54280873	-0.000633434	-0.000196258	0.00793768	-0.0017232	-0.00733405	0.00187731	0.000380745	0.000127924
-8000	-6000	10	-0.000837816	-0.000197343	0.00800802	-0.0017077	-0.00731684	0.00179552	0.00051712	0.000113659	1.006361325	-0.000814251	-0.000214973	0.00794473	-0.0017151	-0.00731138	0.0018286	0.000491047	0.000132072
-7000	-6000	10	-0.00105946	-0.000209704	0.00797663	-0.0016943	-0.0073475	0.00174374	0.000657003	0.000119591	1.006664238	-0.00105245	-0.000229501	0.00794107	-0.00170851	-0.00732001	0.00175481	0.000647463	0.000134304
-6000	-6000	10	-0.00135731	-0.000213437	0.00789448	-0.00168113	-0.00744049	0.00167777	0.000887593	0.000116022	1.001585749	-0.00136639	-0.000235519	0.00791473	-0.0017033	-0.00740008	0.00168315	0.000881891	0.000132432
-5000	-6000	10	-0.00299578	-0.000350917	0.0133575	-0.00288756	-0.0131231	0.00273739	0.0021693	0.000188018	2.928457704	-0.00174791	-0.000227166	0.0077968	-0.0016976	-0.00766632	0.00161504	0.00126117	0.000121943
-4000	-6000	10	-0.00191523	-0.000182928	0.00731438	-0.00166043	-0.00837575	0.0015268	0.00186585	8.40E-05	1.009636548	-0.00195672	-0.000198062	0.00730592	-0.0016735	-0.00830479	0.00153647	0.00185959	9.46E-05
-3000	-6000	10	-0.000629549	-6.66E-05	0.00273557	-0.000725043	-0.0063524	0.00101275	0.00141703	5.16E-05	0.321368381	-0.00140784	-0.000160486	0.00602803	-0.00161861	-0.00897934	0.00145513	0.00209687	7.26E-05
-2000	-6000	10	-0.000781847	-9.76E-05	0.00504235	-0.00158591	-0.00910641	0.00140278	0.00148006	5.55E-05	1.010976301	-0.000731767	-0.000110402	0.00497611	-0.001594	-0.009099	0.0013912	0.00146884	6.59E-05
-1000	-6000	10	-0.000279473	-4.45E-05	0.00452959	-0.00158035	-0.00903053	0.00137047	0.000632092	3.18E-05	1.000776048	-0.000273305	-4.93E-05	0.00449698	-0.00159506	-0.00907485	0.00135378	0.000633762	3.38E-05
0	-6000	10	0.000118578	1.32E-05	0.00447109	-0.0015874	-0.00907891	0.00137258	-0.000218533	-8.82E-06	1.013293474	8.86E-05	1.62E-05	0.00441234	-0.00159602	-0.00906192	0.00134665	-0.000210924	-1.19E-05
1000	-6000	10	0.000226162	3.28E-05	0.00212762	-0.000713706	-0.00630001	0.000950631	-0.000718231	-3.60E-05	0.314813093	0.000482107	7.97E-05	0.00467736	-0.00159274	-0.00908655	0.00137076	-0.00105621	-5.28E-05
2000	-6000	10	0.00104917	0.000125271	0.00547842	-0.00159523	-0.00908473	0.00142161	-0.00185053	-6.20E-05	1.009832035	0.001042	0.000134564	0.00542231	-0.00160056	-0.00907524	0.00142063	-0.00183889	-7.17E-05
3000	-6000	10	0.0017871	0.000162683	0.0067966	-0.00164196	-0.00874333	0.00147849	-0.00213582	-6.17E-05	1.00970154	0.00177112	0.000177143	0.00672853	-0.00164767	-0.00873002	0.00149495	-0.00212746	-7.69E-05
4000	-6000	10	0.00126285	0.000126303	0.00503945	-0.00110054	-0.00782763	0.00151032	-0.00155224	-8.82E-05	0.649040409	0.00191524	0.000214858	0.00763366	-0.00168937	-0.00793245	0.0015794	-0.00153571	-0.000110299
5000	-6000	10	0.00154656	0.000213699	0.00791948	-0.00169214	-0.00876935	0.00190119	-0.00120261	-0.000135125	1.174303779	0.00155981	0.000232325	0.00787532	-0.00169997	-0.00750194	0.00165497	-0.00104712	-0.000128242
6000	-6000	10	0.00115379	0.000221111	0.00794953	-0.00169344	-0.00857376	0.00199331	-0.000788464	-0.000155312	1.171274631	0.00120443	0.000231266	0.00793282	-0.00170611	-0.00734168	0.00171803	-0.000751706	-0.000133379
7000	-6000	10	0.000849972	0.0002186	0.00793292	-0.00169021	-0.00732618	0.00177817	-0.000496772	-0.000131249	1.001501262	0.000927786	0.000220122	0.00794431	-0.00171111	-0.0073076	0.00178501	-0.000561529	-0.000133098
8000	-6000	10	0.00124081	0.000324425	0.0136464	-0.00292575	-0.00991387	0.00248562	-0.000603658	-0.000145264	2.322349509	0.000717426	0.000204142	0.0079421	-0.0017181	-0.00732507	0.00185237	-0.000430186	-0.000129563
9000	-6000	10	0.000629669	0.000160304	0.00792659	-0.00170157	-0.00733921	0.00185992	-0.000420002	-9.79E-05	0.994061074	0.00055652	0.000187334	0.0079328	-0.00172742	-0.00735524	0.00189629	-0.000335833	-0.00012494
-9000	-3000	10	-0.000309936	-7.17E-05	0.00479917	-0.000966342	-0.00685404	0.00190634	0.000251901	6.91E-05	0.59046248	-0.000485509	-0.000142742	0.00813781	-0.00164334	-0.00683035	0.00194749	0.000244898	7.70E-05
-8000	-3000	10	-0.000667956	-0.000136161	0.00824081	-0.00162443	-0.00661685	0.00186252	0.000314208	6.86E-05	1.002911829	-0.000658958	-0.000160269	0.00821797	-0.00162369	-0.0066018	0.001903	0.000309726	8.08E-05
-7000	-3000	10	-0.000908652	-0.00015486	0.00835967	-0.00160747	-0.00631471	0.00181104	0.000382625	7.41E-05	1.008219198	-0.000904475	-0.000177946	0.00832419	-0.00160467	-0.0062824	0.00182451	0.000387097	8.34E-05
-6000	-3000	10	-0.00124839	-0.000170205	0.00847754	-0.00158941	-0.00742839	0.00217981	0.000609015	9.80E-05	1.275893599	-0.00124681	-0.000192703	0.00846272	-0.0015867	-0.00582003	0.00174312	0.000468929	8.45E-05
-5000	-3000	10	-0.00166775	-0.000179909	0.00856659	-0.00156058	-0.00516008	0.00160797	0.000534698	7.42E-05	1.002763162	-0.00167471	-0.000201042	0.0085953	-0.00156475	-0.00511547	0.00163051	0.000526998	8.40E-05
-4000	-3000	10	-0.00322688	-0.000297571	0.0137997	-0.00258438	-0.00413267	0.00143723	0.000494785	7.55E-05	1.748145485	-0.00187366	-0.000189715	0.00801568	-0.00149968	-0.00405908	0.00144115	0.000489867	8.23E-05
-3000	-3000	10	-0.000990057	-0.000116844	0.00458959	-0.00126407	-0.00311045	0.00122977	0.000360826	7.00E-05	0.991021721	-0.00100538	-0.000127131	0.00464376	-0.00127464	-0.00309482	0.00124299	0.000358145	7.31E-05
-2000	-3000	10	-0.000387864	-6.90E-05	0.00271998	-0.00119385	-0.00271658	0.00113437	0.000237635	4.55E-05	0.995936538	-0.000384413	-7.48E-05	0.00273422	-0.00120378	-0.00270626	0.00114193	0.000230192	5.00E-05
-1000	-3000	10	-0.00021142	-5.32E-05	0.00385026	-0.00208333	-0.00342151	0.00147974	0.000124525	3.53E-05	2.30330566	-0.000123846	-3.18E-05	0.00223138	-0.00120759	-0.00256716	0.00109988	9.90E-05	2.21E-05
0	-3000	10	0.000121129	2.01E-05	0.00333086	-0.00182213	-0.00252097	0.00107952	-4.05E-05	-2.92E-06	1.515999618	3.97E-05	1.05E-05	0.00216607	-0.00121026	-0.00254269	0.00109271	-3.30E-05	-7.23E-06
1000	-3000	10	0.000186211	4.19E-05	0.00196086	-0.000961563	-0.00213945	0.000884605	-0.000134578	-3.02E-05	0.662760218	0.000231605	5.35E-05	0.00239477	-0.00120378	-0.00261805	0.00111597	-0.000164885	-3.61E-05
2000	-3000	10	0.000843025	0.00012311	0.00486884	-0.00182925	-0.00280505	0.00115025	-0.000315497	-4.77E-05	1.409122288	0.000625317	9.88E-05	0.00340543	-0.00121991	-0.00285438	0.00118462	-0.000294476	-6.23E-05
3000	-3000	10	0.00252224	0.000294254	0.0111859	-0.00240471	-0.00589021	0.00223361	-0.000532927	-0.000162124	2.914963187	0.00152624	0.000163417	0.00651446	-0.0013904	-0.00348992	0.00133252	-0.000423564	-7.97E-05
4000	-3000	10	0.00188529	0.000172037	0.00851761	-0.0015459	-0.00469169	0.00151985	-0.000593405	-6.41E-05	1.004743354	0.00185549	0.000200361	0.0085233	-0.00154396	-0.00463538	0.00155127	-0.000525163	-8.28E-05
5000	-3000	10	0.00145809	0.000176112	0.0085706	-0.00158149	-0.00555755	0.00167952	-0.000503133	-7.49E-05	1.010580636	0.00145285	0.000197786	0.00853941	-0.0015757	-0.00550883	0.00169812	-0.000504465	-8.37E-05
6000	-3000	10	0.00106801	0.000162198	0.00844744	-0.00160526	-0.00611083	0.0017777	-0.000428283	-7.49E-05	1.012516093	0.00106076	0.000185787	0.00838821	-0.00159506	-0.006071	0.00178622	-0.000427662	-8.35E-05
7000	-3000	10	0.000510572	9.52E-05	0.00546806	-0.00106411	-0.00427381	0.00121349	-0.00023156	-4.75E-05	0.437529408	0.000770713	0.000169734	0.00826733	-0.00161343	-0.00645096	0.00185967	-0.000347048	-8.19E-05
8000	-3000	10	0.000569221	0.000127013	0.0081644	-0.00162567	-0.00672187	0.00188343	-0.000293111	-6.78E-05	0.996495017	0.000565452	0.000151785	0.00817544	-0.00163217	-0.00672231	0.0019263	-0.000275164	-7.84E-05
9000	-3000	10	0.000820559	0.000209989	0.0153357	-0.00310576	-0.00992234	0.00275763	-0.000355678	-0.000100132	2.707435817	0.000419415	0.000134066	0.00810514	-0.00165017	-0.00692119	0.0019599	-0.000217255	-7.44E-05
-9000	0	10	1.42E-07	-1.87E-06	0.00817368	-0.00160389	-0.00660637	0.00193395	2.80E-06	-1.54E-06	0.995696038	-1.99E-06	7.87E-07	0.00820826	-0.00161	-0.00659381	0.00197893	-7.80E-07	-2.90E-07
-8000	0	10	9.05E-06	-2.88E-06	0.0083804	-0.00160193	-0.0062698	0.00189434	-9.28E-06	6.92E-07	1.007781553	-2.14E-06	1.55E-06	0.00829845	-0.00158683	-0.00627037	0.00193872	-4.00E-07	-8.10E-08
-7000	0	10	4.24E-06	-8.60E-07	0.00380836	-0.000710625	-0.00552671	0.00172185	-1.45E-05	1.64E-06	0.428952658	-2.23E-06	1.50E-06	0.00840272	-0.00156331	-0.00582632	0.00186296	-1.08E-07	-9.68E-08
-6000	0	10	7.21E-06	-1.26E-06	0.00855074	-0.00155293	-0.00524434	0.00176871	-1.19E-05	-6.53E-07	1.007478645	-1.87E-06	4.44E-07	0.00851072	-0.00154055	-0.00522408	0.00178272	-3.13E-07	7.39E-08
-5000	0	10	7.01E-06	-1.82E-06	0.0147633	-0.00262954	-0.007581	0.00280403	-8.33E-06	-5.26E-07	2.946834772	-1.05E-06	-1.28E-06	0.00855251	-0.00151478	-0.00443208	0.00166822	-2.90E-07	1.25E-07
-4000	0	10	-8.20E-06	3.37E-06	0.00354841	-0.000658649	-0.00159038	0.000660744	2.04E-05	-3.98E-06	0.205910804	-5.14E-07	-2.51E-06	0.00784434	-0.00144857	-0.00348385	0.00147666	-3.38E-07	2.35E-07
-3000	0	10	1.91E-05	-8.00E-06	0.00454426	-0.00126118	-0.00274849	0.00126111	-3.64E-05	6.30E-06	1.02305993	-4.78E-07	-1.23E-06	0.00445871	-0.00124192	-0.0027296	0.00127241	-1.07E-07	1.92E-07
-2000	0	10	1.46E-06	-4.79E-07	0.00116381	-0.000537575	-0.00109189	0.000523001	-2.11E-06	-1.73E-08	0.208460813	-5.31E-07	-2.00E-07	0.00253715	-0.00117413	-0.00239948	0.0011554	-3.48E-08	6.27E-08
-1000	0	10	4.75E-06	-1.74E-06	0.00205353	-0.00119218	-0.00225444	0.00109174	-5.70E-06	2.00E-06	1.009776074	-4.56E-07	1.69E-07	0.002018	-0.00117647	-0.00226801	0.00110212	3.03E-08	3.90E-08
0	0	10	-6.52E-06	3.02E-06	0.0016168	-0.000970219	-0.00183226	0.000888437	2.67E-06	-3.41E-06	0.675536119	-6.35E-07	3.00E-07	0.00194849	-0.00117798	-0.00224431	0.00109286	1.22E-07	2.57E-08
1000	0	10	-3.31E-06	1.57E-06	0.00178307	-0.000965707	-0.00153834	0.000741806	-1.02E-06	-6.03E-07	0.541740774	-5.18E-07	1.54E-07	0.0021883	-0.00117371	-0.0023172	0.00112159	2.78E-08	1.68E-12
2000	0	10	1.04E-05	-4.79E-06	0.00373124	-0.00140675	-0.00297821	0.00140456	-2.22E-05	2.71E-06	1.366804475	-1.04E-07	-3.12E-07	0.00321766	-0.00118926	-0.00252881	0.00120303	7.55E-08	7.02E-08
3000	0	10	-1.22E-05	3.69E-06	0.00768532	-0.00161603	-0.00359106	0.00158366	-3.78E-07	-4.40E-06	1.430833966	3.84E-07	-8.74E-07	0.00632299	-0.00134813	-0.00304	0.00136405	2.23E-08	1.35E-07
4000	0	10	-2.48E-06	2.00E-07	0.00844111	-0.00150335	-0.00399457	0.00155661	3.97E-06	5.22E-08	1.00633144	1.08E-06	-4.33E-07	0.00841309	-0.00149286	-0.00397094	0.001583	1.41E-07	3.35E-07
5000	0	10	-4.02E-06	-5.20E-07	0.00868027	-0.0015544	-0.00487392	0.00171451	1.55E-06	6.56E-07	1.017434326	1.25E-06	5.67E-07	0.00855115	-0.00152749	-0.00485491	0.00173385	2.80E-07	4.58E-07
6000	0	10	-0.0001032	2.93E-05	0.00600856	-0.00109154	-0.00251106	0.00081836	4.45E-05	-5.96E-06	0.321205105	1.34E-06	1.15E-06	0.00845705	-0.00155168	-0.00554632	0.00182275	5.05E-07	5.27E-07
7000	0	10	-1.13E-05	3.52E-06	0.00805677	-0.00148832	-0.00414454	0.00127301	1.60E-05	7.51E-07	0.658200662	1.64E-06	9.82E-07	0.00834836	-0.0015748	-0.00606287	0.00189633	5.63E-07	4.93E-07
8000	0	10	9.64E-05	-2.64E-05	0.0058461	-0.00111123	-0.00290316	0.000865193	-2.48E-05	3.80E-06	0.318377326	1.79E-06	3.30E-07	0.00825065	-0.00159832	-0.00644441	0.0019619	3.91E-07	6.38E-07
9000	0	10	1.07E-05	-2.48E-06	0.0155936	-0.00307274	-0.00960794	0.00280908	2.43E-05	-5.00E-06	2.725325081	1.58E-06	-2.92E-07	0.00816779	-0.0016208	-0.00672146	0.00199237	3.08E-07	6.13E-07
-9000	3000	10	0.000407385	0.000108759	0.00691635	-0.00128816	-0.00342313	0.000931349	-3.04E-05	-4.51E-05	0.423831	0.0004872	0.000140708	0.00813872	-0.00164354	-0.00682933	0.00194417	-0.000246072	-7.75E-05
-8000	3000	10	0.000461993	0.000139809	0.00700084	-0.00128156	-0.00115458	0.000328122	-5.06E-05	-1.24E-05	0.148566611	0.00066108	0.000159285	0.00821792	-0.00162309	-0.00659994	0.0019006	-0.00031044	-8.09E-05
-7000	3000	10	0.00129365	0.000240101	0.0126981	-0.00240254	-0.006252	0.00179873	-0.000377339	-7.41E-05	1.516585374	0.000905496	0.00017769	0.00832392	-0.00160586	-0.00628092	0.00182529	-0.000387677	-8.35E-05
-6000	3000	10	0.0012534	0.00017219	0.00856217	-0.001596	-0.00584179	0.00173132	-0.000467467	-7.34E-05	1.014126008	0.00124628	0.000193184	0.00846276	-0.00158764	-0.00581982	0.00174596	-0.000469445	-8.43E-05
-5000	3000	10	0.00166121	0.000180465	0.00857686	-0.00156109	-0.00515269	0.00160845	-0.000526523	-7.93E-05	1.002221957	0.00167346	0.000202351	0.00859511	-0.00156579	-0.00511895	0.00163424	-0.000527356	-8.36E-05
-4000	3000	10	0.00272462	0.000248236	0.0118023	-0.0021962	-0.00764202	0.00265676	-0.000918387	-0.000137232	2.762077812	0.00187287	0.000191797	0.00801507	-0.00149979	-0.00406159	0.00144472	-0.00049024	-8.19E-05
-3000	3000	10	0.00101132	0.000117964	0.00469619	-0.00129002	-0.00583767	0.00231304	-0.00066983	-0.00012928	1.902187435	0.00100574	0.000127969	0.00464404	-0.00127559	-0.00309647	0.00124453	-0.00035833	-7.27E-05
-2000	3000	10	0.000381188	7.06E-05	0.00276658	-0.00119945	-0.00510089	0.00213221	-0.000414393	-8.29E-05	1.897797905	0.000385123	7.51E-05	0.00273463	-0.00120454	-0.00270803	0.0011433	-0.000230171	-4.96E-05
-1000	3000	10	0.000135752	4.39E-05	0.00318313	-0.00174466	-0.00481165	0.00205095	-0.000180955	-2.53E-05	2.678225858	0.000124534	3.22E-05	0.00223163	-0.00120807	-0.00256807	0.00110011	-9.90E-05	-2.18E-05
0	3000	10	-4.04E-05	-1.13E-05	0.00216307	-0.00120621	-0.00252614	0.00107931	3.53E-05	8.18E-06	0.990204157	-3.95E-05	-9.89E-06	0.00216617	-0.00121087	-0.00254365	0.00109332	3.30E-05	7.40E-06
1000	3000	10	-0.000148854	-3.24E-05	0.00156342	-0.000785548	-0.00260022	0.00109336	0.000167541	3.52E-05	0.646577604	-0.000230986	-5.32E-05	0.00239458	-0.00120422	-0.00261964	0.00111594	0.000164912	3.61E-05
2000	3000	10	-0.00106773	-0.000158898	0.00586253	-0.00209182	-0.00390068	0.00157925	0.000431585	8.32E-05	2.34022115	-0.000624927	-9.86E-05	0.00340585	-0.00121944	-0.00285502	0.00118396	0.000294547	6.24E-05
3000	3000	10	-0.00151724	-0.000153031	0.00651334	-0.00138684	-0.00350129	0.00131086	0.000407352	7.91E-05	1.00090359	-0.00152674	-0.00016359	0.00651462	-0.00139248	-0.00349076	0.00133164	0.000423545	7.98E-05
4000	3000	10	-0.00187595	-0.00018403	0.00859502	-0.00155483	-0.00304226	0.00101411	0.000320811	5.08E-05	0.662427548	-0.00185702	-0.0002002	0.00852188	-0.00154674	-0.00463446	0.00155039	0.000525467	8.32E-05
5000	3000	10	-0.00147194	-0.000175996	0.00857748	-0.00158149	-0.00555198	0.00167709	0.000520391	7.58E-05	1.009751346	-0.00145728	-0.000198549	0.00853969	-0.00157701	-0.00550884	0.00169811	0.000504944	8.45E-05
6000	3000	10	-0.00106728	-0.000161124	0.00835687	-0.0015908	-0.00612411	0.00177861	0.000435172	7.36E-05	1.003157067	-0.0010646	-0.000185926	0.00838869	-0.00159634	-0.00607359	0.00178569	0.000428356	8.42E-05
7000	3000	10	-0.0013376	-0.000245133	0.0141364	-0.00275868	-0.0110448	0.00314229	0.000613904	0.000117648	2.922178455	-0.000773447	-0.000169584	0.00826618	-0.00161477	-0.00645495	0.00185885	0.000347875	8.24E-05
8000	3000	10	-0.000569268	-0.000126084	0.00814351	-0.00162159	-0.00674324	0.00188478	0.000284799	6.75E-05	0.996564296	-0.000567146	-0.000151901	0.00817499	-0.00163432	-0.00672508	0.00192757	0.000275896	7.94E-05
9000	3000	10	-0.000427363	-0.00011163	0.00810697	-0.00164376	-0.00691904	0.0019181	0.000230608	6.42E-05	0.997907216	-0.000420983	-0.000134476	0.00810473	-0.00165231	-0.00692138	0.00196128	0.000217786	7.53E-05
-9000	6000	10	0.0006349	0.000182745	0.00786692	-0.00169546	-0.00735181	0.00184389	-0.00041392	-0.000114846	0.990399581	0.000628035	0.000195854	0.00793963	-0.00172456	-0.00734044	0.00187648	-0.000381364	-0.000128458
-8000	6000	10	0.000801238	0.000198874	0.0078953	-0.00169178	-0.00733704	0.00179876	-0.000500011	-0.000115104	0.994642201	0.000811968	0.000212496	0.00794568	-0.00171559	-0.00731778	0.00182552	-0.00049125	-0.000132087
-7000	6000	10	0.00139385	0.000285016	0.0107999	-0.0023216	-0.0125702	0.0029946	-0.00110222	-0.000198839	2.33442274	0.00105384	0.000226425	0.00794289	-0.00170982	-0.00731988	0.00175002	-0.000648096	-0.000134297
-6000	6000	10	0.00138311	0.000216885	0.00802121	-0.00172496	-0.0127778	0.00289161	-0.00154065	-0.000197162	1.74859404	0.00137062	0.000233076	0.00791551	-0.00170374	-0.00739869	0.0016842	-0.000882448	-0.000132406
-5000	6000	10	0.00240582	0.000283138	0.0106267	-0.00230016	-0.010448	0.00219008	-0.00172087	-0.00014686	1.854673555	0.00175089	0.000226245	0.00779765	-0.00169803	-0.00766732	0.00161676	-0.00126222	-0.000121774
-4000	6000	10	0.00193253	0.000179973	0.00726846	-0.00165037	-0.00835582	0.00152224	-0.0018572	-8.53E-05	1.000091753	0.00195803	0.000196927	0.00730597	-0.00167483	-0.00830594	0.00153672	-0.0018602	-9.37E-05
-3000	6000	10	0.0014174	0.000144847	0.00605463	-0.00160403	-0.00900798	0.00145249	-0.00210886	-6.46E-05	1.005954225	0.00140754	0.000157903	0.00602895	-0.00161934	-0.00897586	0.00145818	-0.00209764	-7.38E-05
-2000	6000	10	0.000745643	0.000100659	0.00504393	-0.00159232	-0.00911648	0.00140334	-0.00147725	-5.88E-05	1.013857411	0.000731145	0.000109017	0.0049762	-0.00159578	-0.00909791	0.00139361	-0.00146984	-6.55E-05
-1000	6000	10	0.00016281	2.89E-05	0.003197	-0.00111552	-0.00411651	0.000623965	-0.000286134	-1.52E-05	0.322185519	0.00027278	4.92E-05	0.00449709	-0.00159689	-0.00907311	0.00135369	-0.000633492	-3.42E-05
0	6000	10	-8.43E-05	-1.51E-05	0.00433894	-0.00152424	-0.00410421	0.000620511	9.53E-05	5.01E-06	0.443781593	-8.87E-05	-1.66E-05	0.0044131	-0.00159819	-0.00906527	0.00134653	0.000211458	1.14E-05
1000	6000	10	-0.000301578	-5.02E-05	0.00330842	-0.00111385	-0.00412212	0.000629056	0.000477865	2.46E-05	0.320722101	-0.00048197	-8.17E-05	0.0046781	-0.00159494	-0.00908996	0.0013672	0.00105779	5.24E-05
2000	6000	10	-0.000977379	-0.000134521	0.00543869	-0.0015958	-0.00903081	0.00141976	0.00180136	7.43E-05	0.999799425	-0.00104072	-0.000138668	0.00542298	-0.00160283	-0.00907756	0.00141961	0.00184078	7.09E-05
3000	6000	10	-0.00329569	-0.000237165	0.0115971	-0.00280352	-0.0150048	0.00253474	0.00387614	6.42E-05	2.92876609	-0.00176918	-0.000181662	0.00673037	-0.00164906	-0.00873051	0.00149406	0.00212903	7.63E-05
4000	6000	10	-0.00184068	-0.000204355	0.00760464	-0.00166736	-0.00797496	0.00156125	0.0015003	0.000107107	1.002504226	-0.00191239	-0.000216701	0.00763532	-0.00169044	-0.00793216	0.00157768	0.00153647	0.000110516
5000	6000	10	-0.00154934	-0.000214426	0.00790041	-0.00168949	-0.00755603	0.00164232	0.00105231	0.000114426	1.00913044	-0.00155504	-0.000234236	0.00787712	-0.00170274	-0.00749907	0.00165385	0.00104835	0.000128865
6000	6000	10	-0.00118877	-0.000213594	0.00790336	-0.00168348	-0.00739676	0.00171493	0.000755157	0.00011976	1.002331261	-0.00120017	-0.000233629	0.00793303	-0.00170685	-0.00734352	0.00171753	0.000752305	0.000133884
7000	6000	10	-0.00159245	-0.000349766	0.0135856	-0.0029039	-0.0125034	0.0030345	0.000993602	0.000199866	2.921553124	-0.000925745	-0.000221706	0.00794546	-0.00171266	-0.0073082	0.00178538	0.00056254	0.000133625
8000	6000	10	-0.00071309	-0.000192862	0.0079116	-0.00169248	-0.00733796	0.00182399	0.000448453	0.000114719	0.996166744	-0.000717159	-0.000203762	0.00794287	-0.00171959	-0.0073226	0.00185446	0.000431088	0.000130285
9000	6000	10	-0.00057209	-0.000179955	0.00801187	-0.0017215	-0.0073114	0.00185471	0.000357717	0.00011086	1.001846028	-0.000556076	-0.000185454	0.00793391	-0.00172891	-0.00735565	0.00189408	0.0003362	0.000125565
-9000	9000	10	0.000596449	0.000361462	0.0132667	-0.00308609	-0.0131041	0.00309432	-0.000350259	-0.000263945	2.91306256	0.000450889	0.000207885	0.00776316	-0.00182203	-0.00768834	0.00182493	-0.000324036	-0.000141645
-8000	9000	10	0.000610218	0.000180354	0.0076825	-0.00178952	-0.00769478	0.00175367	-0.000459372	-0.000113442	0.987235629	0.000524008	0.00021597	0.00771568	-0.0018255	-0.00773951	0.00178496	-0.000388381	-0.000141201
-7000	9000	10	0.000631374	0.000191747	0.00765601	-0.00180147	-0.0078204	0.00172353	-0.000483031	-0.000124244	1.001283952	0.00059558	0.000215532	0.00764386	-0.0018295	-0.00780843	0.00173225	-0.0004608	-0.000139364
-6000	9000	10	0.000690497	0.000187355	0.00762267	-0.00182395	-0.0079293	0.001677	-0.000551678	-0.000117629	1.011810601	0.000652373	0.000204631	0.00753809	-0.00183646	-0.00790968	0.00168477	-0.000536481	-0.000134584
-5000	9000	10	0.000136814	2.82E-05	0.00131108	-0.00032321	-0.00143247	0.000289643	-0.000120283	-1.72E-05	0.031467654	0.000672338	0.000186672	0.00738466	-0.00184606	-0.00805656	0.00164496	-0.000599807	-0.000125762
-4000	9000	10	0.00057838	0.000161725	0.00724505	-0.00183776	-0.00832042	0.00159693	-0.00057747	-0.000114729	1.018706228	0.000630632	0.000162335	0.00718406	-0.00185684	-0.0082297	0.0016028	-0.000621932	-0.000111551
-3000	9000	10	0.000517744	0.000117568	0.00697751	-0.00183883	-0.00842516	0.00154877	-0.000565796	-8.11E-05	1.004896941	0.000517984	0.000129907	0.00695579	-0.0018689	-0.00839608	0.00155749	-0.000567055	-9.05E-05
-2000	9000	10	0.000356245	7.72E-05	0.00676709	-0.00184475	-0.00854	0.00152302	-0.000421429	-5.72E-05	1.003428115	0.000350403	8.84E-05	0.00675182	-0.00187823	-0.00851691	0.00151892	-0.000417884	-6.24E-05
-1000	9000	10	0.000164456	3.28E-05	0.00662832	-0.00184835	-0.00861269	0.00151081	-0.000200622	-2.44E-05	1.003361402	0.000154455	3.98E-05	0.00661987	-0.00188476	-0.00858261	0.0014967	-0.000193356	-2.81E-05
0	9000	10	-4.10E-05	-6.98E-06	0.00549445	-0.00154408	-0.00863903	0.00150993	7.40E-05	8.46E-06	0.836757242	-5.07E-05	-1.21E-05	0.00659222	-0.00188697	-0.00859487	0.00149301	6.62E-05	9.26E-06
1000	9000	10	-0.000267985	-5.64E-05	0.00676043	-0.00187341	-0.0115925	0.00205084	0.000434261	5.68E-05	1.370757951	-0.00025373	-6.31E-05	0.00667328	-0.0018824	-0.00855691	0.00150578	0.000313839	4.56E-05
2000	9000	10	-0.00038127	-8.29E-05	0.00573135	-0.00153798	-0.00849365	0.00153486	0.000511825	7.03E-05	0.83811751	-0.000439233	-0.00010978	0.00684833	-0.00187398	-0.00846673	0.00153635	0.000504698	7.73E-05
3000	9000	10	-0.000566613	-0.000138804	0.00714524	-0.00184745	-0.00833057	0.00156384	0.000595885	9.46E-05	1.010054592	-0.000583663	-0.000148821	0.00707079	-0.00186279	-0.00832205	0.00158141	0.000606557	0.000102027
4000	9000	10	-0.000274642	-7.75E-05	0.00330231	-0.000825747	-0.00574551	0.00111691	0.000332692	0.000102883	0.319631844	-0.000662971	-0.00017811	0.0072882	-0.00185251	-0.00814205	0.00162655	0.000618747	0.00011937
5000	9000	10	-0.000710515	-0.000178516	0.00748084	-0.00181518	-0.0100654	0.00207326	0.000742714	0.000145538	1.262331907	-0.000673084	-0.00019731	0.0074674	-0.00184168	-0.00797099	0.00166327	0.000571653	0.000130483
6000	9000	10	-0.000714098	-0.000179308	0.00758319	-0.00180118	-0.00993532	0.00213051	0.000885194	0.000106434	1.258892552	-0.000631617	-0.000208729	0.00759574	-0.0018322	-0.00784597	0.00169943	0.000498929	0.000137119
7000	9000	10	-0.000421649	-0.000125	0.00510948	-0.00120198	-0.00779938	0.00174577	0.000522033	0.000111185	0.66607471	-0.000562101	-0.000215162	0.00768346	-0.00182831	-0.00776787	0.00175097	0.000422962	0.000140802
8000	9000	10	-0.00066809	-0.00026875	0.0105676	-0.0024613	-0.0104884	0.00244081	0.000469116	0.000176772	1.853099426	-0.000484442	-0.000216016	0.0077422	-0.00182324	-0.00771565	0.00181462	0.000353852	0.000141578
9000	9000	10	-0.000436771	-0.000184758	0.00772698	-0.00178585	-0.00767149	0.00182201	0.000307559	0.000127768	0.99047898	-0.000411491	-0.000209578	0.00778049	-0.00182153	-0.00767802	0.00185113	0.000293847	0.000140147
-9000	-9000	20	-0.000549466	-4.03E-05	0.00717527	-0.00215579	-0.00714634	0.00213453	0.000389027	1.92E-05	1.01702879	-0.000522758	-5.47E-05	0.00706948	-0.00221	-0.00709544	0.00212374	0.000310552	0.000143198
-8000	-9000	20	-0.000602085	-3.80E-05	0.00710385	-0.00214268	-0.00721264	0.00212961	0.000433366	1.49E-05	1.014946994	-0.000594329	-4.79E-05	0.00701958	-0.0022063	-0.00715821	0.00210524	0.000376761	0.000142224
-7000	-9000	20	-0.000779384	-3.21E-05	0.00832415	-0.00253132	-0.00862975	0.00250231	0.00058734	4.67E-06	1.41904755	-0.000660624	-3.86E-05	0.0069499	-0.00220211	-0.00725066	0.00208974	0.000447708	0.000133539
-6000	-9000	20	-0.000834586	-1.39E-05	0.00819332	-0.00251403	-0.008794	0.00247662	0.000653249	-6.93E-06	1.418387679	-0.000708004	-2.78E-05	0.00684771	-0.00219499	-0.00737987	0.00207754	0.000518861	0.00011741
-5000	-9000	20	-0.00071233	1.31E-06	0.00678597	-0.00210547	-0.00761173	0.00207562	0.000613462	-1.88E-05	1.015253054	-0.000716267	-1.73E-05	0.00670246	-0.00218364	-0.00754432	0.00206883	0.000576938	9.50E-05
-4000	-9000	20	-0.000668047	9.60E-06	0.0066132	-0.00209097	-0.0077797	0.00207384	0.000621492	-2.76E-05	1.016498738	-0.000663626	-9.21E-06	0.00651234	-0.00216623	-0.00772578	0.00206259	0.000595113	6.97E-05
-3000	-9000	20	-0.000533158	8.43E-06	0.00636545	-0.00206059	-0.00801711	0.00210693	0.000561911	-2.97E-05	1.021419127	-0.000541889	-4.47E-06	0.00629816	-0.00214331	-0.00789377	0.00205662	0.000539712	4.60E-05
-2000	-9000	20	-0.00034916	3.93E-06	0.00611084	-0.00201947	-0.00807602	0.00211105	0.000418271	-2.49E-05	1.004015856	-0.00036584	-2.33E-06	0.00610752	-0.00212208	-0.00801497	0.00205297	0.000396235	2.67E-05
-1000	-9000	20	-0.000237338	9.17E-07	0.00820505	-0.002752	-0.0138926	0.00362394	0.000374315	-2.80E-05	2.348224684	-0.000161049	-7.89E-07	0.00598426	-0.00210698	-0.00808262	0.00205093	0.00018304	1.19E-05
0	-9000	20	9.64E-05	-9.23E-06	0.00820439	-0.00275183	-0.0139075	0.00362759	-8.28E-05	9.39E-06	2.357179735	5.38E-05	5.53E-07	0.00595819	-0.00210411	-0.00809476	0.0020503	-6.15E-05	-5.95E-07
1000	-9000	20	0.000267305	-8.61E-06	0.00612082	-0.00202375	-0.00806893	0.00210775	-0.000298541	1.93E-05	1.011204628	0.000265423	1.95E-06	0.00603517	-0.00211395	-0.00805589	0.00205231	-0.000294618	-1.52E-05
2000	-9000	20	0.00070939	-1.89E-05	0.00938636	-0.00302855	-0.0076908	0.00203852	-0.000476625	3.19E-05	1.455353271	0.000458814	3.48E-06	0.0061977	-0.00213269	-0.00796046	0.00205463	-0.000475994	-3.33E-05
3000	-9000	20	0.000244613	-8.09E-07	0.0028313	-0.000893461	-0.00606116	0.00154194	-0.00045936	1.30E-05	0.339901635	0.000610665	6.62E-06	0.00640631	-0.00215454	-0.00781359	0.00205941	-0.000576125	-5.57E-05
4000	-9000	20	0.000706392	-3.94E-06	0.00686854	-0.00214232	-0.00758501	0.00206311	-0.000617846	2.14E-05	1.026250694	0.000698165	1.30E-05	0.00661196	-0.0021754	-0.00763461	0.0020646	-0.000592579	-8.16E-05
5000	-9000	20	0.000702674	8.80E-06	0.00683518	-0.00210584	-0.00750697	0.002084	-0.000574617	8.30E-06	1.008925296	0.000717629	2.24E-05	0.00678185	-0.00219014	-0.00745867	0.00207286	-0.000551185	-0.000106149
6000	-9000	20	0.000999013	2.81E-05	0.010127	-0.0031056	-0.0106007	0.00305031	-0.000767873	2.00E-06	2.117860355	0.000686575	3.33E-05	0.00690475	-0.00219922	-0.00731106	0.00208347	-0.000483708	-0.00012505
7000	-9000	20	0.000909986	3.84E-05	0.0101946	-0.00310071	-0.0136126	0.00398159	-0.000913217	-9.43E-06	2.745503008	0.000627428	4.36E-05	0.00698837	-0.00220311	-0.00720055	0.00209742	-0.000412024	-0.00013613
8000	-9000	20	0.000556491	3.63E-05	0.00701862	-0.0021158	-0.00719388	0.00213387	-0.000400848	-1.96E-05	1.001384223	0.000557186	5.18E-05	0.00704538	-0.00220446	-0.00712378	0.00211509	-0.000344338	-0.000140222
9000	-9000	20	0.000683116	5.22E-05	0.00972346	-0.00293495	-0.0121646	0.00366527	-0.000577423	-4.68E-05	2.350716845	0.000486569	5.74E-05	0.00708671	-0.00220695	-0.00707258	0.00213231	-0.000281905	-0.000138477
-9000	-6000	20	-0.000437198	-9.45E-06	0.00485664	-0.0014004	-0.00561814	0.00172588	0.000343635	7.08E-06	0.55560696	-0.000675606	-2.86E-05	0.00724054	-0.00213425	-0.00675593	0.00209943	0.000369816	0.000114665
-8000	-6000	20	-0.000860928	8.26E-06	0.0074238	-0.00213415	-0.00680848	0.00207923	0.000528379	-4.92E-06	1.0288694	-0.000852147	-1.28E-05	0.00724822	-0.00211883	-0.00675596	0.0020676	0.00047569	0.000110011
-7000	-6000	20	-0.00108404	3.28E-05	0.00739606	-0.00212168	-0.00685778	0.0020515	0.000667791	-2.26E-05	1.027209415	-0.00108457	1.31E-05	0.00724911	-0.00210349	-0.00679183	0.00203516	0.00062292	9.33E-05
-6000	-6000	20	-0.00137654	6.99E-05	0.00732166	-0.00209966	-0.00697023	0.0020179	0.000884912	-5.46E-05	1.019904565	-0.00138757	5.27E-05	0.0072277	-0.00208365	-0.00690398	0.00200577	0.000840538	5.94E-05
-5000	-6000	20	-0.0030042	0.000222305	0.012388	-0.00357604	-0.0123287	0.00342289	0.00212343	-0.000196775	2.97432206	-0.00175109	0.000109376	0.00712429	-0.00205412	-0.00718935	0.00198909	0.00118931	-2.35E-06
-4000	-6000	20	-0.00191045	0.000159751	0.00677278	-0.00199312	-0.00789798	0.00204767	0.00181267	-0.000213496	1.023599259	-0.00194168	0.000153873	0.00667019	-0.00196397	-0.0078238	0.00201525	0.00173894	-0.000108771
-3000	-6000	20	-0.000630979	4.35E-05	0.00252251	-0.000798577	-0.00601927	0.0014674	0.00137111	-0.000167878	0.325614406	-0.00140253	0.000101367	0.00549623	-0.00175724	-0.00848549	0.00205353	0.00195137	-0.000171893
-2000	-6000	20	-0.000790196	3.97E-05	0.00462426	-0.0016012	-0.00865144	0.00209234	0.001431	-0.000176764	1.022613089	-0.000738295	3.88E-05	0.00452301	-0.00159684	-0.00861895	0.00203482	0.00135538	-0.000115484
-1000	-6000	20	-0.000284266	5.77E-06	0.00413624	-0.00151707	-0.00859752	0.00206353	0.00061171	-7.12E-05	1.010519421	-0.000278218	1.06E-05	0.00408203	-0.0015294	-0.00860794	0.00201309	0.000576043	-4.65E-05
0	-6000	20	0.000120914	-5.35E-06	0.004079	-0.00151271	-0.00864193	0.00206854	-0.000210017	2.52E-05	1.021625955	9.06E-05	-3.07E-06	0.00400524	-0.00151786	-0.00860145	0.00200874	-0.000195424	1.62E-05
1000	-6000	20	0.000228617	-6.79E-06	0.00194611	-0.000698263	-0.00599409	0.00142648	-0.000695061	8.00E-05	0.318145101	0.000489055	-2.15E-05	0.00424626	-0.0015525	-0.00861648	0.00202238	-0.000970913	8.12E-05
2000	-6000	20	0.00105111	-6.31E-05	0.00503706	-0.00167358	-0.00861598	0.0020951	-0.00178573	0.000225152	1.022096741	0.00104394	-6.51E-05	0.00493238	-0.0016626	-0.00858947	0.00204756	-0.00170205	0.000152612
3000	-6000	20	0.00177567	-0.000152511	0.00628623	-0.00190143	-0.00826632	0.00207418	-0.00206379	0.000264176	1.024890315	0.00175666	-0.000139069	0.00613607	-0.0018642	-0.00823716	0.00204508	-0.0019752	0.000161119
4000	-6000	20	0.00125713	-0.000103713	0.0046758	-0.00135163	-0.0073751	0.00195088	-0.00151703	0.000164822	0.660012833	0.00190392	-0.000138189	0.00697477	-0.00201654	-0.00745182	0.00199467	-0.0014398	5.05E-05
5000	-6000	20	0.00155129	-9.44E-05	0.00734691	-0.00210811	-0.00823582	0.00232302	-0.00119844	9.13E-05	1.196587345	0.00156705	-7.92E-05	0.00719104	-0.002065	-0.00701569	0.00199502	-0.000993067	-3.14E-05
6000	-6000	20	0.00117389	-3.55E-05	0.00737464	-0.00211618	-0.008028	0.00236678	-0.000797893	2.11E-05	1.195822474	0.00122659	-3.08E-05	0.00724214	-0.00208991	-0.00683442	0.0020204	-0.000719945	-7.79E-05
7000	-6000	20	0.000873589	6.23E-06	0.00735289	-0.00211316	-0.00683178	0.00207471	-0.0005119	-6.49E-06	1.023703108	0.000959653	1.55E-06	0.00724834	-0.0021076	-0.00676719	0.00205129	-0.000541557	-0.000101971
8000	-6000	20	0.00128193	1.56E-05	0.0126484	-0.00365563	-0.00920477	0.00285209	-0.000624286	-3.11E-06	2.375946611	0.000757879	2.17E-05	0.00724325	-0.00212291	-0.00675172	0.00208284	-0.000417787	-0.00011217
9000	-6000	20	0.000651485	6.55E-06	0.00734827	-0.00212263	-0.00680117	0.00211457	-0.00043575	4.08E-06	1.017176152	0.000603239	3.42E-05	0.007234	-0.00213656	-0.0067626	0.00211246	-0.0003267	-0.000112151
-9000	-3000	20	-0.000325871	6.29E-06	0.00446724	-0.00125011	-0.00632025	0.00207404	0.000261556	3.92E-06	0.607166215	-0.000516766	-6.90E-06	0.00742448	-0.0020726	-0.00625808	0.00206034	0.000238611	6.54E-05
-8000	-3000	20	-0.000699369	1.76E-05	0.00767985	-0.00212132	-0.00610206	0.00201997	0.000320193	-2.51E-06	1.031189162	-0.000688054	8.37E-06	0.00750261	-0.00205246	-0.00605867	0.00199986	0.000296776	6.25E-05
-7000	-3000	20	-0.000937345	3.89E-05	0.00779982	-0.0021271	-0.00583679	0.00194499	0.000386899	-1.04E-05	1.035397059	-0.000927679	3.36E-05	0.00760788	-0.00203645	-0.00578421	0.00191971	0.000365121	5.39E-05
-6000	-3000	20	-0.0012669	7.63E-05	0.00791911	-0.00212776	-0.00688938	0.00228867	0.000611092	-3.03E-05	1.308481778	-0.0012594	7.30E-05	0.00774464	-0.00202433	-0.00538082	0.00180158	0.000439499	3.84E-05
-5000	-3000	20	-0.00167074	0.000129025	0.00801151	-0.00211713	-0.00479329	0.00160485	0.000534041	-3.28E-05	1.0254558	-0.00167056	0.000125268	0.0078757	-0.00201347	-0.0047487	0.0016111	0.000492249	1.97E-05
-4000	-3000	20	-0.00320919	0.000274981	0.0129174	-0.00342882	-0.00383548	0.00133231	0.00049869	-2.67E-05	1.781164556	-0.00185717	0.000151756	0.00734727	-0.00188269	-0.0037821	0.00132285	0.000456608	9.23E-06
-3000	-3000	20	-0.000993197	6.07E-05	0.00427926	-0.00133458	-0.00289818	0.00105917	0.000365935	-1.13E-05	1.009780081	-0.00100321	6.43E-05	0.00424328	-0.00129972	-0.00289182	0.00105855	0.00033356	9.97E-06
-2000	-3000	20	-0.000395321	6.86E-06	0.00251371	-0.0010088	-0.00254326	0.000954914	0.000240506	-6.81E-06	1.014067403	-0.000390993	1.11E-05	0.00247635	-0.00100248	-0.00254207	0.000946101	0.000215965	6.25E-06
-1000	-3000	20	-0.000217018	-5.37E-06	0.00353053	-0.00161474	-0.00321241	0.00123883	0.000125275	9.05E-09	2.338328861	-0.000128536	-2.05E-07	0.00200656	-0.00093529	-0.00241898	0.000903502	9.30E-05	2.37E-06
0	-3000	20	0.000124459	-4.15E-06	0.00305303	-0.00141059	-0.00237347	0.000907854	-3.77E-05	3.03E-06	1.547083342	4.07E-05	3.21E-07	0.00194654	-0.000926253	-0.0023996	0.000897313	-3.05E-05	-9.29E-07
1000	-3000	20	0.000193745	3.32E-06	0.00180262	-0.000774026	-0.00200546	0.000751862	-0.00013691	1.30E-06	0.676393978	0.000237396	-2.64E-06	0.0021592	-0.000954468	-0.00246447	0.00091925	-0.000153992	-4.00E-06
2000	-3000	20	0.000857776	-3.26E-05	0.00451384	-0.00165544	-0.00261537	0.000982537	-0.00032028	1.48E-05	1.430520227	0.000627877	-2.96E-05	0.00309595	-0.00110182	-0.00267356	0.000989333	-0.000275015	-9.75E-06
3000	-3000	20	0.00251951	-0.000173618	0.0104643	-0.00292437	-0.0054661	0.00197133	-0.000544399	-1.81E-05	2.971967817	0.00151395	-0.000115198	0.00596373	-0.0016158	-0.0032541	0.00116778	-0.000394226	-1.29E-05
4000	-3000	20	0.0018848	-0.000158841	0.00797471	-0.0020942	-0.00434866	0.00146667	-0.000589916	4.63E-05	1.025032669	0.00184371	-0.00014809	0.0078105	-0.00198377	-0.00430734	0.00147883	-0.000488679	-1.39E-05
5000	-3000	20	0.00147282	-0.000102775	0.00801412	-0.0021342	-0.00515246	0.00171595	-0.000504592	2.79E-05	1.034374223	0.00146059	-9.82E-05	0.00781787	-0.00201928	-0.0051028	0.00171836	-0.000471059	-2.85E-05
6000	-3000	20	0.001093	-5.93E-05	0.0078882	-0.00213532	-0.00566191	0.00188037	-0.000430501	1.70E-05	1.038514385	0.00108169	-5.15E-05	0.00767393	-0.0020281	-0.00560499	0.00186862	-0.000402139	-4.52E-05
7000	-3000	20	0.000530654	-1.93E-05	0.0051004	-0.00139795	-0.00394876	0.00130762	-0.000235815	4.67E-06	0.44964968	0.000797963	-1.91E-05	0.00755151	-0.00204086	-0.00593272	0.00196221	-0.000328347	-5.75E-05
8000	-3000	20	0.000600837	-1.18E-05	0.00760658	-0.0021125	-0.00619836	0.00204643	-0.000301979	1.44E-06	1.024821047	0.000595395	6.97E-07	0.00746124	-0.0020595	-0.00616505	0.00203179	-0.000265918	-6.29E-05
9000	-3000	20	0.000874682	-5.72E-06	0.0142508	-0.00400541	-0.00912323	0.00301382	-0.000366415	-2.38E-06	2.775039936	0.000450365	1.24E-05	0.00739054	-0.00207894	-0.00633747	0.00208394	-0.000211779	-6.39E-05
-9000	0	20	3.55E-06	2.07E-08	0.00762008	-0.00209996	-0.00607518	0.00205604	3.71E-06	-5.83E-07	1.02700044	-1.13E-06	7.76E-07	0.00749133	-0.00203821	-0.00602115	0.00204223	9.44E-07	9.26E-07
-8000	0	20	1.32E-05	-6.52E-07	0.00782177	-0.00212586	-0.00576156	0.00199162	-9.38E-06	7.28E-07	1.038965028	-1.13E-06	6.37E-07	0.00758296	-0.00201585	-0.00573218	0.00196987	4.02E-07	5.20E-07
-7000	0	20	6.41E-06	5.91E-07	0.0035591	-0.000953345	-0.00509144	0.00177653	-1.37E-05	1.51E-06	0.442417237	-1.13E-06	4.92E-07	0.00768577	-0.00199351	-0.00533765	0.00187109	-9.95E-07	2.85E-07
-6000	0	20	1.12E-05	2.17E-06	0.00800053	-0.00211354	-0.00483731	0.00174293	-1.12E-05	1.72E-06	1.038034789	-1.16E-06	3.52E-07	0.00778512	-0.00197115	-0.00480147	0.00173104	-1.56E-06	3.70E-07
-5000	0	20	1.13E-05	6.01E-06	0.0138147	-0.00361514	-0.00699398	0.00259629	-7.68E-06	9.81E-07	3.030667185	-1.18E-06	2.56E-07	0.00782045	-0.00194215	-0.00408698	0.00152523	-1.15E-06	-1.49E-07
-4000	0	20	-8.38E-06	3.72E-06	0.003326	-0.000875599	-0.00146892	0.000564324	1.97E-05	-5.06E-06	0.211966682	-1.06E-06	1.52E-07	0.00716609	-0.00179757	-0.0032217	0.00125031	-7.22E-07	2.20E-07
-3000	0	20	1.74E-05	-5.64E-06	0.00424076	-0.00132513	-0.00254948	0.00102375	-3.58E-05	9.38E-06	1.054208323	-5.86E-07	2.82E-09	0.00405787	-0.00123345	-0.00253472	0.0010137	-2.67E-07	-2.95E-07
-2000	0	20	1.52E-06	1.27E-07	0.00107768	-0.000444511	-0.00102114	0.000417444	-2.12E-06	5.68E-07	0.214180797	-2.71E-07	-9.29E-08	0.00229502	-0.000945381	-0.00224468	0.000901847	-3.98E-07	-6.90E-07
-1000	0	20	4.93E-06	-2.86E-07	0.00189835	-0.000906063	-0.00212201	0.000870953	-3.66E-06	1.44E-06	1.041828984	-1.48E-07	-1.12E-07	0.00181527	-0.000877256	-0.00213204	0.00085503	-8.81E-07	-5.87E-07
0	0	20	-5.14E-06	3.69E-06	0.00149022	-0.000728279	-0.00172868	0.00071112	4.06E-06	-2.04E-06	0.695796897	-7.84E-08	-1.44E-07	0.00175249	-0.000867614	-0.00211454	0.000849071	-1.07E-06	-7.27E-07
1000	0	20	-3.16E-06	2.07E-06	0.00164739	-0.000751561	-0.00144413	0.000593158	2.24E-07	-1.92E-08	0.556261264	-2.83E-08	-1.48E-07	0.00197433	-0.000898615	-0.00217424	0.000872513	-9.77E-07	-6.06E-07
2000	0	20	7.87E-06	-3.46E-06	0.0034696	-0.00127363	-0.00277611	0.00112988	-2.31E-05	6.28E-06	1.405932458	8.05E-08	-1.75E-07	0.0029204	-0.00104451	-0.00235753	0.000946274	-5.65E-07	-3.62E-07
3000	0	20	-1.61E-05	2.18E-06	0.00719834	-0.00199135	-0.00331988	0.00131548	3.70E-06	-2.64E-06	1.474465554	3.52E-07	-2.82E-07	0.00577097	-0.00153864	-0.00281639	0.00111367	-3.90E-07	1.86E-07
4000	0	20	-6.41E-06	-5.15E-07	0.00790915	-0.00205803	-0.00368549	0.00138714	3.28E-06	-4.09E-07	1.035940578	5.06E-07	-3.97E-07	0.0076897	-0.00190451	-0.00366544	0.0013937	-2.77E-07	2.90E-07
5000	0	20	-6.03E-06	-2.30E-07	0.00813025	-0.00212872	-0.00450033	0.00163665	4.18E-07	6.43E-07	1.048849747	5.97E-07	-4.87E-07	0.0078211	-0.00195921	-0.00446868	0.00163703	-5.24E-07	5.15E-07
6000	0	20	-9.78E-05	2.84E-05	0.00562418	-0.00147898	-0.00231763	0.000825407	4.17E-05	-8.82E-06	0.33149968	7.13E-07	-5.45E-07	0.00773622	-0.00198075	-0.0050912	0.00180846	-5.50E-07	5.29E-07
7000	0	20	-1.41E-05	5.94E-07	0.00753526	-0.00199852	-0.00381254	0.00132645	1.64E-05	-1.84E-06	0.67893652	8.29E-07	-5.53E-07	0.00763338	-0.00200481	-0.00554911	0.00192313	6.19E-07	5.40E-07
8000	0	20	8.83E-05	-3.03E-05	0.00546008	-0.0014726	-0.00266566	0.000913637	-2.23E-05	5.44E-06	0.328231486	8.95E-07	-5.13E-07	0.00753523	-0.00202714	-0.00588793	0.00200827	1.98E-06	9.30E-07
9000	0	20	-2.62E-07	-4.82E-06	0.014526	-0.0040238	-0.00881968	0.00297778	1.37E-05	-2.49E-06	2.803657074	1.01E-06	-5.37E-07	0.00744998	-0.0020501	-0.00613711	0.00207021	1.96E-06	1.09E-06
-9000	3000	20	0.000435977	3.51E-06	0.00647373	-0.00169927	-0.00316349	0.00101249	-4.03E-05	-2.32E-05	0.438434577	0.000515339	8.19E-06	0.00742474	-0.00206264	-0.00625762	0.00206073	-0.000240405	-6.44E-05
-8000	3000	20	0.000497589	1.10E-05	0.00655965	-0.00170303	-0.00106575	0.000353559	-5.20E-05	-6.01E-07	0.153331951	0.000686795	-7.07E-06	0.00750539	-0.00204349	-0.00605958	0.00200156	-0.000298377	-6.15E-05
-7000	3000	20	0.00133648	-4.73E-05	0.0118548	-0.0031852	-0.00578231	0.00192696	-0.000386241	1.06E-05	1.558160117	0.000926604	-3.25E-05	0.0076106	-0.00202623	-0.00578337	0.00192002	-0.000365488	-5.34E-05
-6000	3000	20	0.00127138	-8.06E-05	0.00799801	-0.0021408	-0.00541635	0.00180572	-0.000469885	2.23E-05	1.038945881	0.00125835	-7.23E-05	0.00774891	-0.00201526	-0.00538186	0.00180245	-0.000440295	-3.82E-05
-5000	3000	20	0.00166837	-0.000130749	0.00802359	-0.00211876	-0.00478244	0.00159985	-0.000527982	3.12E-05	1.024674326	0.00166951	-0.000125094	0.00787816	-0.00200285	-0.00474911	0.0016128	-0.00049357	-1.97E-05
-4000	3000	20	0.00272518	-0.000224985	0.0110449	-0.00292995	-0.00709325	0.00244419	-0.000930066	5.04E-05	2.814111695	0.001856	-0.000151536	0.00734832	-0.00187277	-0.00378249	0.00132382	-0.000458373	-9.80E-06
-3000	3000	20	0.00101574	-6.55E-05	0.00436912	-0.0013648	-0.00543673	0.0019844	-0.000687683	1.98E-05	1.935275864	0.0010019	-6.40E-05	0.00424181	-0.00129285	-0.00289225	0.00105909	-0.00033667	-1.05E-05
-2000	3000	20	0.000391337	-6.92E-06	0.00253754	-0.00102387	-0.00477719	0.00179892	-0.000436571	6.01E-06	1.928556889	0.00039084	-1.12E-05	0.00247432	-0.000997658	-0.00254263	0.000946563	-0.000217108	-6.71E-06
-1000	3000	20	0.00015592	7.45E-06	0.00291515	-0.00134612	-0.00450718	0.00171969	-0.000178286	-5.01E-06	2.713832645	0.000128439	1.84E-07	0.0020047	-0.000931164	-0.00241964	0.000903786	-9.27E-05	-2.22E-06
0	3000	20	-4.33E-05	-1.61E-06	0.00198135	-0.00092606	-0.00237778	0.000909566	3.36E-05	-5.43E-07	1.009088242	-4.08E-05	-3.83E-07	0.00194538	-0.000922536	-0.00240032	0.000897769	3.21E-05	4.27E-07
1000	3000	20	-0.000154852	-1.67E-06	0.00143687	-0.000628209	-0.00243942	0.000923625	0.000170555	-3.30E-06	0.658883132	-0.000237428	2.63E-06	0.00215904	-0.000952054	-0.00246407	0.000919239	0.000156326	3.18E-06
2000	3000	20	-0.00108617	4.85E-05	0.00543242	-0.00193535	-0.00364079	0.00135359	0.000436738	-1.36E-05	2.384664067	-0.000627863	2.95E-05	0.00309646	-0.0010991	-0.00267365	0.00098901	0.000275716	8.03E-06
3000	3000	20	-0.00151424	0.000113668	0.00609111	-0.0016945	-0.00325054	0.00116411	0.000413165	-1.28E-05	1.020127421	-0.00151394	0.000115183	0.00596791	-0.00160954	-0.00325392	0.00116779	0.000395085	1.19E-05
4000	3000	20	-0.00187248	0.000152729	0.00804282	-0.00211148	-0.00281779	0.000968784	0.000321436	-1.62E-05	0.674553885	-0.00184297	0.000147752	0.0078127	-0.00197567	-0.00430817	0.00147915	0.000489284	1.47E-05
5000	3000	20	-0.00148302	0.000104681	0.00801774	-0.00213543	-0.00514885	0.00171608	0.000519761	-3.00E-05	1.033135246	-0.0014599	9.76E-05	0.00782242	-0.00201277	-0.0051035	0.00171807	0.000472421	3.03E-05
6000	3000	20	-0.00109131	5.93E-05	0.00780212	-0.00211415	-0.00567377	0.00188761	0.000439376	-1.73E-05	1.029354639	-0.00108027	5.03E-05	0.0076761	-0.00202257	-0.00560462	0.00186788	0.000404429	4.84E-05
7000	3000	20	-0.00138587	5.50E-05	0.0131743	-0.00363318	-0.010204	0.00339079	0.000618944	-1.41E-05	3.002399695	-0.000796786	1.81E-05	0.00755408	-0.00203683	-0.00593312	0.0019624	0.000330593	6.10E-05
8000	3000	20	-0.000600547	1.38E-05	0.00758058	-0.00210893	-0.00622032	0.00204801	0.000294255	7.99E-07	1.024803736	-0.000594164	-1.82E-06	0.00746126	-0.00205609	-0.00616608	0.00203222	0.000268015	6.62E-05
9000	3000	20	-0.000454942	3.55E-06	0.00754166	-0.00211588	-0.00638297	0.00208806	0.000238798	6.35E-06	1.026285538	-0.000449244	-1.36E-05	0.00739304	-0.00207703	-0.00633735	0.0020842	0.000213723	6.67E-05
-9000	6000	20	0.000664312	2.04E-05	0.00729026	-0.00211302	-0.00682325	0.00210907	-0.000429622	-5.91E-06	1.014265261	0.000674569	2.86E-05	0.0072389	-0.00212044	-0.00675758	0.0020992	-0.000373879	-0.00011587
-8000	6000	20	0.000827496	5.96E-06	0.00731712	-0.00211259	-0.00682428	0.00208833	-0.000510346	8.86E-07	1.018101434	0.000851616	1.24E-05	0.00724614	-0.0021051	-0.0067574	0.00206829	-0.000478096	-0.000110669
-7000	6000	20	0.00142851	-3.01E-05	0.0100012	-0.00289155	-0.0117241	0.00352679	-0.00112852	3.66E-05	2.379874195	0.0010839	-1.31E-05	0.00724776	-0.00208923	-0.00679258	0.00203647	-0.000624654	-9.35E-05
-6000	6000	20	0.00139919	-7.04E-05	0.0074284	-0.00214671	-0.011978	0.00347961	-0.00153345	9.94E-05	1.780146485	0.00138843	-5.32E-05	0.00722666	-0.00207011	-0.00690557	0.00200741	-0.000842225	-6.03E-05
-5000	6000	20	0.00240896	-0.000180593	0.00984999	-0.00285122	-0.00981259	0.00272141	-0.00168866	0.000156058	1.88329861	0.00175158	-0.00010944	0.00712297	-0.00204037	-0.00718981	0.00199042	-0.0011912	2.05E-06
-4000	6000	20	0.00192006	-0.000166364	0.00673096	-0.00198333	-0.00788419	0.00203742	-0.00180242	0.000212353	1.015983793	0.00194279	-0.000154266	0.00666725	-0.00195021	-0.00782319	0.00201705	-0.00173978	0.000107257
-3000	6000	20	0.00141264	-0.000106734	0.00558157	-0.00177001	-0.00852816	0.0020938	-0.00203815	0.000262662	1.019213923	0.001403	-0.000101268	0.00549011	-0.00174971	-0.00848514	0.00205657	-0.0019497	0.000169609
-2000	6000	20	0.000752228	-3.51E-05	0.00462487	-0.00160581	-0.00865235	0.00208799	-0.00142697	0.000174561	1.025987368	0.000739095	-3.86E-05	0.00451619	-0.00159297	-0.00861965	0.00203602	-0.00135663	0.00011444
-1000	6000	20	0.000168307	3.69E-07	0.00291995	-0.0010687	-0.00391599	0.000937571	-0.000277358	3.15E-05	0.325592031	0.000278791	-1.05E-05	0.00407459	-0.00152681	-0.00860881	0.00201415	-0.000581149	4.52E-05
0	6000	20	-8.49E-05	2.01E-06	0.00396107	-0.00145379	-0.0039083	0.000935903	9.24E-05	-1.00E-05	0.448673616	-9.02E-05	3.13E-06	0.0040001	-0.0015173	-0.00860226	0.0020096	0.000189684	-1.44E-05
1000	6000	20	-0.000308064	5.58E-06	0.00302513	-0.00108489	-0.00392242	0.000944106	0.000462633	-5.32E-05	0.324297611	-0.000488602	2.14E-05	0.00424428	-0.00155361	-0.00861798	0.00202378	0.000970083	-8.07E-05
2000	6000	20	-0.000986713	4.69E-05	0.00500085	-0.00166686	-0.00856625	0.00209415	0.00174165	-0.000211481	1.013404396	-0.00104304	6.48E-05	0.00492813	-0.00166123	-0.00859062	0.00204773	0.00170331	-0.00014736
3000	6000	20	-0.00328315	0.000311336	0.0107296	-0.00325088	-0.0141667	0.00356369	0.00372924	-0.000508801	2.968596762	-0.00175601	0.000138609	0.00613469	-0.00186276	-0.00823996	0.0020463	0.00197881	-0.000155925
4000	6000	20	-0.00184115	0.000138201	0.0070476	-0.00204496	-0.0075062	0.0020051	0.00146487	-0.000146578	1.017726783	-0.00190443	0.0001381	0.00697441	-0.00201595	-0.00745392	0.0019954	0.00144219	-4.67E-05
5000	6000	20	-0.00155952	9.31E-05	0.00732506	-0.00210363	-0.00709236	0.00199993	0.00104234	-7.91E-05	1.027275627	-0.00156676	7.89E-05	0.00718876	-0.00205988	-0.00701668	0.00199588	0.000994788	3.56E-05
6000	6000	20	-0.00120557	4.39E-05	0.00732572	-0.00210414	-0.00692304	0.00203728	0.000759338	-3.53E-05	1.022395674	-0.00122631	3.03E-05	0.00724131	-0.00208414	-0.00683552	0.00202058	0.000722681	8.22E-05
7000	6000	20	-0.00163249	2.37E-05	0.0125878	-0.00363458	-0.0116569	0.00354777	0.00100816	-2.33E-05	2.985986948	-0.000960327	-1.79E-06	0.00724834	-0.00210173	-0.0067681	0.00205185	0.000545233	0.000106884
8000	6000	20	-0.000737915	-1.43E-05	0.00733339	-0.00211614	-0.00681847	0.0021016	0.000462301	4.43E-06	1.019970271	-0.000757705	-2.23E-05	0.00724331	-0.0021166	-0.00675275	0.00208319	0.000421173	0.000117731
9000	6000	20	-0.000601625	-2.82E-05	0.00742835	-0.00214675	-0.00677941	0.00211244	0.000372155	1.32E-05	1.026295334	-0.000603109	-3.47E-05	0.00723465	-0.00213146	-0.00676358	0.0021131	0.000328841	0.000118234
-9000	9000	20	0.000700419	0.000122658	0.0122304	-0.0037042	-0.0121728	0.00365335	-0.00041703	-0.00010226	2.962451704	0.000520147	5.54E-05	0.00706519	-0.00221126	-0.00709748	0.00212398	-0.000315102	-0.000140768
-8000	9000	20	0.000649174	1.76E-05	0.00708322	-0.00213744	-0.00717552	0.00211495	-0.000473801	-2.95E-06	1.005663885	0.000591497	4.87E-05	0.00701596	-0.00221046	-0.00716123	0.00210725	-0.000379795	-0.000137624
-7000	9000	20	0.00066749	2.40E-05	0.0070557	-0.00214363	-0.00731153	0.00211881	-0.000495846	-6.42E-06	1.018585033	0.000658245	3.93E-05	0.00694727	-0.00220881	-0.00725341	0.00209132	-0.000449108	-0.000129028
-6000	9000	20	0.000718088	1.46E-05	0.00702135	-0.00215128	-0.00743367	0.00210032	-0.000562175	6.41E-06	1.02710943	0.000706531	2.85E-05	0.00684509	-0.00220416	-0.00738205	0.00207905	-0.000519823	-0.000113714
-5000	9000	20	0.000139218	-2.12E-06	0.00120701	-0.000374543	-0.00134614	0.000368396	-0.000120891	6.36E-06	0.031889869	0.000715334	1.80E-05	0.00669914	-0.00219329	-0.00754433	0.00207002	-0.000577496	-9.18E-05
-4000	9000	20	0.000594373	1.12E-05	0.00665344	-0.00210763	-0.00782676	0.00209444	-0.000583509	1.38E-05	1.030459496	0.000663341	9.96E-06	0.00650923	-0.00217621	-0.00772694	0.00206363	-0.000593963	-6.64E-05
-3000	9000	20	0.000527565	-9.21E-06	0.00639731	-0.00206678	-0.00793709	0.00209211	-0.000565113	3.03E-05	1.015867916	0.00054181	5.31E-06	0.00629634	-0.00215544	-0.00789365	0.00205938	-0.000537684	-4.26E-05
-2000	9000	20	0.000364277	-1.07E-05	0.00619648	-0.00204161	-0.00806218	0.00210646	-0.000418721	2.52E-05	1.015374949	0.000365893	3.04E-06	0.00610442	-0.00213527	-0.00801684	0.00205577	-0.000394802	-2.30E-05
-1000	9000	20	0.000169098	-8.52E-06	0.00606214	-0.00202384	-0.00814297	0.00212075	-0.00019782	1.32E-05	1.016219807	0.000160998	1.39E-06	0.00598006	-0.0021207	-0.00808287	0.00205281	-0.000182726	-7.22E-06
0	9000	20	-4.14E-05	-1.92E-06	0.00502139	-0.00168334	-0.00817068	0.00212677	7.35E-05	-5.44E-06	0.847039818	-5.38E-05	-2.17E-07	0.00595417	-0.00211743	-0.00809731	0.00205212	6.23E-05	4.95E-06
1000	9000	20	-0.000273527	3.60E-06	0.00618278	-0.00205927	-0.0109539	0.00286587	0.000431091	-2.74E-05	1.38768151	-0.000265473	-1.91E-06	0.00602976	-0.00212694	-0.0080564	0.00205415	0.000296994	1.73E-05
2000	9000	20	-0.000390832	8.12E-06	0.00525096	-0.00171399	-0.00800453	0.00210333	0.000508297	-2.97E-05	0.847847178	-0.00045892	-3.86E-06	0.00619171	-0.00214505	-0.0079619	0.0020569	0.000479233	3.41E-05
3000	9000	20	-0.000582429	3.84E-06	0.00655698	-0.00209361	-0.0078355	0.00207898	0.000596465	-2.84E-05	1.021338894	-0.000610826	-7.38E-06	0.00639983	-0.0021668	-0.00781518	0.00206082	0.00057903	5.54E-05
4000	9000	20	-0.000283597	-4.50E-06	0.00303727	-0.000951622	-0.00540361	0.00144087	0.000343691	1.25E-05	0.32371879	-0.000698378	-1.38E-05	0.00660668	-0.00218527	-0.00763626	0.00206598	0.00059401	8.02E-05
5000	9000	20	-0.000731229	-2.00E-06	0.00688749	-0.00212817	-0.00945842	0.00261436	0.000756023	-1.84E-05	1.280387009	-0.000718013	-2.33E-05	0.00677588	-0.00219902	-0.00746005	0.00207431	0.000551601	0.000104366
6000	9000	20	-0.000740062	-9.21E-06	0.00698695	-0.00213228	-0.00932129	0.00265178	0.000886881	-5.75E-05	1.279839122	-0.000686969	-3.42E-05	0.00690003	-0.00220688	-0.0073126	0.00208468	0.000484068	0.000124946
7000	9000	20	-0.000447395	-1.72E-05	0.00470972	-0.00142901	-0.0072849	0.00213114	0.000533746	-6.30E-06	0.678025485	-0.000627641	-4.45E-05	0.00698535	-0.00221088	-0.00720148	0.0020983	0.000412426	0.000138635
8000	9000	20	-0.000737681	-5.94E-05	0.00973744	-0.00294818	-0.00975707	0.00291126	0.000506834	3.66E-05	1.886002969	-0.000557229	-5.31E-05	0.00704439	-0.00221304	-0.00712469	0.00211489	0.00034365	0.000145027
9000	9000	20	-0.000487842	-4.21E-05	0.00712708	-0.0021435	-0.00712441	0.00213839	0.000332731	2.87E-05	1.008054233	-0.00048614	-5.93E-05	0.00708637	-0.00221381	-0.00707405	0.00213414	0.000280241	0.000144091
-9000	-9000	50	-0.000466039	9.52E-05	0.00556229	-0.00288711	-0.00553139	0.00284652	0.000336484	-7.61E-05	0.995382903	-0.00046919	0.000108007	0.00556514	-0.00288529	-0.0055462	0.00287378	0.00031165	-6.53E-05
-8000	-9000	50	-0.000512813	0.000109132	0.00550742	-0.00286285	-0.00558178	0.00284986	0.000371422	-8.64E-05	0.989760996	-0.000527658	0.000126854	0.00553013	-0.00287103	-0.00560971	0.00288442	0.000361166	-8.13E-05
-7000	-9000	50	-0.000664305	0.000150415	0.00644777	-0.00336938	-0.00667694	0.00338773	0.000497462	-0.000123928	1.380063897	-0.000581052	0.000145492	0.00547456	-0.00285205	-0.00569819	0.00290206	0.000417135	-9.84E-05
-6000	-9000	50	-0.000712616	0.000169884	0.00634191	-0.00332952	-0.00681784	0.00342922	0.000552762	-0.000142385	1.380371153	-0.000617899	0.000160533	0.00538971	-0.00282306	-0.00581631	0.00292479	0.000475122	-0.000116148
-5000	-9000	50	-0.000607059	0.000148248	0.0052474	-0.0027687	-0.00592638	0.00294104	0.000521292	-0.000138669	0.99100004	-0.000621144	0.000166994	0.0052674	-0.00278029	-0.00596	0.00295324	0.000522762	-0.00013282
-4000	-9000	50	-0.0005658	0.000142803	0.00510311	-0.00271988	-0.00608371	0.00297879	0.00052751	-0.000146246	0.994711581	-0.00057292	0.000158431	0.00510721	-0.00272349	-0.0061144	0.00298735	0.000535691	-0.000141895
-3000	-9000	50	-0.000448494	0.000114592	0.00489849	-0.00264442	-0.00628316	0.00303716	0.000476536	-0.000136532	0.99925673	-0.000466777	0.000131653	0.00492541	-0.00265823	-0.00625573	0.00302487	0.000484485	-0.000132672
-2000	-9000	50	-0.000292218	7.52E-05	0.00469077	-0.00256187	-0.00633114	0.00304023	0.00035398	-0.000102679	0.981716988	-0.000314741	8.98E-05	0.00476208	-0.0025987	-0.00635486	0.00305187	0.000355506	-9.93E-05
-1000	-9000	50	-0.00019852	5.35E-05	0.00628289	-0.00347393	-0.0108678	0.00522024	0.000311497	-9.36E-05	2.288497453	-0.000138522	3.98E-05	0.0046583	-0.0025604	-0.00641655	0.00307359	0.000164412	-4.61E-05
0	-9000	50	7.50E-05	-2.28E-05	0.00628476	-0.00347119	-0.0108693	0.00522363	-7.30E-05	1.35E-05	2.297074671	4.65E-05	-1.30E-05	0.00463599	-0.00255143	-0.00642445	0.00307617	-5.54E-05	1.62E-05
1000	-9000	50	0.000223716	-5.86E-05	0.0047018	-0.00256717	-0.00631398	0.0030363	-0.000252013	7.58E-05	0.98761101	0.000228902	-6.47E-05	0.00470105	-0.00257571	-0.00639262	0.00306675	-0.000265521	7.54E-05
2000	-9000	50	0.000596462	-0.00015718	0.00723193	-0.00389307	-0.0060009	0.00292765	-0.000402318	0.000118006	1.421642313	0.000395835	-0.000111025	0.00483873	-0.00262615	-0.00631171	0.00304281	-0.000429093	0.000119607
3000	-9000	50	0.000211463	-4.85E-05	0.00218837	-0.00116226	-0.00479955	0.00226038	-0.000396757	0.000103386	0.336036651	0.000527609	-0.000145945	0.00501635	-0.00269079	-0.00618563	0.00300672	-0.000519411	0.000140751
4000	-9000	50	0.000600808	-0.000150033	0.00531285	-0.00280829	-0.00590819	0.00292842	-0.000525004	0.000143729	1.002996858	0.000605681	-0.000163935	0.00519066	-0.00275348	-0.00603478	0.00296961	-0.000535332	0.000139489
5000	-9000	50	0.000599475	-0.000142163	0.00528869	-0.00278062	-0.00583395	0.0029175	-0.000487685	0.000125528	0.984065537	0.000626474	-0.00016487	0.00533305	-0.0028041	-0.00588378	0.002938	-0.000501575	0.000125039
6000	-9000	50	0.000848297	-0.000191182	0.00780503	-0.00412416	-0.00821106	0.00417102	-0.000664123	0.00016288	2.056034535	0.000603962	-0.000153905	0.00543577	-0.0028393	-0.00575315	0.00291172	-0.000446714	0.000106532
7000	-9000	50	0.000778122	-0.000166039	0.00782173	-0.00418677	-0.0105293	0.00537491	-0.000846475	0.000153852	2.661967631	0.000556906	-0.000136873	0.00550439	-0.00286373	-0.00565022	0.00289261	-0.000388751	8.77E-05
8000	-9000	50	0.00046969	-9.18E-05	0.00543549	-0.00283139	-0.00557013	0.00285569	-0.00034558	7.70E-05	0.978091482	0.000499821	-0.000117744	0.00554993	-0.00288053	-0.00557393	0.0028783	-0.000334519	6.96E-05
9000	-9000	50	0.000575808	-0.000113435	0.00753272	-0.00393692	-0.00940139	0.00487464	-0.000515445	0.000100715	2.302478488	0.000441185	-9.89E-05	0.00557919	-0.00289074	-0.00551984	0.0028701	-0.000286489	5.65E-05
-9000	-6000	50	-0.000379931	7.77E-05	0.00378666	-0.00192528	-0.00433764	0.00227258	0.000290913	-7.22E-05	0.541603143	-0.000586849	0.000158725	0.00575245	-0.00292348	-0.00526526	0.00277835	0.000345724	-8.37E-05
-8000	-6000	50	-0.000737404	0.000168516	0.00579027	-0.00293889	-0.00524987	0.00274006	0.000445234	-0.00011845	0.998313687	-0.000735892	0.00021061	0.0057638	-0.00292317	-0.00527949	0.00276604	0.000434262	-0.000110034
-7000	-6000	50	-0.00091584	0.000229	0.00577176	-0.00292391	-0.00529644	0.00273236	0.000561924	-0.000156212	0.995604795	-0.000931555	0.000280802	0.00576795	-0.00291792	-0.00532285	0.00275707	0.000559258	-0.000150721
-6000	-6000	50	-0.00115112	0.000316187	0.00571659	-0.00289037	-0.00540353	0.00274379	0.00074224	-0.000222386	0.989349268	-0.00118487	0.000374826	0.00575358	-0.00290325	-0.00543235	0.00276256	0.000745249	-0.000216476
-5000	-6000	50	-0.0024878	0.000751967	0.00965498	-0.00491334	-0.00961075	0.00476667	0.00175472	-0.000590507	2.886795226	-0.00148584	0.000491138	0.00567206	-0.00285997	-0.00568784	0.00281295	0.00104237	-0.000330988
-4000	-6000	50	-0.00157587	0.000496721	0.00528981	-0.0026911	-0.00621427	0.002954	0.00149898	-0.000530862	0.996545336	-0.0016405	0.000558604	0.00530769	-0.00269242	-0.00623495	0.00297035	0.00150122	-0.000521062
-3000	-6000	50	-0.000523215	0.000160254	0.00196836	-0.00102759	-0.00478328	0.00217868	0.00113519	-0.000405133	0.319183412	-0.00118856	0.00039717	0.00434852	-0.00227124	-0.00679636	0.00314379	0.00167543	-0.000603725
-2000	-6000	50	-0.000654437	0.000197468	0.00359339	-0.00194802	-0.00685427	0.003123	0.00117903	-0.000427031	0.999636513	-0.000630124	0.000202005	0.00355478	-0.00192914	-0.00691703	0.00316885	0.00117827	-0.000418933
-1000	-6000	50	-0.000237275	6.83E-05	0.00320721	-0.00178094	-0.00679988	0.00309136	0.000506167	-0.000180624	0.987067832	-0.000238761	7.43E-05	0.00319063	-0.00177604	-0.00691523	0.00315945	0.000510511	-0.000178728
0	-6000	50	9.82E-05	-3.05E-05	0.00316039	-0.00176432	-0.00683668	0.00310405	-0.000172833	6.16E-05	0.998490505	7.76E-05	-2.37E-05	0.0031264	-0.00174899	-0.00690947	0.00315687	-0.000169534	5.90E-05
1000	-6000	50	0.000190784	-5.52E-05	0.00151095	-0.000830698	-0.00476397	0.00214472	-0.000577976	0.000203153	0.311679176	0.000418139	-0.000131368	0.0033271	-0.00183312	-0.00692054	0.00316524	-0.000848024	0.000298816
2000	-6000	50	0.000873238	-0.000264464	0.00391998	-0.00208835	-0.00683158	0.00312015	-0.00147044	0.000535906	0.999195911	0.000886868	-0.000289959	0.00389023	-0.00207184	-0.0068887	0.00316707	-0.00147028	0.000526934
3000	-6000	50	0.00147167	-0.000464406	0.00490864	-0.00251923	-0.00653664	0.00304443	-0.00169859	0.000619112	0.999510638	0.00148305	-0.000503259	0.00487545	-0.00249969	-0.00658783	0.00308436	-0.00170295	0.000609145
4000	-6000	50	0.00104524	-0.000320533	0.00365542	-0.00184429	-0.00579601	0.00278862	-0.00126004	0.000429755	0.643460053	0.00160987	-0.000541085	0.00555172	-0.00280172	-0.00591841	0.00287573	-0.00125345	0.000417054
5000	-6000	50	0.00129804	-0.000370958	0.005738	-0.00289802	-0.00639928	0.0032091	-0.000999683	0.000311147	1.160739331	0.00133386	-0.000429445	0.00572703	-0.00288681	-0.00553409	0.00277959	-0.000875166	0.000265949
6000	-6000	50	0.000992424	-0.000254182	0.00575513	-0.00291172	-0.00620044	0.00317911	-0.000673324	0.000184794	1.157186178	0.00105132	-0.000322654	0.00576434	-0.00291009	-0.00536505	0.00275924	-0.00064181	0.000180383
7000	-6000	50	0.000750623	-0.000165173	0.00573673	-0.00290862	-0.00526375	0.00273507	-0.000433457	0.000107395	0.991023993	0.000828141	-0.000241701	0.00576638	-0.00291796	-0.00529501	0.00276216	-0.000490894	0.00012951
8000	-6000	50	0.00110482	-0.000241864	0.00984924	-0.00502692	-0.00708432	0.00373286	-0.000523249	0.000133948	2.304524911	0.000657554	-0.000181853	0.00575677	-0.00292242	-0.0052684	0.00277228	-0.000386291	9.54E-05
9000	-6000	50	0.00056654	-0.000123853	0.00572399	-0.0029148	-0.00524788	0.00276415	-0.000367557	0.000100097	0.991453698	0.000527425	-0.000138112	0.00574411	-0.00292343	-0.00526397	0.00278526	-0.000309851	7.21E-05
-9000	-3000	50	-0.000270838	6.09E-05	0.0034775	-0.00175552	-0.00485302	0.00263699	0.000221507	-5.44E-05	0.587199806	-0.000447536	0.000134981	0.00593956	-0.00297707	-0.00484715	0.00263101	0.000218617	-5.34E-05
-8000	-3000	50	-0.000579097	0.000139216	0.00599777	-0.00299251	-0.00468187	0.0025455	0.000268449	-7.23E-05	0.994977915	-0.000592657	0.000185953	0.00601279	-0.00299284	-0.00469737	0.00255384	0.000270509	-6.93E-05
-7000	-3000	50	-0.000775	0.000205634	0.00610077	-0.00301822	-0.00447638	0.00243	0.000324624	-9.07E-05	0.997163808	-0.000793947	0.000258047	0.00610494	-0.00301236	-0.00448966	0.00244032	0.000332243	-9.00E-05
-6000	-3000	50	-0.00104636	0.000303098	0.00620526	-0.00304123	-0.00529746	0.00286259	0.000511284	-0.000150342	1.259555736	-0.0010694	0.000358718	0.00623188	-0.00304298	-0.00419118	0.00226734	0.000397795	-0.000113281
-5000	-3000	50	-0.00137918	0.000425236	0.00629628	-0.00304828	-0.00371232	0.0019913	0.000447057	-0.000136727	0.989375017	-0.001412	0.000484101	0.00635359	-0.00306438	-0.00372529	0.00199197	0.000443213	-0.00013128
-4000	-3000	50	-0.00266158	0.000839439	0.0101858	-0.00490634	-0.00302083	0.00159368	0.000410732	-0.000130355	1.725319704	-0.00157242	0.000535222	0.0059513	-0.00284893	-0.00300719	0.00157641	0.000414587	-0.000122431
-3000	-3000	50	-0.000831843	0.000247053	0.00338176	-0.00169634	-0.00232135	0.00119121	0.000309857	-9.09E-05	0.979274211	-0.000858025	0.00027567	0.00343904	-0.00171796	-0.00233158	0.00120238	0.000309228	-8.76E-05
-2000	-3000	50	-0.000333902	9.22E-05	0.00198322	-0.00108379	-0.00205162	0.0010418	0.000204912	-5.89E-05	0.98334019	-0.000338144	0.000100175	0.00200314	-0.00109314	-0.00206225	0.00105591	0.000200764	-5.55E-05
-1000	-3000	50	-0.000186938	4.91E-05	0.0027776	-0.00160746	-0.00259097	0.00131832	0.000105204	-3.36E-05	2.257569434	-0.000112155	3.08E-05	0.00162239	-0.00093238	-0.00196709	0.00100483	8.68E-05	-2.37E-05
0	-3000	50	0.000102248	-3.03E-05	0.00241146	-0.00138924	-0.00191594	0.000968233	-3.14E-05	1.10E-05	1.500378949	3.57E-05	-9.64E-06	0.00157247	-0.000911688	-0.0019502	0.000996348	-2.88E-05	7.65E-06
1000	-3000	50	0.000164795	-4.10E-05	0.00142666	-0.000794547	-0.00162475	0.000809383	-0.000118411	3.22E-05	0.65834651	0.000206358	-5.87E-05	0.00174569	-0.000984332	-0.0020007	0.00102269	-0.000143973	3.92E-05
2000	-3000	50	0.000720964	-0.000203165	0.00356551	-0.00188135	-0.00210677	0.00107428	-0.000270606	8.07E-05	1.386035512	0.000539925	-0.000167235	0.00250782	-0.00131031	-0.00216204	0.00110986	-0.000255583	7.10E-05
3000	-3000	50	0.00209674	-0.000632137	0.00826454	-0.00402648	-0.00434985	0.0022689	-0.00046276	0.000126761	2.886028178	0.00128861	-0.000428928	0.00483629	-0.00234033	-0.00260545	0.00135305	-0.000362483	0.000104455
4000	-3000	50	0.00155312	-0.000491038	0.00628233	-0.00302211	-0.00340904	0.00180538	-0.000490465	0.000157212	0.995878252	0.00155656	-0.000535695	0.00631433	-0.00302832	-0.0033981	0.00179919	-0.000442278	0.000131035
5000	-3000	50	0.00121296	-0.000364767	0.00629294	-0.00306445	-0.00397737	0.00214456	-0.000422247	0.000126652	0.998185927	0.00123551	-0.000420421	0.00630288	-0.00305946	-0.00398531	0.00214511	-0.000425839	0.00012362
6000	-3000	50	0.000902278	-0.000252008	0.00617396	-0.00303806	-0.00434334	0.00235802	-0.00036064	0.00010388	0.999194285	0.000920697	-0.000304435	0.00616715	-0.00302735	-0.00435703	0.00236356	-0.000365242	0.000101512
7000	-3000	50	0.000439321	-0.000110894	0.00398772	-0.00197804	-0.00302703	0.00164205	-0.000197906	5.43E-05	0.432832094	0.000684115	-0.000218247	0.00605792	-0.00300226	-0.00460319	0.00250382	-0.000300367	8.00E-05
8000	-3000	50	0.000497822	-0.000113372	0.00593746	-0.00296947	-0.00475317	0.00258547	-0.000253074	6.72E-05	0.989356642	0.000513814	-0.000157231	0.00597345	-0.00298304	-0.0047783	0.00259651	-0.000243082	6.12E-05
9000	-3000	50	0.000734933	-0.000155526	0.0111062	-0.00561775	-0.00698904	0.00382435	-0.000327273	7.81E-05	2.685383771	0.000391057	-0.000114358	0.00590911	-0.00296818	-0.00490749	0.00266186	-0.000196037	4.70E-05
-9000	0	50	-2.97E-08	2.87E-07	0.00594398	-0.00297148	-0.00465155	0.0025734	4.38E-06	-4.20E-08	0.992374404	-1.92E-07	-1.36E-06	0.00600549	-0.00298872	-0.00464833	0.00256009	-6.47E-07	2.64E-07
-8000	0	50	8.12E-06	-1.89E-06	0.00611079	-0.00302689	-0.00440018	0.00244715	-9.05E-06	2.93E-06	0.999287625	-7.13E-08	-1.70E-06	0.00608769	-0.00300636	-0.00442607	0.00245348	-8.56E-07	2.31E-07
-7000	0	50	4.03E-06	-8.37E-07	0.00278703	-0.00136757	-0.00389545	0.00215303	-1.19E-05	4.24E-06	0.425084774	2.01E-07	-1.92E-06	0.00618268	-0.00302652	-0.00412388	0.00230031	-6.63E-07	-9.48E-08
-6000	0	50	7.32E-06	-1.08E-06	0.0062735	-0.00305255	-0.00369481	0.00207555	-9.92E-06	3.22E-06	0.993916487	3.85E-07	-1.91E-06	0.00627922	-0.00304388	-0.00372063	0.00208085	-5.76E-07	-5.99E-07
-5000	0	50	8.19E-06	6.72E-07	0.0108473	-0.00526712	-0.00538592	0.00301921	-2.14E-05	-5.70E-06	2.901470163	4.08E-07	-1.62E-06	0.00633397	-0.00303954	-0.00319214	0.00177515	-5.47E-07	-1.02E-06
-4000	0	50	-5.29E-06	4.14E-06	0.00262329	-0.00125786	-0.00115515	0.000631428	1.57E-05	-7.32E-06	0.203687809	2.71E-07	-1.14E-06	0.00582762	-0.00278632	-0.00255653	0.00139178	-4.57E-07	-1.14E-06
-3000	0	50	1.59E-05	-5.99E-06	0.00334851	-0.0016841	-0.00204485	0.00108051	-3.02E-05	1.21E-05	1.013102234	1.61E-07	-4.71E-07	0.00330253	-0.00165455	-0.00204649	0.00108498	-2.06E-07	-6.49E-07
-2000	0	50	1.27E-06	-2.23E-07	0.000849086	-0.000469096	-0.00082588	0.000426371	-1.87E-06	3.14E-07	0.20565475	1.34E-07	-1.54E-07	0.00186269	-0.0010262	-0.00182826	0.000952467	-4.98E-08	-3.62E-07
-1000	0	50	4.15E-06	-1.54E-06	0.00149329	-0.000871996	-0.00171916	0.000878413	-3.18E-06	2.73E-06	0.997682858	1.97E-07	-1.52E-08	0.00147131	-0.000858847	-0.0017446	0.000902319	5.29E-08	-1.63E-07
0	0	50	-4.42E-06	2.51E-06	0.00117383	-0.000691848	-0.00140009	0.000713051	2.39E-06	-1.62E-06	0.668043127	1.23E-07	1.08E-07	0.00141901	-0.000836819	-0.00172804	0.000893335	1.08E-07	-5.51E-08
1000	0	50	-2.41E-06	1.08E-06	0.00129801	-0.000743957	-0.00116897	0.000598931	-5.64E-07	-5.26E-07	0.533932885	1.04E-07	2.02E-07	0.00159949	-0.000913308	-0.00177365	0.00092025	1.42E-07	4.13E-08
2000	0	50	7.63E-06	-4.35E-06	0.00273684	-0.0014511	-0.00223658	0.00116723	-1.87E-05	8.13E-06	1.349422887	1.19E-07	4.25E-07	0.00237318	-0.00124695	-0.00191307	0.00100344	1.73E-07	5.99E-08
3000	0	50	-1.12E-05	3.74E-06	0.00567493	-0.00275889	-0.00263838	0.00141958	3.88E-06	-6.56E-07	1.415616634	2.15E-07	1.20E-06	0.0046976	-0.00227494	-0.00225432	0.00121019	1.84E-07	-1.33E-07
4000	0	50	-3.77E-06	-5.43E-07	0.00622571	-0.00298789	-0.00286755	0.00159028	2.36E-06	-1.56E-06	0.993921036	6.09E-07	1.80E-06	0.00624513	-0.00298629	-0.00288221	0.00158867	1.88E-07	-2.02E-07
5000	0	50	-6.05E-06	-5.89E-07	0.00638993	-0.00308903	-0.00344629	0.00193725	8.75E-07	4.89E-07	1.005221622	7.86E-07	1.86E-06	0.00632108	-0.0030481	-0.00347304	0.00193897	2.93E-07	-1.40E-07
6000	0	50	-7.85E-05	3.62E-05	0.00442347	-0.00213934	-0.00176599	0.000990709	3.44E-05	-1.48E-05	0.318227748	6.96E-07	1.89E-06	0.00623104	-0.00303459	-0.00393655	0.00220032	4.83E-07	-3.42E-08
7000	0	50	-1.04E-05	1.35E-06	0.00591962	-0.00287771	-0.00291108	0.00161624	1.32E-05	-4.49E-06	0.65404445	4.25E-07	1.95E-06	0.00613167	-0.00301392	-0.0042859	0.00238396	5.20E-07	8.99E-08
8000	0	50	6.95E-05	-3.80E-05	0.00427807	-0.00210401	-0.00203728	0.00113032	-1.76E-05	8.68E-06	0.31691586	2.01E-07	2.05E-06	0.00604496	-0.0029973	-0.00454558	0.00251253	4.20E-07	-1.91E-08
9000	0	50	7.33E-06	-9.70E-06	0.011312	-0.0057092	-0.00674228	0.00374328	-1.65E-05	-2.17E-05	2.708685165	-8.49E-09	1.97E-06	0.00596979	-0.0029818	-0.00473859	0.00260216	6.33E-07	-2.21E-07
-9000	3000	50	0.000375569	-6.58E-05	0.00513578	-0.00244552	-0.00244662	0.00130661	-3.99E-05	-5.85E-06	0.431580813	0.000446213	-0.000134258	0.00593809	-0.00297391	-0.00484661	0.00263327	-0.000219486	5.42E-05
-8000	3000	50	0.000423636	-7.36E-05	0.00521114	-0.00246142	-0.000816616	0.000444719	-4.44E-05	1.08E-05	0.149430613	0.000590476	-0.000185562	0.00601189	-0.00299197	-0.00469715	0.00255564	-0.000271708	7.06E-05
-7000	3000	50	0.00112018	-0.00027807	0.00931724	-0.00454741	-0.00442764	0.00240956	-0.000324152	8.92E-05	1.503785401	0.000791431	-0.000258552	0.00610452	-0.00301092	-0.00449009	0.0024413	-0.000333146	9.10E-05
-6000	3000	50	0.00105237	-0.000301983	0.0062786	-0.0030655	-0.00416302	0.00225702	-0.000392014	0.00011579	1.001810901	0.0010677	-0.000360066	0.00623001	-0.00304279	-0.00419287	0.0022682	-0.00039844	0.000113173
-5000	3000	50	0.00137445	-0.000420743	0.00631055	-0.00305092	-0.00371067	0.00198961	-0.000441362	0.000134107	0.991196038	0.00140973	-0.000485718	0.00635265	-0.00306518	-0.00372578	0.00199214	-0.000443965	0.000130375
-4000	3000	50	0.00225309	-0.000706788	0.00866062	-0.004221	-0.00559759	0.00295543	-0.000790957	0.00022477	2.72442651	0.00157176	-0.000537083	0.00594898	-0.00285009	-0.00300754	0.00157677	-0.000415165	0.000121303
-3000	3000	50	0.000849324	-0.000251038	0.00342095	-0.00176086	-0.00436667	0.00224765	-0.000568736	0.000169741	1.878912823	0.000857167	-0.000276412	0.00343542	-0.00171749	-0.00232981	0.00120117	-0.000309235	8.67E-05
-2000	3000	50	0.000329935	-8.89E-05	0.00198754	-0.00112888	-0.00386067	0.00196066	-0.00036214	0.000105877	1.874998865	0.000338062	-0.000100546	0.00200155	-0.00109246	-0.00206248	0.00105572	-0.000200566	5.47E-05
-1000	3000	50	0.000120491	-3.04E-05	0.00223886	-0.00138472	-0.00364665	0.0018453	-0.00019554	1.42E-05	2.608552076	0.000112311	-3.09E-05	0.00162029	-0.000931467	-0.00196634	0.00100439	-8.66E-05	2.32E-05
0	3000	50	-3.55E-05	9.10E-06	0.00156459	-0.000906901	-0.00191907	0.000968939	2.84E-05	-8.40E-06	0.977898028	-3.57E-05	9.80E-06	0.00157033	-0.000910777	-0.0019503	0.000996272	2.89E-05	-7.96E-06
1000	3000	50	-0.000130232	3.37E-05	0.00113454	-0.000640928	-0.00197115	0.000994626	0.000145818	-4.09E-05	0.639738493	-0.000206443	5.90E-05	0.00174448	-0.000983183	-0.00199982	0.00102238	0.000144028	-3.93E-05
2000	3000	50	-0.000908074	0.000258642	0.00428597	-0.00225583	-0.00293019	0.00149714	0.000362695	-0.000114133	2.31567242	-0.000539987	0.000167326	0.00250802	-0.00131059	-0.00216227	0.00110939	0.00025577	-7.10E-05
3000	3000	50	-0.00126367	0.000385467	0.00481355	-0.00233647	-0.00259045	0.00134392	0.000349095	-0.000100972	0.992278539	-0.00128871	0.000429416	0.00483563	-0.00234108	-0.00260461	0.00135266	0.000362817	-0.000104433
4000	3000	50	-0.00155075	0.000484157	0.0063354	-0.00304336	-0.0022025	0.00117695	0.000269264	-8.23E-05	0.653488919	-0.00155609	0.000536594	0.00631385	-0.00302875	-0.00339755	0.00179894	0.000442637	-0.000131214
5000	3000	50	-0.00122617	0.000365644	0.00629857	-0.00306245	-0.00397263	0.00214494	0.000436422	-0.000131142	0.998249912	-0.00123576	0.000422305	0.00629586	-0.00305583	-0.00398582	0.00214505	0.000426141	-0.000123569
6000	3000	50	-0.000904169	0.000249291	0.00610744	-0.00300825	-0.00435357	0.00236333	0.00036867	-0.000105281	0.990993482	-0.000920498	0.000306264	0.00616568	-0.00302772	-0.004356	0.002364	0.000366346	-0.000101373
7000	3000	50	-0.00115295	0.000290724	0.0102732	-0.00514161	-0.00781022	0.00425749	0.000504084	-0.00015429	2.886003113	-0.000683533	0.000220179	0.0060574	-0.00300286	-0.00460197	0.0025029	0.00030148	-7.96E-05
8000	3000	50	-0.000501293	0.000110777	0.00591614	-0.00296383	-0.0047718	0.00259461	0.000247512	-6.42E-05	0.990374163	-0.000513025	0.000159223	0.00597184	-0.00298293	-0.0047775	0.00259642	0.000243864	-6.11E-05
9000	3000	50	-0.000383991	7.51E-05	0.00588058	-0.00296105	-0.0049004	0.00266364	0.000199591	-5.01E-05	0.994933323	-0.000390412	0.000116102	0.00590804	-0.0029685	-0.00490695	0.0026631	0.00019708	-4.75E-05
-9000	6000	50	0.00057484	-0.000120824	0.00567326	-0.00289366	-0.00526459	0.00276513	-0.000364744	9.11E-05	0.986876119	0.00058929	-0.000157242	0.00574841	-0.00292013	-0.00526294	0.00277914	-0.000346495	8.28E-05
-8000	6000	50	0.000710334	-0.000162283	0.00569989	-0.00290039	-0.00526368	0.00274236	-0.000431828	0.000113567	0.987174924	0.000737925	-0.000208206	0.00576047	-0.0029174	-0.00527624	0.00276736	-0.000435455	0.000111223
-7000	6000	50	0.00121201	-0.00030411	0.00777517	-0.00397593	-0.00904363	0.00467205	-0.000944536	0.000265255	2.298256059	0.000932652	-0.000277529	0.00576493	-0.00291302	-0.00532101	0.00275939	-0.000559697	0.000153221
-6000	6000	50	0.00117183	-0.000326582	0.00577455	-0.00295463	-0.00926953	0.0047051	-0.00128308	0.000393174	1.71835671	0.00118623	-0.000371148	0.0057514	-0.00289956	-0.00543247	0.00276544	-0.000745199	0.000218418
-5000	6000	50	0.00199756	-0.000606975	0.00768022	-0.00389886	-0.0076449	0.0037922	-0.00140879	0.000463789	1.825413489	0.00148611	-0.000487789	0.00566965	-0.00285496	-0.00568818	0.00281513	-0.00104139	0.000331921
-4000	6000	50	0.00158902	-0.000502236	0.0052565	-0.00267143	-0.00620459	0.00294669	-0.00148894	0.000528227	0.988175481	0.00163973	-0.000555706	0.00530517	-0.00268852	-0.00623506	0.00297116	-0.00150042	0.000521234
-3000	6000	50	0.00117077	-0.000366094	0.00435086	-0.00227183	-0.00675408	0.00310811	-0.00167684	0.000613714	0.993678599	0.00118842	-0.000395739	0.00434661	-0.0022684	-0.00680405	0.00314722	-0.00167433	0.000603189
-2000	6000	50	0.000623277	-0.000187112	0.00359385	-0.00194632	-0.00685889	0.00312536	-0.00117614	0.000425915	1.001416774	0.000630014	-0.000201175	0.0035528	-0.00192605	-0.00692469	0.00316967	-0.00117726	0.000418399
-1000	6000	50	0.000139777	-3.84E-05	0.00226875	-0.0012532	-0.00310298	0.00140679	-0.000230362	8.14E-05	0.318549715	0.000238524	-7.38E-05	0.00318966	-0.0017733	-0.00691549	0.00315763	-0.000509948	0.000178116
0	6000	50	-7.28E-05	1.94E-05	0.00307786	-0.00170107	-0.00309334	0.00140348	7.64E-05	-2.69E-05	0.439080366	-7.78E-05	2.41E-05	0.0031267	-0.00174669	-0.00691037	0.00315472	0.000169719	-5.97E-05
1000	6000	50	-0.000257989	7.12E-05	0.00235136	-0.00128794	-0.00310556	0.00140992	0.000383328	-0.000136226	0.31697922	-0.000418675	0.000131698	0.00332721	-0.00183172	-0.00692007	0.00316347	0.000848588	-0.000299766
2000	6000	50	-0.000819191	0.000242582	0.00389042	-0.00207253	-0.0067812	0.00310516	0.00143628	-0.000520498	0.988211783	-0.00088777	0.000289959	0.00389012	-0.00207116	-0.00688907	0.00316412	0.00146968	-0.000527719
3000	6000	50	-0.00270236	0.000881835	0.00837014	-0.00430118	-0.0111905	0.00522977	0.00307253	-0.00113013	2.891312956	-0.0014843	0.000503243	0.00487399	-0.00249879	-0.00658784	0.00308211	0.00170335	-0.000610012
4000	6000	50	-0.00152724	0.000465326	0.00550437	-0.00278463	-0.00588586	0.00285817	0.00121831	-0.000409725	0.991463758	-0.00161141	0.000541187	0.00555058	-0.00280006	-0.00591745	0.00287342	0.00125407	-0.00041758
5000	6000	50	-0.00130267	0.000373599	0.00572023	-0.00288896	-0.0055131	0.00276838	0.000871554	-0.000272252	0.997115448	-0.00133462	0.000429311	0.00572584	-0.00288482	-0.00553338	0.00277866	0.000876025	-0.000265972
6000	6000	50	-0.0010193	0.000267367	0.00571593	-0.00289395	-0.00535048	0.00274409	0.000639037	-0.00018319	0.990278558	-0.00105182	0.000322035	0.00576208	-0.00290925	-0.00536477	0.00275813	0.000642846	-0.000179941
7000	6000	50	-0.00139251	0.000337121	0.00979023	-0.00500283	-0.00897502	0.00467829	0.000833934	-0.000241045	2.884857809	-0.000829407	0.000240837	0.00576562	-0.00291773	-0.00529336	0.00276286	0.000491801	-0.000128809
8000	6000	50	-0.000638666	0.000137198	0.00571512	-0.0029055	-0.00525496	0.00275233	0.000392387	-9.91E-05	0.990097781	-0.000659519	0.000180971	0.00575603	-0.00292035	-0.00526739	0.0027736	0.00038671	-9.54E-05
9000	6000	50	-0.000523815	0.000103307	0.0057886	-0.00294443	-0.00522579	0.00275564	0.000315467	-7.67E-05	1.000070248	-0.000529682	0.00013726	0.00574406	-0.00292078	-0.00526211	0.00278664	0.00031046	-7.30E-05
-9000	9000	50	0.000600659	-8.42E-05	0.00947539	-0.00494707	-0.00940244	0.00485359	-0.000369187	4.31E-05	2.894476958	0.000471378	-0.000107251	0.00556445	-0.00288791	-0.00554399	0.00287367	-0.000310318	6.30E-05
-8000	9000	50	0.000541622	-0.000123571	0.00548861	-0.00285549	-0.00555378	0.00284044	-0.00040617	0.000100448	0.981433185	0.000530361	-0.000126504	0.0055282	-0.00287444	-0.00560718	0.00288517	-0.000361571	7.79E-05
-7000	9000	50	0.000564143	-0.000127481	0.00546626	-0.00285292	-0.00566368	0.00287014	-0.000425643	0.000103134	0.992555072	0.000583896	-0.000145036	0.00547175	-0.00285432	-0.00569566	0.00290122	-0.0004184	9.75E-05
-6000	9000	50	0.000610109	-0.000146505	0.0054373	-0.00284834	-0.00576722	0.00289623	-0.000478726	0.000122189	1.001089106	0.00062085	-0.000159509	0.00538607	-0.00282422	-0.00581325	0.00292445	-0.000476222	0.000117527
-5000	9000	50	0.000118571	-3.11E-05	0.000934344	-0.000491817	-0.00104976	0.000519142	-0.000102418	2.90E-05	0.03117661	0.000623851	-0.000165057	0.00526491	-0.00278069	-0.00595765	0.00295473	-0.00052336	0.00013508
-4000	9000	50	0.000509826	-0.000120194	0.00513476	-0.0027391	-0.00611235	0.00299621	-0.00049669	0.00013064	1.008163414	0.000574801	-0.000155728	0.00510426	-0.00272356	-0.00611094	0.00298919	-0.000535998	0.00014415
-3000	9000	50	0.000446958	-0.000115895	0.00492615	-0.00265648	-0.00620927	0.00301034	-0.000478774	0.000138916	0.993663776	0.000467668	-0.000128987	0.0049235	-0.0026585	-0.00625454	0.00302654	-0.000484629	0.000134614
-2000	9000	50	0.000306145	-8.09E-05	0.00476313	-0.00259341	-0.00631104	0.0030368	-0.000355683	0.000105457	0.992427973	0.000315001	-8.78E-05	0.00476086	-0.00259958	-0.00636002	0.00305637	-0.000355655	0.000100781
-1000	9000	50	0.000140279	-3.86E-05	0.00465241	-0.00255273	-0.00637622	0.00305497	-0.000168077	5.10E-05	0.992289819	0.000137985	-3.88E-05	0.00465608	-0.00256106	-0.00641758	0.00307284	-0.000164588	4.71E-05
0	9000	50	-3.69E-05	8.58E-06	0.00385103	-0.00211946	-0.0063988	0.00306172	6.31E-05	-1.90E-05	0.827337828	-4.72E-05	1.34E-05	0.00463443	-0.00255267	-0.00642562	0.00307447	5.53E-05	-1.58E-05
1000	9000	50	-0.000231146	6.02E-05	0.00474375	-0.00260374	-0.00857513	0.00412163	0.000364807	-0.000108742	1.355178357	-0.000229698	6.48E-05	0.00469845	-0.00257675	-0.00639282	0.00306489	0.000265459	-7.55E-05
2000	9000	50	-0.000328215	8.55E-05	0.00403845	-0.00219117	-0.00626929	0.0030263	0.000430774	-0.00012585	0.829361277	-0.000396457	0.000111058	0.00483712	-0.00262738	-0.00631189	0.00304097	0.000429059	-0.000120262
3000	9000	50	-0.000492273	0.000122411	0.00505634	-0.00270973	-0.00612588	0.00298937	0.000505357	-0.000142094	0.999662839	-0.00052824	0.000145563	0.00501518	-0.0026924	-0.0061854	0.00300544	0.000519586	-0.000141719
4000	9000	50	-0.000242642	5.54E-05	0.00234608	-0.00124396	-0.00422512	0.00206924	0.000295907	-6.30E-05	0.317028022	-0.000606426	0.00016289	0.00518985	-0.00275465	-0.00603438	0.00296931	0.000535779	-0.000140448
5000	9000	50	-0.000623085	0.000151762	0.00532532	-0.00280648	-0.00734577	0.00366956	0.000641309	-0.000168733	1.247603937	-0.000627797	0.000163343	0.00533175	-0.0028049	-0.00588254	0.00293845	0.00050197	-0.000125957
6000	9000	50	-0.000629042	0.000154536	0.00541119	-0.00283004	-0.0072238	0.00363774	0.000745054	-0.000222066	1.246290539	-0.00060587	0.000152419	0.00543384	-0.00283943	-0.00575004	0.00291212	0.000447068	-0.000107433
7000	9000	50	-0.000378137	8.83E-05	0.00364986	-0.0019037	-0.00563903	0.00287006	0.00045699	-0.000117881	0.660899403	-0.00055892	0.000135594	0.00550297	-0.00286423	-0.00564789	0.00289268	0.000389115	-8.90E-05
8000	9000	50	-0.000622561	0.000122612	0.00752572	-0.00395076	-0.00754467	0.00388845	0.000421568	-0.000102748	1.840946213	-0.00050175	0.000116869	0.00554856	-0.00288101	-0.00557267	0.00287817	0.000335668	-7.11E-05
9000	9000	50	-0.000409933	7.59E-05	0.00552444	-0.00286917	-0.00551904	0.00284994	0.000287583	-5.89E-05	0.989653957	-0.000443171	9.85E-05	0.00557649	-0.00289302	-0.00551897	0.00287048	0.000288451	-5.63E-05
-9000	-9000	100	-0.000369572	0.000160481	0.00391432	-0.00297969	-0.00388934	0.00295218	0.000268203	-0.000134182	1.002691875	-0.000361613	0.000170535	0.00390383	-0.00298845	-0.00387569	0.00294327	0.000212035	-8.01E-05
-8000	-9000	100	-0.000406638	0.000181292	0.00387272	-0.00294949	-0.00392656	0.00296303	0.000297905	-0.000154267	0.995963826	-0.000407211	0.000195357	0.0038759	-0.00297559	-0.00391983	0.00296374	0.000253534	-9.44E-05
-7000	-9000	100	-0.00052618	0.000244166	0.00452854	-0.00346291	-0.00469532	0.00351746	0.000398003	-0.000211793	1.384752427	-0.000448027	0.000218421	0.00383254	-0.00295233	-0.00398604	0.00299459	0.000298496	-0.000118792
-6000	-9000	100	-0.000563995	0.000271202	0.00444811	-0.00341388	-0.00480042	0.00355852	0.000441932	-0.000236061	1.38030124	-0.000475805	0.000235726	0.00376888	-0.00291743	-0.00407998	0.00303683	0.000342416	-0.000147573
-5000	-9000	100	-0.000481102	0.000235991	0.00367509	-0.00282971	-0.00418487	0.00306068	0.000410458	-0.000224704	0.98902645	-0.000477583	0.000239988	0.00367904	-0.00286547	-0.00419294	0.00308662	0.000377352	-0.000173796
-4000	-9000	100	-0.000448085	0.000224197	0.00356706	-0.00276657	-0.00431002	0.00312305	0.000411737	-0.0002285	0.993756613	-0.000439865	0.000223363	0.00355995	-0.00279672	-0.00431309	0.00313894	0.000386783	-0.0001868
-3000	-9000	100	-0.000354969	0.000179407	0.00341525	-0.00267325	-0.00447141	0.0032101	0.000367285	-0.000206818	1.000196489	-0.000357918	0.000182924	0.00342746	-0.00271784	-0.0044235	0.00318969	0.000349832	-0.000174166
-2000	-9000	100	-0.000231097	0.000117374	0.00326291	-0.00257368	-0.00451329	0.00322741	0.000271328	-0.000153841	0.982106403	-0.000241332	0.000123691	0.0033093	-0.00264769	-0.0045017	0.00322648	0.000256869	-0.000129882
-1000	-9000	100	-0.000154258	8.06E-05	0.00437237	-0.00346576	-0.00774471	0.00554193	0.000239282	-0.000131173	2.291178104	-0.000106266	5.45E-05	0.00323292	-0.00260174	-0.00454664	0.00324732	0.000118961	-6.02E-05
0	-9000	100	5.96E-05	-3.28E-05	0.00437299	-0.00346536	-0.00773997	0.00553961	-5.05E-05	3.63E-05	2.296458802	3.52E-05	-1.79E-05	0.0032162	-0.00259183	-0.00455695	0.00325252	-3.96E-05	2.10E-05
1000	-9000	100	0.000177247	-9.11E-05	0.00327145	-0.00257694	-0.00449708	0.00322029	-0.000193332	0.000108952	0.988120243	0.000174712	-8.96E-05	0.0032637	-0.00262085	-0.00452924	0.0032395	-0.000191398	9.82E-05
2000	-9000	100	0.000470523	-0.000242655	0.00504969	-0.00393629	-0.00425483	0.00308387	-0.000310191	0.000175103	1.421276952	0.00030244	-0.000154903	0.0033635	-0.00267962	-0.00446702	0.00321025	-0.000309325	0.000156279
3000	-9000	100	0.000170604	-8.15E-05	0.00153356	-0.00118322	-0.00344316	0.00241195	-0.000312099	0.000166154	0.338759174	0.000404009	-0.00020627	0.00349344	-0.00275729	-0.00437157	0.00316815	-0.000374577	0.000184468
4000	-9000	100	0.000475429	-0.000236146	0.00372145	-0.00286792	-0.00417143	0.00305266	-0.000411519	0.000225841	1.001390647	0.000464248	-0.000235314	0.00362132	-0.00283187	-0.00425187	0.00311205	-0.00038592	0.000182769
5000	-9000	100	0.000474819	-0.000229737	0.00370809	-0.00284904	-0.00411529	0.00303063	-0.000387713	0.000209595	0.984693626	0.000480631	-0.000241132	0.00372556	-0.00289255	-0.00413146	0.00305785	-0.000361021	0.000161666
6000	-9000	100	0.000670633	-0.00031855	0.00550012	-0.00421906	-0.00577911	0.00431647	-0.000506706	0.000283904	2.06638353	0.00046393	-0.000230054	0.00380196	-0.00293402	-0.0040295	0.00301296	-0.000319882	0.000133271
7000	-9000	100	0.000618652	-0.00028566	0.00551963	-0.0042397	-0.00740313	0.00557609	-0.000623974	0.000325556	2.678257368	0.000427536	-0.000209288	0.0038543	-0.00296172	-0.00395046	0.00297701	-0.000275132	0.000107106
8000	-9000	100	0.000376553	-0.000167084	0.00382083	-0.00291417	-0.00391765	0.00296257	-0.000276967	0.000140602	0.984979038	0.000382563	-0.000184474	0.00388872	-0.00297616	-0.00389631	0.00295172	-0.000232436	8.93E-05
9000	-9000	100	0.000458784	-0.000200514	0.00528842	-0.00404178	-0.00659951	0.00503413	-0.000407198	0.000200074	2.313771827	0.000336921	-0.000158738	0.00390993	-0.00298254	-0.00386175	0.00293739	-0.000196656	8.35E-05
-9000	-6000	100	-0.000307315	0.000148964	0.00266911	-0.00200478	-0.00303587	0.00232691	0.000233589	-0.000121243	0.547439908	-0.000454291	0.000231504	0.00402274	-0.00303106	-0.00366437	0.00282099	0.000246703	-9.77E-05
-8000	-6000	100	-0.000589125	0.000297873	0.00408083	-0.00306083	-0.00367192	0.0028075	0.000355274	-0.000189517	1.00864391	-0.000565965	0.000297186	0.00402819	-0.00302849	-0.00367386	0.00281601	0.000316159	-0.0001323
-7000	-6000	100	-0.000723894	0.000377676	0.00407258	-0.00305031	-0.00371086	0.00280384	0.000443724	-0.000243009	1.005379132	-0.000711364	0.000384162	0.00402998	-0.00302109	-0.00371251	0.002822	0.000410671	-0.000186967
-6000	-6000	100	-0.000898576	0.000484546	0.00403705	-0.00301931	-0.00379862	0.00282364	0.000577477	-0.000326089	0.995819571	-0.000900173	0.00049866	0.00402223	-0.00300783	-0.00380796	0.00285466	0.000547568	-0.000271022
-5000	-6000	100	-0.00191498	0.0010717	0.00682659	-0.00511231	-0.00679478	0.00496064	0.00134833	-0.000793784	2.907714095	-0.00112009	0.000635595	0.00396491	-0.00295985	-0.00400997	0.00293975	0.000763336	-0.000407805
-4000	-6000	100	-0.0012088	0.0006853	0.00373887	-0.00280228	-0.00444993	0.00314767	0.00112965	-0.000685687	1.007785633	-0.00123269	0.000709527	0.00370969	-0.00277972	-0.00443432	0.00315679	0.00109447	-0.000624196
-3000	-6000	100	-0.000404457	0.000223822	0.00138787	-0.00105549	-0.00346256	0.00237329	0.000855954	-0.000518874	0.323627784	-0.00089643	0.000508957	0.00302934	-0.00231977	-0.0048705	0.00338723	0.00121699	-0.000712653
-2000	-6000	100	-0.0005066	0.000278543	0.00252036	-0.00196151	-0.00495808	0.00340784	0.000884907	-0.000541656	1.010718508	-0.000477647	0.000264577	0.00246681	-0.00194393	-0.00496978	0.00342465	0.000856095	-0.00049738
-1000	-6000	100	-0.000184431	9.90E-05	0.00224158	-0.00177217	-0.00492673	0.00338168	0.000380721	-0.000231108	0.999632886	-0.000181584	9.93E-05	0.00220839	-0.00177445	-0.00496809	0.00341355	0.000370868	-0.000213208
0	-6000	100	7.66E-05	-4.29E-05	0.00220767	-0.00175087	-0.00495376	0.00339647	-0.00013064	7.89E-05	1.010173521	5.86E-05	-3.10E-05	0.00216356	-0.00174426	-0.00496828	0.00341183	-0.000122874	7.07E-05
1000	-6000	100	0.000149288	-8.05E-05	0.00105624	-0.000830408	-0.00346146	0.00235502	-0.000436385	0.00026164	0.315697988	0.000317133	-0.00017288	0.0023052	-0.00183806	-0.00497419	0.00342196	-0.000615834	0.000356202
2000	-6000	100	0.000676714	-0.000374266	0.00275326	-0.00212235	-0.00493806	0.00339906	-0.0011042	0.000677239	1.008961163	0.000670899	-0.000375403	0.0027042	-0.00210232	-0.00494824	0.00342266	-0.00106724	0.000623608
3000	-6000	100	0.00112948	-0.000639177	0.00346555	-0.00260961	-0.00469659	0.0032764	-0.00127589	0.000783449	1.009405968	0.0011166	-0.000640196	0.00340158	-0.00256976	-0.00470715	0.00330605	-0.00123745	0.000720664
4000	-6000	100	0.000805211	-0.000451561	0.00258571	-0.00192896	-0.00413375	0.00294646	-0.000960111	0.00056912	0.650048752	0.00121197	-0.000693636	0.00388162	-0.00289943	-0.0041919	0.00303089	-0.000915821	0.000507002
5000	-6000	100	0.00100685	-0.000551774	0.00405214	-0.00303065	-0.00451389	0.00332053	-0.000777116	0.000442724	1.16887922	0.00100914	-0.000564806	0.00400419	-0.00299103	-0.0038893	0.00288672	-0.000641743	0.000330926
6000	-6000	100	0.00077776	-0.000409636	0.00406014	-0.00304035	-0.00434978	0.00326157	-0.000530325	0.000290914	1.16635708	0.000800911	-0.000436812	0.00402818	-0.00301663	-0.00375018	0.00283402	-0.000471411	0.000224119
7000	-6000	100	0.000597507	-0.000300809	0.00404347	-0.00303146	-0.00368454	0.00280139	-0.000347941	0.000182508	1.000006823	0.00063551	-0.0003373	0.00403193	-0.00302762	-0.00368795	0.0028183	-0.000359345	0.000155906
8000	-6000	100	0.000881269	-0.000440086	0.00694375	-0.00521659	-0.00494961	0.00381158	-0.000419245	0.000222904	2.32468281	0.000508212	-0.000262362	0.00402771	-0.00303196	-0.00366524	0.0028171	-0.000278594	0.000111314
9000	-6000	100	0.000450868	-0.00022281	0.00403468	-0.00303145	-0.00366815	0.0028297	-0.000287104	0.000155535	1.001658347	0.000409389	-0.000205793	0.00401812	-0.00303056	-0.00366392	0.00282454	-0.000219078	8.59E-05
-9000	-3000	100	-0.000214923	0.000112415	0.00246281	-0.00183712	-0.00337054	0.00264911	0.000174311	-9.08E-05	0.595938089	-0.000341235	0.000184189	0.00416374	-0.0030795	-0.00335484	0.00263371	0.000158093	-6.57E-05
-8000	-3000	100	-0.000456376	0.000241412	0.00425318	-0.00314818	-0.00325122	0.00255427	0.00021217	-0.000114645	1.0111796	-0.00044889	0.000248645	0.00421781	-0.00309932	-0.00324757	0.00255345	0.000198866	-8.72E-05
-7000	-3000	100	-0.000601524	0.000327085	0.00433778	-0.00319234	-0.00311076	0.00243004	0.000253291	-0.000140535	1.013205255	-0.000597424	0.000338802	0.00428788	-0.00312636	-0.00310787	0.00244086	0.000245278	-0.000114479
-6000	-3000	100	-0.000802783	0.000448409	0.00442239	-0.00323132	-0.00369238	0.00285257	0.000394579	-0.000224041	1.277936009	-0.000800576	0.000463197	0.00438318	-0.00316699	-0.00291098	0.00227262	0.00029307	-0.00014427
-5000	-3000	100	-0.00105102	0.000597881	0.0045026	-0.0032598	-0.00260832	0.00198539	0.00034284	-0.000195697	1.003417415	-0.00105509	0.00061671	0.00448133	-0.00320473	-0.00260844	0.00200627	0.000326965	-0.000167692
-4000	-3000	100	-0.00203089	0.00115102	0.0073079	-0.00525831	-0.00215587	0.00160089	0.000318319	-0.000179572	1.751522368	-0.00118235	0.000683258	0.00420966	-0.00298536	-0.00213941	0.00159918	0.000306458	-0.000158877
-3000	-3000	100	-0.000644012	0.000349345	0.00243187	-0.00177916	-0.00168834	0.00121482	0.000239151	-0.000130882	0.999202547	-0.00065386	0.000362296	0.00243674	-0.0017602	-0.00168677	0.00122407	0.000230136	-0.000117321
-2000	-3000	100	-0.000261266	0.000136024	0.00142769	-0.00108902	-0.00150619	0.00106926	0.000158258	-8.62E-05	1.007004124	-0.000260314	0.00013771	0.00141932	-0.00107257	-0.00150467	0.00107539	0.000149923	-7.56E-05
-1000	-3000	100	-0.000146765	7.36E-05	0.00200127	-0.00156935	-0.00190803	0.00135454	8.19E-05	-4.27E-05	2.319236879	-8.70E-05	4.42E-05	0.00114793	-0.000892466	-0.0014383	0.00102305	6.53E-05	-3.26E-05
0	-3000	100	7.90E-05	-4.32E-05	0.00173241	-0.00135886	-0.00141044	0.00099758	-2.47E-05	1.31E-05	1.537907925	2.77E-05	-1.41E-05	0.00111264	-0.000869059	-0.00142697	0.00101517	-2.15E-05	1.07E-05
1000	-3000	100	0.000130794	-6.50E-05	0.00102896	-0.000789948	-0.0012004	0.000839181	-9.21E-05	4.83E-05	0.677447357	0.000159522	-8.28E-05	0.00123696	-0.000951339	-0.00146289	0.00104314	-0.000107415	5.38E-05
2000	-3000	100	0.000563265	-0.00029744	0.00256848	-0.00192384	-0.00154005	0.00110014	-0.000208028	0.000114862	1.415277225	0.000413775	-0.000224284	0.00177845	-0.0013138	-0.00157344	0.00113101	-0.000190108	9.66E-05
3000	-3000	100	0.00161601	-0.000891781	0.00593482	-0.00428376	-0.00313309	0.00229279	-0.000370953	0.000196051	2.932897589	0.000975958	-0.00055346	0.00342434	-0.00243729	-0.001871	0.00137587	-0.000268442	0.000138518
4000	-3000	100	0.00118365	-0.000674835	0.00450387	-0.00324381	-0.00240973	0.00180878	-0.000375007	0.000216776	1.010229232	0.00116584	-0.000680783	0.0044592	-0.00317316	-0.00239529	0.00181982	-0.000325435	0.000169404
5000	-3000	100	0.000926372	-0.000523791	0.00448933	-0.00326549	-0.00277912	0.00213499	-0.000324312	0.000183983	1.0110127	0.000924134	-0.000538607	0.00443834	-0.0031911	-0.00277811	0.002156	-0.000313175	0.00015859
6000	-3000	100	0.000696253	-0.00038491	0.00439798	-0.00322425	-0.00301972	0.0023486	-0.000279922	0.000156664	1.014902342	0.000690858	-0.000396216	0.00433175	-0.00314413	-0.00301976	0.00236752	-0.000268897	0.000129209
7000	-3000	100	0.000344241	-0.000184612	0.00283155	-0.00208764	-0.00210408	0.00164549	-0.000155114	8.48E-05	0.440307155	0.000516596	-0.000289456	0.00424964	-0.00311026	-0.00318348	0.00250307	-0.000221531	0.000100245
8000	-3000	100	0.000395511	-0.000206493	0.00420709	-0.00311994	-0.0033014	0.00259589	-0.000200938	0.000107764	1.004639674	0.000390462	-0.000213099	0.00419082	-0.00308939	-0.00330345	0.00259726	-0.000177529	7.51E-05
9000	-3000	100	0.000585927	-0.00029886	0.00785929	-0.00585379	-0.00484934	0.00383468	-0.000245173	0.000126951	2.718863372	0.00029905	-0.000158594	0.00414049	-0.00307074	-0.00339811	0.00266693	-0.000140573	5.76E-05
-9000	0	100	8.76E-08	-9.70E-08	0.00421604	-0.00312006	-0.00322023	0.00255963	3.68E-06	-1.72E-06	1.007733384	-9.46E-07	3.14E-07	0.00421097	-0.00309824	-0.00320828	0.0025453	-6.94E-07	9.99E-07
-8000	0	100	6.59E-06	-3.33E-06	0.00434285	-0.00319442	-0.00304629	0.00242858	-5.87E-06	2.92E-06	1.017729248	-9.60E-07	9.15E-08	0.00427316	-0.00312314	-0.00304958	0.00242968	-4.01E-07	2.44E-07
-7000	0	100	3.31E-06	-1.57E-06	0.00198601	-0.00145139	-0.00270544	0.00213423	-9.14E-06	4.42E-06	0.43402184	-9.44E-07	-2.64E-07	0.00434308	-0.00315109	-0.00284308	0.00227246	-2.13E-07	2.89E-07
-6000	0	100	6.05E-06	-2.73E-06	0.00447814	-0.00325463	-0.0025622	0.00202994	-5.91E-06	4.77E-06	1.009158558	-8.66E-07	-7.47E-07	0.00442111	-0.0031818	-0.0025733	0.00205323	-4.60E-08	6.97E-07
-5000	0	100	6.87E-06	-2.16E-06	0.00775579	-0.0056114	-0.00376666	0.00294618	-6.01E-06	4.05E-06	2.945053996	-7.61E-07	-1.30E-06	0.00446085	-0.00318403	-0.00222777	0.00175524	3.29E-07	7.86E-07
-4000	0	100	-3.89E-06	3.22E-06	0.00188195	-0.0013506	-0.000824146	0.000622466	1.20E-05	-8.22E-06	0.207329907	-5.78E-07	-1.62E-06	0.00411477	-0.0029217	-0.00181785	0.00138687	4.10E-07	7.15E-07
-3000	0	100	1.17E-05	-7.41E-06	0.00240432	-0.00176521	-0.00149105	0.00108436	-1.97E-05	1.49E-05	1.036159779	-2.17E-07	-9.01E-07	0.00233362	-0.00169009	-0.00148551	0.00108881	3.59E-07	4.26E-07
-2000	0	100	1.05E-06	-5.50E-07	0.000611429	-0.000469763	-0.000609666	0.000433209	-1.66E-06	1.03E-06	0.211579508	-3.31E-08	-3.54E-07	0.00131611	-0.000996965	-0.00134214	0.000961094	3.88E-07	1.89E-07
-1000	0	100	3.00E-06	-1.79E-06	0.001076	-0.000849039	-0.00127689	0.000899548	-2.39E-06	1.29E-06	1.030590176	1.56E-08	-1.91E-07	0.00103901	-0.000810161	-0.00128597	0.000912179	2.83E-07	-9.26E-08
0	0	100	-3.62E-06	2.51E-06	0.0008441	-0.000671227	-0.00103991	0.000731209	2.33E-06	-1.83E-06	0.688153932	1.18E-08	-1.52E-07	0.00100358	-0.000786171	-0.00127537	0.000903082	1.87E-07	-2.57E-07
1000	0	100	-2.07E-06	1.33E-06	0.000931122	-0.00073145	-0.000866027	0.000611889	6.98E-08	-6.19E-08	0.548515391	3.43E-08	-1.02E-07	0.00113028	-0.000871595	-0.00130664	0.000929866	2.79E-07	-2.69E-07
2000	0	100	5.09E-06	-3.97E-06	0.00196293	-0.00147981	-0.00164308	0.00117988	-1.22E-05	9.93E-06	1.381692369	8.06E-08	6.15E-10	0.00167733	-0.00124232	-0.00139772	0.00100952	3.03E-07	-3.09E-07
3000	0	100	-8.32E-06	4.49E-06	0.00407875	-0.00294334	-0.00190659	0.00141223	1.19E-06	-2.10E-06	1.447587944	1.68E-07	3.20E-07	0.00331597	-0.00236527	-0.0016223	0.00121033	3.48E-07	-3.89E-07
4000	0	100	-3.04E-06	8.66E-07	0.00446229	-0.00320847	-0.00202172	0.00155657	2.23E-06	-4.76E-07	1.01034775	2.78E-07	7.03E-07	0.00440351	-0.00313227	-0.00202892	0.00157492	5.10E-07	-4.93E-07
5000	0	100	-4.50E-06	1.53E-06	0.00456922	-0.00330226	-0.0023978	0.00188842	8.84E-07	-5.11E-07	1.020649313	2.97E-07	8.65E-07	0.00445117	-0.00319012	-0.0024111	0.00191408	4.70E-07	-3.66E-07
6000	0	100	-5.68E-05	3.93E-05	0.00316569	-0.0022858	-0.00122276	0.000970727	2.50E-05	-1.66E-05	0.323929777	2.44E-07	8.75E-07	0.00438255	-0.00316621	-0.00271839	0.0021721	3.17E-07	-4.30E-07
7000	0	100	-7.87E-06	3.52E-06	0.00423335	-0.00306583	-0.00201705	0.0016023	1.00E-05	-6.16E-06	0.668726741	1.59E-07	8.13E-07	0.00430666	-0.00313667	-0.00295374	0.00235734	1.83E-07	-5.58E-07
8000	0	100	4.95E-05	-3.72E-05	0.00304765	-0.00222613	-0.00141047	0.00112405	-1.31E-05	8.67E-06	0.323394525	8.66E-08	7.37E-07	0.00423867	-0.00310803	-0.00313394	0.00249205	3.46E-07	-6.36E-07
9000	0	100	7.08E-06	-3.71E-06	0.00803311	-0.00595211	-0.00466172	0.00372275	-3.83E-06	-1.56E-05	2.744878456	9.84E-08	6.71E-07	0.00418726	-0.0030903	-0.00327385	0.00259161	9.32E-07	-5.28E-07
-9000	3000	100	0.000307969	-0.000146271	0.00370131	-0.00262831	-0.00171085	0.00132321	-3.83E-05	8.97E-06	0.445873522	0.000340497	-0.000183528	0.00415902	-0.00307333	-0.00335388	0.00263507	-0.000159265	6.65E-05
-8000	3000	100	0.000344578	-0.000165063	0.00376514	-0.00265821	-0.000567263	0.000446335	-3.55E-05	1.82E-05	0.153987381	0.000447788	-0.000247964	0.00421602	-0.00309643	-0.00324763	0.00255489	-0.000199713	8.70E-05
-7000	3000	100	0.000877579	-0.000467248	0.00665573	-0.00483891	-0.00307586	0.0024078	-0.000253761	0.000138839	1.53299556	0.00059621	-0.000338456	0.0042862	-0.00312248	-0.00310797	0.00244315	-0.000246213	0.000114834
-6000	3000	100	0.00080867	-0.000451519	0.00448428	-0.00326424	-0.00289834	0.00224564	-0.00030537	0.000170304	1.017594261	0.000799544	-0.000463225	0.00438151	-0.003163	-0.00291143	0.00227506	-0.000293767	0.000145083
-5000	3000	100	0.00104831	-0.000596014	0.0045147	-0.00326549	-0.00260384	0.0019826	-0.000337465	0.000192091	1.004836781	0.0010543	-0.000617185	0.00448053	-0.00320079	-0.00260867	0.00200838	-0.000327055	0.000168658
-4000	3000	100	0.00171843	-0.000972831	0.00625064	-0.00450182	-0.00399056	0.00295857	-0.000596187	0.000334276	2.775759409	0.00118265	-0.0006838	0.00420502	-0.00297831	-0.00213942	0.00160105	-0.000306149	0.000159472
-3000	3000	100	0.000656878	-0.000357319	0.00248728	-0.0018393	-0.00317207	0.00228171	-0.000452009	0.000236694	1.930623795	0.000653672	-0.000362531	0.00243366	-0.00175637	-0.00168686	0.00122495	-0.000229694	0.00011748
-2000	3000	100	0.00025804	-0.00013382	0.0014407	-0.00114275	-0.00282883	0.00200847	-0.000277158	0.000151442	1.942237203	0.000260213	-0.000137817	0.00141706	-0.00107137	-0.00150475	0.00107624	-0.000149277	7.54E-05
-1000	3000	100	9.94E-05	-4.77E-05	0.00165363	-0.00133448	-0.00268714	0.0019007	-0.000117331	3.65E-05	2.726703153	8.68E-05	-4.41E-05	0.00114793	-0.000892636	-0.00143836	0.00102388	-6.47E-05	3.22E-05
0	3000	100	-2.84E-05	1.38E-05	0.00112147	-0.00088352	-0.00141426	0.000999641	2.29E-05	-1.23E-05	0.999974446	-2.78E-05	1.42E-05	0.00111264	-0.000869226	-0.00142701	0.00101512	2.20E-05	-1.10E-05
1000	3000	100	-0.000102782	5.21E-05	0.000815217	-0.000632487	-0.0014513	0.00102501	0.000113238	-6.07E-05	0.654863786	-0.000159535	8.27E-05	0.00123588	-0.000950299	-0.00146161	0.00104206	0.000107939	-5.40E-05
2000	3000	100	-0.000705907	0.00037577	0.003095	-0.00231075	-0.00214172	0.00152894	0.000282046	-0.000153247	2.370135262	-0.000413795	0.000224286	0.00177688	-0.00131234	-0.00157347	0.00113091	0.00019062	-9.66E-05
3000	3000	100	-0.000971486	0.000537569	0.00346107	-0.00249333	-0.00186696	0.00136087	0.000269532	-0.000147205	1.01030971	-0.000975603	0.000553474	0.00342458	-0.0024341	-0.0018711	0.0013748	0.000269152	-0.00013854
4000	3000	100	-0.00118116	0.000670987	0.00454784	-0.00326966	-0.00155656	0.00117464	0.000207059	-0.000117118	0.663952127	-0.00116537	0.000680761	0.00445958	-0.00316893	-0.00239533	0.0018197	0.000326306	-0.00016909
5000	3000	100	-0.000937345	0.000528352	0.00449803	-0.00326751	-0.0027759	0.00213238	0.000335071	-0.000191244	1.011786848	-0.000923593	0.000538673	0.00443468	-0.00318443	-0.00277789	0.00215566	0.000313924	-0.000158203
6000	3000	100	-0.000696855	0.000384499	0.00434697	-0.00318756	-0.00302786	0.00235288	0.000287155	-0.000159747	1.005767623	-0.000690798	0.00039645	0.0043311	-0.00314087	-0.0030195	0.0023672	0.000269494	-0.000129216
7000	3000	100	-0.000897261	0.00048412	0.00729332	-0.00540165	-0.0054225	0.00425521	0.000401228	-0.00022308	2.931821655	-0.000516799	0.000289887	0.00424987	-0.00310809	-0.00318326	0.0025027	0.000221978	-0.00010052
8000	3000	100	-0.000397165	0.000206443	0.00418936	-0.00310889	-0.00331422	0.00260541	0.000195522	-0.000102994	1.006075709	-0.000390673	0.00021359	0.00418616	-0.00308383	-0.00330324	0.00259684	0.000178167	-7.56E-05
9000	3000	100	-0.000308324	0.000155721	0.00415891	-0.00309793	-0.00340182	0.0026756	0.000158387	-8.35E-05	1.007669617	-0.000299002	0.000159058	0.00414079	-0.00306767	-0.00339804	0.00266787	0.000142443	-5.80E-05
-9000	6000	100	0.000457935	-0.000221228	0.00400065	-0.00300972	-0.0036824	0.0028315	-0.000291389	0.00015271	0.997858	0.000455685	-0.00023185	0.00401826	-0.00303032	-0.00366427	0.00282015	-0.000247369	9.80E-05
-8000	6000	100	0.000561635	-0.000280867	0.00401985	-0.00301702	-0.00368701	0.00281836	-0.000341325	0.000184168	0.999583093	0.000568194	-0.000296776	0.00402376	-0.00302775	-0.00367282	0.00281569	-0.000316368	0.000130361
-7000	6000	100	0.000949404	-0.000493992	0.0054887	-0.00412744	-0.00634471	0.00480886	-0.00074707	0.000407119	2.323556989	0.000713402	-0.000382576	0.0040293	-0.00302465	-0.0037116	0.00282395	-0.000411857	0.000185975
-6000	6000	100	0.000908183	-0.000491726	0.00408311	-0.0030689	-0.00652374	0.00485829	-0.000996832	0.000565579	1.735911647	0.000900996	-0.000496423	0.00401691	-0.00300699	-0.00380554	0.00285567	-0.000548457	0.000270806
-5000	6000	100	0.00153237	-0.000858608	0.00543452	-0.00406933	-0.00540997	0.00394784	-0.00107072	0.000630796	1.841948807	0.00112198	-0.000633759	0.00395975	-0.00295892	-0.00401344	0.0029448	-0.000764136	0.000407669
-4000	6000	100	0.00121897	-0.000690791	0.00372076	-0.00278646	-0.00444169	0.00313904	-0.00112666	0.000680467	0.999029032	0.00123375	-0.000707929	0.00370451	-0.00277981	-0.00443934	0.00316191	-0.00109402	0.0006224
-3000	6000	100	0.000900881	-0.000505282	0.00306816	-0.00233442	-0.00487058	0.00336874	-0.00125984	0.000773016	1.004778231	0.000897261	-0.000507505	0.00302595	-0.00232135	-0.00487514	0.00339135	-0.00121658	0.000710493
-2000	6000	100	0.000484267	-0.000265527	0.0025219	-0.00196139	-0.00496509	0.00341207	-0.00088468	0.00053953	1.013496617	0.000477278	-0.000262475	0.00246395	-0.001948	-0.00497109	0.00342515	-0.00085514	0.000495724
-1000	6000	100	0.000110895	-5.79E-05	0.00158794	-0.00125043	-0.00225006	0.00153996	-0.00017368	0.000104183	0.322642806	0.000180925	-9.71E-05	0.00220646	-0.00177945	-0.00496952	0.003413	-0.000369877	0.000212194
0	6000	100	-5.63E-05	2.95E-05	0.00215645	-0.00169684	-0.00224366	0.00153604	5.82E-05	-3.47E-05	0.445038287	-5.96E-05	3.28E-05	0.0021616	-0.0017502	-0.00496958	0.00341142	0.000123983	-7.09E-05
1000	6000	100	-0.000201979	0.000106494	0.00164866	-0.00128971	-0.00225134	0.00154132	0.000289522	-0.000174168	0.32080311	-0.000318255	0.000173991	0.00230445	-0.00184319	-0.00497546	0.00342151	0.000617306	-0.000355642
2000	6000	100	-0.000633493	0.00034639	0.00273526	-0.0021066	-0.00490125	0.00337896	0.00107981	-0.000658806	0.998364179	-0.000671817	0.000375321	0.002703	-0.00210699	-0.00494854	0.00342125	0.0010683	-0.000622174
3000	6000	100	-0.00206206	0.00118224	0.00591802	-0.00445152	-0.00804565	0.00562286	0.00228966	-0.00141815	2.920660003	-0.00111765	0.000639481	0.00340133	-0.00257432	-0.00470745	0.00330457	0.0012392	-0.000719605
4000	6000	100	-0.00117513	0.000655566	0.00389852	-0.00290957	-0.00418839	0.0030043	0.000928673	-0.000548503	1.001062323	-0.00121303	0.000692885	0.00387844	-0.00290033	-0.00419212	0.00303047	0.000916906	-0.00050554
5000	6000	100	-0.0010092	0.000551752	0.00404421	-0.00301907	-0.00388891	0.00285961	0.000675751	-0.000386878	1.004489436	-0.00101013	0.000564293	0.00399982	-0.00299175	-0.00388846	0.00288639	0.000642309	-0.000329799
6000	6000	100	-0.000797106	0.000422265	0.00403395	-0.00301968	-0.00375489	0.0028138	0.000501291	-0.000278027	0.998080007	-0.000800995	0.000436112	0.00402491	-0.0030164	-0.00374997	0.0028335	0.000471725	-0.000223481
7000	6000	100	-0.0010945	0.00056466	0.00691372	-0.00519573	-0.0062788	0.00478525	0.000666932	-0.000365772	2.914505251	-0.000635578	0.000336591	0.00402772	-0.00302728	-0.00368676	0.00281767	0.000359613	-0.00015609
8000	6000	100	-0.000508165	0.000249837	0.00403002	-0.00302383	-0.00367659	0.00282081	0.000311463	-0.000164347	1.001297123	-0.000508459	0.000261707	0.0040235	-0.00303164	-0.00366503	0.00281658	0.000279318	-0.000112008
9000	6000	100	-0.000419598	0.000199227	0.00408172	-0.00306321	-0.00365106	0.00281839	0.000251149	-0.000129806	1.009696243	-0.000409908	0.000205315	0.00401677	-0.00303253	-0.00366448	0.00282525	0.000220728	-8.60E-05
-9000	9000	100	0.000488527	-0.000184093	0.00666616	-0.0050879	-0.00660349	0.00502308	-0.000306932	0.000125677	2.915663929	0.000358136	-0.00016999	0.00390235	-0.00297505	-0.00387887	0.00294408	-0.000215651	9.00E-05
-8000	9000	100	0.000429426	-0.000200185	0.00386514	-0.00294427	-0.00390668	0.00294562	-0.000323307	0.000171422	0.988866109	0.000403812	-0.00019604	0.00387573	-0.00296515	-0.00392205	0.00296272	-0.000254559	9.89E-05
-7000	9000	100	0.0004472	-0.000206447	0.0038442	-0.00293441	-0.00398918	0.00298241	-0.000338936	0.000178697	0.997960293	0.00044597	-0.000219559	0.003834	-0.00294612	-0.00398703	0.00299287	-0.000299435	0.000120501
-6000	9000	100	0.000482214	-0.00022917	0.0038212	-0.00292376	-0.00406753	0.00301155	-0.000381201	0.000204932	1.003720463	0.000475062	-0.00023642	0.00377084	-0.00291299	-0.00407874	0.00303519	-0.000343978	0.000148672
-5000	9000	100	9.31E-05	-4.65E-05	0.00065595	-0.000503403	-0.000743118	0.000542166	-8.04E-05	4.47E-05	0.031232002	0.00047746	-0.000239784	0.00368001	-0.00286189	-0.00419144	0.00308702	-0.000379309	0.000175049
-4000	9000	100	0.000405251	-0.000194923	0.00359067	-0.00278389	-0.00433372	0.0031429	-0.000391017	0.000210489	1.007764103	0.000439558	-0.000222362	0.00356232	-0.00279352	-0.00431171	0.0031401	-0.000388657	0.000188242
-3000	9000	100	0.00035295	-0.000177871	0.00343796	-0.00268544	-0.00441527	0.00317775	-0.000370842	0.000206662	0.994218671	0.000357437	-0.000181508	0.00342985	-0.00271554	-0.00442243	0.00319052	-0.000351201	0.000175536
-2000	9000	100	0.000242081	-0.000123197	0.00331617	-0.00260978	-0.00449968	0.00322162	-0.000273224	0.000153907	0.9932368	0.000240922	-0.000122335	0.00331174	-0.00264533	-0.00450695	0.00323067	-0.000257378	0.000131169
-1000	9000	100	0.000110817	-5.71E-05	0.00323349	-0.00255806	-0.00454853	0.00324648	-0.000128868	7.29E-05	0.993059174	0.000105547	-5.32E-05	0.0032364	-0.00259942	-0.00454789	0.00324792	-0.000118771	6.13E-05
0	9000	100	-2.94E-05	1.45E-05	0.0026748	-0.00212029	-0.00456555	0.00325492	4.86E-05	-2.74E-05	0.827026234	-3.60E-05	1.89E-05	0.00322001	-0.00258976	-0.0045582	0.00325313	4.07E-05	-2.03E-05
1000	9000	100	-0.000182185	9.32E-05	0.00329904	-0.00260771	-0.00610935	0.00437126	0.000281899	-0.000158932	1.354046282	-0.000175501	9.00E-05	0.00326748	-0.00261878	-0.00453052	0.00324008	0.000192909	-9.79E-05
2000	9000	100	-0.000258755	0.000132056	0.00281537	-0.00220728	-0.00446368	0.00320211	0.000332356	-0.000186608	0.829595301	-0.000303218	0.000154972	0.00336755	-0.00267785	-0.00446832	0.00321078	0.000311243	-0.00015644
3000	9000	100	-0.000389548	0.000194138	0.00353495	-0.002748	-0.00434757	0.00314312	0.000392977	-0.000218615	0.999824456	-0.000404187	0.000205526	0.00349759	-0.00275451	-0.00436893	0.00316425	0.000376663	-0.000185067
4000	9000	100	-0.00019374	9.25E-05	0.00164287	-0.00126886	-0.0029968	0.00216732	0.000238556	-0.000120384	0.317288279	-0.000464361	0.000234172	0.00362517	-0.00282873	-0.00425315	0.00311257	0.000388013	-0.000183565
5000	9000	100	-0.000491893	0.000239874	0.00373441	-0.00287106	-0.00518184	0.0038087	0.000508239	-0.000275554	1.246889267	-0.000480582	0.00023952	0.0037294	-0.00288939	-0.00413161	0.00305845	0.000363096	-0.000162552
6000	9000	100	-0.000495569	0.00023896	0.00380092	-0.00290672	-0.00509342	0.00377639	0.00058517	-0.000331431	1.249717038	-0.000463861	0.000228291	0.00380481	-0.00293075	-0.00402855	0.00301272	0.000322088	-0.000134454
7000	9000	100	-0.000297985	0.000138103	0.00256641	-0.00195816	-0.0039677	0.00297463	0.000362996	-0.000194081	0.664227479	-0.000427393	0.000207759	0.00385584	-0.00295795	-0.00395007	0.0029766	0.00027743	-0.000108152
8000	9000	100	-0.000494895	0.000214539	0.00530508	-0.00405231	-0.00529593	0.00401985	0.000343386	-0.0001768	1.854209731	-0.000382223	0.000183143	0.00389016	-0.0029734	-0.00389611	0.00295023	0.00023489	-8.97E-05
9000	9000	100	-0.000328871	0.000139903	0.00388969	-0.00296088	-0.00387363	0.00294513	0.000229275	-0.000111416	0.996508255	-0.000335588	0.000157616	0.00391147	-0.00297967	-0.00386252	0.00293695	0.000198338	-8.24E-05
-9000	-9000	200	-0.000264057	0.000178734	0.00246081	-0.00262788	-0.00244801	0.00261933	0.000181058	-0.000121788	1.000821298	-0.000250601	0.000178548	0.00246058	-0.00263134	-0.00244702	0.00261119	0.000172597	-0.000114432
-8000	-9000	200	-0.000286636	0.000203045	0.00243276	-0.00260329	-0.00248175	0.00262983	0.000200641	-0.000137113	0.994981795	-0.000280094	0.000204718	0.0024418	-0.00261581	-0.00248467	0.00263041	0.000199955	-0.000137369
-7000	-9000	200	-0.000366851	0.000274638	0.00284236	-0.00305142	-0.00297024	0.00313671	0.000266542	-0.000190368	1.385803178	-0.000306636	0.000230162	0.00241464	-0.00259149	-0.00253345	0.00265518	0.000228774	-0.000163755
-6000	-9000	200	-0.000385872	0.000292367	0.00279026	-0.00300478	-0.00305092	0.00317795	0.000294275	-0.000216692	1.385768214	-0.000324776	0.000249724	0.00237195	-0.002554	-0.00259553	0.00269409	0.000256705	-0.000190723
-5000	-9000	200	-0.000330204	0.000254073	0.00230356	-0.00249012	-0.00268105	0.00274811	0.000272601	-0.000207159	0.99822347	-0.000325931	0.000255569	0.00231107	-0.00250076	-0.00267087	0.00274822	0.000278062	-0.000212882
-4000	-9000	200	-0.0003074	0.000239077	0.00223197	-0.00242881	-0.00275721	0.0028154	0.000272076	-0.000212448	1.002157968	-0.000300374	0.000238819	0.00223203	-0.00243049	-0.00275064	0.00280923	0.000281118	-0.000220386
-3000	-9000	200	-0.000240605	0.000189261	0.00213075	-0.0023389	-0.00287072	0.00290095	0.000243704	-0.000192557	1.008295432	-0.000244838	0.000196263	0.00214358	-0.00235042	-0.00282562	0.00287058	0.000251555	-0.000200556
-2000	-9000	200	-0.000161989	0.000121393	0.00203177	-0.00224726	-0.00289249	0.00292125	0.00018039	-0.000143254	0.988124389	-0.000165629	0.000133104	0.00206377	-0.00227932	-0.00288054	0.00291797	0.000183423	-0.000147703
-1000	-9000	200	-9.61E-05	0.000102276	0.00271696	-0.0030181	-0.004949	0.00498258	0.00015705	-0.000127206	2.289721998	-7.32E-05	5.85E-05	0.00201286	-0.00223317	-0.00291284	0.00294469	8.47E-05	-6.83E-05
0	-9000	200	6.14E-05	-3.83E-05	0.00271803	-0.00301909	-0.00494524	0.00496009	-3.18E-05	2.45E-05	2.29336138	2.37E-05	-1.99E-05	0.00200233	-0.00222266	-0.00291649	0.00294844	-2.83E-05	2.33E-05
1000	-9000	200	0.000121664	-9.50E-05	0.00203864	-0.00225357	-0.00288459	0.0029209	-0.000127227	0.000102526	0.997160753	0.000119242	-9.68E-05	0.00203389	-0.00225061	-0.00289998	0.00293322	-0.000136603	0.000110623
2000	-9000	200	0.00033295	-0.000242795	0.00315468	-0.00345505	-0.00272825	0.00277195	-0.000203357	0.000163271	1.431962534	0.000206819	-0.000166526	0.00210015	-0.00231152	-0.0028577	0.00289712	-0.000221873	0.000178048
3000	-9000	200	0.000118678	-8.74E-05	0.000961532	-0.00104376	-0.00223072	0.00220732	-0.000209202	0.000158469	0.345231703	0.000276267	-0.000220019	0.00218763	-0.00239	-0.002792	0.00284325	-0.000270689	0.000214308
4000	-9000	200	0.000328273	-0.000245804	0.0023317	-0.00252388	-0.00267996	0.00272258	-0.000272533	0.000209725	1.008515659	0.000317496	-0.000249311	0.00227326	-0.00246603	-0.00271068	0.00277929	-0.000282096	0.000218786
5000	-9000	200	0.000325648	-0.000242873	0.00232361	-0.00250753	-0.00263263	0.00271759	-0.000258306	0.000192032	0.992382706	0.000329351	-0.000253737	0.00234372	-0.00252895	-0.00263027	0.00271848	-0.00026802	0.00020227
6000	-9000	200	0.000446943	-0.00022876	0.00343706	-0.00370877	-0.00361965	0.00402009	-0.000343584	0.000255046	2.104935742	0.00031938	-0.000240452	0.00239497	-0.00257382	-0.00256253	0.00267375	-0.000242283	0.000176516
7000	-9000	200	0.000388797	-0.000233643	0.0034768	-0.00373517	-0.004638	0.00495705	-0.000405987	0.000294993	2.675781957	0.000296113	-0.000217567	0.00243001	-0.00260391	-0.00250423	0.00263958	-0.000213482	0.000149553
8000	-9000	200	0.000267471	-0.000177055	0.00240119	-0.00256902	-0.0024745	0.00264183	-0.000188265	0.00012626	0.985941208	0.000267534	-0.000192383	0.0024527	-0.00262312	-0.00246268	0.00261947	-0.000185017	0.000125047
9000	-9000	200	0.000307759	-0.000181873	0.00332571	-0.00355436	-0.00419383	0.00444878	-0.000278069	0.000181934	2.317150057	0.000237186	-0.000167751	0.00246763	-0.00263391	-0.00243197	0.00259996	-0.000158065	0.000106017
-9000	-6000	200	-0.000210226	0.000158208	0.00168067	-0.00176784	-0.0019109	0.00205602	0.000157417	-0.000109316	0.544551795	-0.000312796	0.000246403	0.00255952	-0.00268574	-0.0023052	0.00248427	0.00018933	-0.000132286
-8000	-6000	200	-0.000399197	0.000308857	0.00257277	-0.00270126	-0.00231142	0.00248131	0.00023804	-0.000173743	1.002118812	-0.000389277	0.000312937	0.00256895	-0.00268893	-0.00231893	0.00247839	0.000235766	-0.000172303
-7000	-6000	200	-0.000488964	0.000391492	0.00256849	-0.00268931	-0.00235294	0.00247336	0.00029616	-0.000225577	0.998164309	-0.000488088	0.000399832	0.00257387	-0.00268722	-0.00235126	0.00248246	0.000298716	-0.000228692
-6000	-6000	200	-0.000607714	0.000494123	0.00254791	-0.00266187	-0.00241086	0.00251122	0.000384438	-0.00030471	0.99083969	-0.000614424	0.000512379	0.00257297	-0.00267874	-0.00241683	0.00251639	0.000390533	-0.000311738
-5000	-6000	200	-0.00129267	0.00112199	0.0043111	-0.00450098	-0.00433683	0.00448534	0.000892859	-0.000743944	2.899797928	-0.000762359	0.000646499	0.00254042	-0.00263915	-0.00256059	0.00261893	0.000534172	-0.000444014
-4000	-6000	200	-0.000810634	0.00069139	0.00236175	-0.00246554	-0.00285619	0.00285423	0.000743135	-0.000643489	0.99974318	-0.000836129	0.000716509	0.00237726	-0.00247352	-0.00285055	0.00285304	0.000752577	-0.000649446
-3000	-6000	200	-0.000273713	0.000229847	0.000873953	-0.000924061	-0.00225516	0.00218824	0.000563895	-0.000487427	0.322906376	-0.000610525	0.000518395	0.00193535	-0.00204251	-0.00314874	0.00310174	0.000829734	-0.000728718
-2000	-6000	200	-0.000343995	0.000285553	0.0015842	-0.00170825	-0.00321131	0.00313925	0.000581459	-0.00050718	1.004701476	-0.000327874	0.000273402	0.00157011	-0.00169007	-0.00322067	0.00315609	0.000585186	-0.000510909
-1000	-6000	200	-0.000123391	9.70E-05	0.00140525	-0.00153666	-0.00319564	0.00311656	0.000249625	-0.000216252	0.994977586	-0.000125616	0.000102772	0.00140149	-0.00152734	-0.00322085	0.00315395	0.000254082	-0.000220466
0	-6000	200	5.45E-05	-4.14E-05	0.00138333	-0.0015156	-0.00321749	0.00314947	-8.62E-05	7.37E-05	1.008844556	3.94E-05	-3.47E-05	0.00137093	-0.00149894	-0.00322135	0.00315281	-8.44E-05	7.32E-05
1000	-6000	200	9.92E-05	-8.37E-05	0.000663069	-0.000721215	-0.00225456	0.0021786	-0.000287816	0.000246833	0.315256582	0.000216506	-0.000182455	0.0014643	-0.00158855	-0.00322401	0.00315461	-0.000421588	0.000367316
2000	-6000	200	0.000455907	-0.000385824	0.00173187	-0.00185351	-0.00320225	0.00312595	-0.000723865	0.00063454	1.004496605	0.000456287	-0.000387025	0.00172416	-0.00183836	-0.0032041	0.00314067	-0.000728176	0.000638274
3000	-6000	200	0.000755848	-0.000643569	0.00218541	-0.00229351	-0.00304898	0.00299945	-0.000836899	0.000730821	1.007307119	0.000755602	-0.000648344	0.00217934	-0.00227935	-0.00303693	0.00300615	-0.000846019	0.000739938
4000	-6000	200	0.000537309	-0.000454404	0.00163416	-0.00170136	-0.00266149	0.00266538	-0.000634406	0.00053576	0.649142008	0.000820285	-0.000701638	0.00248766	-0.00258391	-0.00268377	0.00271303	-0.000634871	0.000538671
5000	-6000	200	0.000671453	-0.000567504	0.00256016	-0.00267139	-0.00288156	0.00297387	-0.000512204	0.000417079	1.166326543	0.000685877	-0.000577028	0.00256419	-0.00266623	-0.00247616	0.00255524	-0.000453131	0.000369425
6000	-6000	200	0.00052708	-0.000420943	0.00256346	-0.00268213	-0.00276226	0.00290268	-0.00035341	0.000269978	1.16398651	0.000546363	-0.000450756	0.0025752	-0.00268462	-0.00237858	0.00249364	-0.000339275	0.000265484
7000	-6000	200	0.000405486	-0.00031738	0.00255021	-0.00267503	-0.00232606	0.00246975	-0.000232893	0.000168582	0.993405175	0.000435317	-0.000351513	0.0025708	-0.0026874	-0.00233258	0.00247837	-0.000264079	0.000197397
8000	-6000	200	0.000605108	-0.000452477	0.00436999	-0.00460044	-0.00308831	0.00328674	-0.000281345	0.000203346	2.271927162	0.000349464	-0.000275502	0.00256475	-0.00268846	-0.00230952	0.00248158	-0.000210692	0.000149534
9000	-6000	200	0.000295406	-0.000239615	0.00254086	-0.00267476	-0.00229623	0.00249774	-0.000192947	0.000139715	0.99511429	0.000282922	-0.000217592	0.00255431	-0.00268377	-0.00230146	0.00248919	-0.000170163	0.000115704
-9000	-3000	200	-0.000133563	0.000105634	0.00155583	-0.00161512	-0.00212054	0.00231422	0.000117967	-8.49E-05	0.590874482	-0.000240235	0.000194554	0.00266357	-0.00275473	-0.00209415	0.00229898	0.000118452	-8.53E-05
-8000	-3000	200	-0.000305506	0.000251763	0.0026921	-0.00277923	-0.00203044	0.00222891	0.000143102	-0.000106993	0.998433364	-0.000313534	0.00025793	0.00270486	-0.00278303	-0.00203228	0.00222236	0.000145139	-0.000108849
-7000	-3000	200	-0.000403349	0.000337877	0.00274716	-0.00281717	-0.0019598	0.00211884	0.000170463	-0.000131297	1.000793857	-0.000413364	0.000345468	0.00275954	-0.00282067	-0.0019492	0.00211678	0.000176148	-0.000136815
-6000	-3000	200	-0.000539196	0.000457601	0.00280878	-0.00285987	-0.00232445	0.00249185	0.000264482	-0.000210552	1.26118523	-0.000548825	0.000465605	0.00282864	-0.0028701	-0.0018308	0.00196839	0.000207909	-0.000165742
-5000	-3000	200	-0.000704952	0.000604607	0.00286704	-0.0028949	-0.00166088	0.00174764	0.000228941	-0.0001865	0.993208473	-0.000719076	0.000615628	0.00290285	-0.00292038	-0.00165036	0.00174626	0.000229304	-0.000186409
-4000	-3000	200	-0.00137745	0.0011881	0.0046603	-0.00467583	-0.00136003	0.00150111	0.000215173	-0.000173828	1.761149969	-0.000807638	0.000685305	0.00273817	-0.00273146	-0.00136974	0.00140986	0.000215091	-0.000174609
-3000	-3000	200	-0.000438567	0.000361298	0.00155405	-0.00156953	-0.00109751	0.00109642	0.000161312	-0.000129193	0.979932434	-0.000451744	0.000371925	0.00158958	-0.0015975	-0.0010979	0.00109739	0.00016237	-0.000129451
-2000	-3000	200	-0.000178859	0.000139613	0.000911531	-0.000944769	-0.000995087	0.000970258	0.000107264	-8.42E-05	0.992279197	-0.000180947	0.000145229	0.000924948	-0.000953465	-0.000985982	0.000971844	0.000106216	-8.37E-05
-1000	-3000	200	-9.79E-05	9.61E-05	0.00127866	-0.00134779	-0.00124344	0.00129881	5.81E-05	-4.39E-05	2.326575241	-6.09E-05	4.77E-05	0.000748752	-0.000784136	-0.000945124	0.000927865	4.62E-05	-3.61E-05
0	-3000	200	5.73E-05	-4.85E-05	0.00111054	-0.00116395	-0.000921891	0.000891394	-1.61E-05	1.28E-05	1.491570739	1.89E-05	-1.57E-05	0.000725405	-0.000761762	-0.000938338	0.000920347	-1.53E-05	1.20E-05
1000	-3000	200	9.09E-05	-7.15E-05	0.000661979	-0.000683076	-0.000794215	0.000765795	-6.27E-05	4.82E-05	0.670180497	0.000111759	-8.89E-05	0.000806005	-0.000839302	-0.000959874	0.000943367	-7.62E-05	5.96E-05
2000	-3000	200	0.000377649	-0.000319632	0.00164443	-0.00167974	-0.00101043	0.00100186	-0.000140538	0.000114155	1.395700846	0.000287247	-0.000233752	0.00115899	-0.00118055	-0.0010297	0.00101811	-0.000134782	0.000106711
3000	-3000	200	0.00108404	-0.000883108	0.00379113	-0.00380596	-0.00210962	0.00196536	-0.000249936	0.000188464	2.887662647	0.00067062	-0.000561571	0.00223208	-0.00222834	-0.00121019	0.00122167	-0.000189167	0.000152382
4000	-3000	200	0.000799551	-0.000688416	0.00287024	-0.0028805	-0.00153021	0.00158789	-0.000250318	0.00020661	0.990181115	0.00079432	-0.000680121	0.00289538	-0.00289952	-0.00152344	0.00158861	-0.000228735	0.000186459
5000	-3000	200	0.000617504	-0.000527235	0.00285467	-0.00289458	-0.00176583	0.00188636	-0.000216811	0.000174766	1.007541886	0.00063067	-0.000539727	0.00286711	-0.0028972	-0.00175237	0.0018671	-0.000221159	0.000178292
6000	-3000	200	0.000465223	-0.000393004	0.00278779	-0.00285062	-0.00190134	0.00204488	-0.000187351	0.000147166	1.001661942	0.000474911	-0.000401846	0.0027907	-0.00284232	-0.00189721	0.00204851	-0.000192222	0.000150981
7000	-3000	200	0.000230404	-0.000194294	0.00179524	-0.00184524	-0.00132319	0.00143353	-0.000105123	7.93E-05	0.435164153	0.000358164	-0.000298481	0.00273065	-0.00280074	-0.00199667	0.00217326	-0.000160164	0.000122422
8000	-3000	200	0.000253205	-0.000220442	0.00265996	-0.00275157	-0.00206455	0.00226014	-0.000137148	9.94E-05	0.991577145	0.000272765	-0.000223772	0.00268323	-0.00276807	-0.00206616	0.00226335	-0.000131222	9.61E-05
9000	-3000	200	0.000382584	-0.00017074	0.00495882	-0.00516768	-0.00292691	0.00350247	-0.000168029	0.000116098	2.724793089	0.000210249	-0.000169526	0.00264553	-0.00274234	-0.00212033	0.00233057	-0.000106693	7.50E-05
-9000	0	200	-4.38E-06	-2.70E-06	0.00266395	-0.00275561	-0.00199979	0.00222237	2.48E-06	-8.09E-07	0.992725171	-4.55E-08	-1.31E-06	0.00269834	-0.0027796	-0.00199608	0.00221213	-5.96E-07	1.83E-07
-8000	0	200	2.01E-06	-2.57E-06	0.00275117	-0.00282735	-0.00190157	0.00209845	-4.70E-06	3.44E-06	1.002799522	3.41E-07	-1.57E-06	0.00274513	-0.00281146	-0.00190062	0.00210376	-8.11E-07	2.75E-07
-7000	0	200	2.13E-06	-2.41E-06	0.00126068	-0.00128633	-0.00170234	0.00185683	-6.92E-06	5.10E-06	0.429756825	8.71E-07	-1.66E-06	0.00279919	-0.00285049	-0.00177576	0.00195702	-7.65E-07	3.64E-07
-6000	0	200	6.16E-06	-1.12E-05	0.00284714	-0.00288748	-0.00159398	0.00175028	-5.44E-06	4.12E-06	0.989678386	1.44E-06	-1.50E-06	0.00285537	-0.0028883	-0.00161192	0.00176223	-6.54E-07	4.15E-07
-5000	0	200	-1.67E-05	5.23E-05	0.00494215	-0.00498515	-0.00234092	0.00257378	-3.83E-06	3.56E-06	2.88686518	1.94E-06	-1.07E-06	0.00289444	-0.00290739	-0.00140273	0.00151155	-4.38E-07	2.97E-07
-4000	0	200	-3.37E-06	1.42E-06	0.00120342	-0.00120206	-0.00053072	0.000548254	7.35E-06	-7.17E-06	0.204508158	2.04E-06	-4.74E-07	0.00267475	-0.00267166	-0.00116152	0.00121198	-2.22E-07	1.16E-07
-3000	0	200	6.16E-06	-8.98E-06	0.00153991	-0.00155218	-0.000969587	0.00097712	-1.40E-05	1.28E-05	1.016871266	1.13E-06	-8.16E-08	0.00152156	-0.00153266	-0.00096723	0.000970801	-9.28E-09	2.45E-08
-2000	0	200	2.00E-06	-3.87E-06	0.000391427	-0.000404122	-0.000402883	0.000393347	-1.06E-06	8.06E-07	0.207321024	5.36E-07	-2.18E-09	0.000858717	-0.000886831	-0.000883325	0.000867061	1.27E-07	-2.05E-08
-1000	0	200	2.30E-07	-2.58E-07	0.000689254	-0.00072277	-0.000851918	0.000806602	-1.54E-06	1.30E-06	1.004052815	2.86E-07	3.03E-08	0.000679442	-0.000712673	-0.000848951	0.000826969	1.31E-07	-7.47E-08
0	0	200	-9.75E-06	9.30E-06	0.000540975	-0.000568051	-0.000691526	0.000661265	1.96E-06	-1.46E-06	0.669881428	2.38E-07	1.60E-07	0.000656093	-0.000689847	-0.000843827	0.000820308	1.36E-07	-1.37E-07
1000	0	200	-4.21E-06	8.56E-06	0.000597619	-0.000623682	-0.00057112	0.000563631	6.62E-07	-4.76E-08	0.539062164	1.32E-07	2.69E-07	0.000738268	-0.000769794	-0.000862132	0.000842563	1.42E-07	-8.80E-08
2000	0	200	7.05E-06	1.98E-05	0.0012574	-0.00128866	-0.00106321	0.00104242	-7.90E-06	8.38E-06	1.330908378	-2.09E-07	4.12E-07	0.00109364	-0.00111549	-0.000916193	0.000907383	1.08E-07	-9.75E-08
3000	0	200	1.15E-06	-8.75E-07	0.00260442	-0.00261275	-0.00124819	0.00126224	1.16E-06	-1.31E-06	1.433324981	-8.97E-07	8.90E-07	0.00216057	-0.00216075	-0.00104602	0.00106847	1.59E-07	-1.83E-07
4000	0	200	-6.26E-06	-1.23E-06	0.00284543	-0.00285522	-0.00127047	0.00135463	9.34E-07	-1.24E-06	0.988345972	-1.34E-06	1.19E-06	0.00285897	-0.00286235	-0.00128346	0.00136316	2.45E-07	-2.81E-07
5000	0	200	1.55E-06	9.54E-07	0.00290888	-0.00293457	-0.00150728	0.00163391	1.21E-07	-1.72E-07	1.005857965	-1.38E-06	1.12E-06	0.00288063	-0.00290309	-0.00151136	0.00164358	2.56E-07	-1.93E-07
6000	0	200	-3.52E-05	3.69E-05	0.00201674	-0.00203566	-0.000770206	0.000841442	1.66E-05	-1.56E-05	0.321686223	-1.42E-06	1.02E-06	0.00282581	-0.00286814	-0.00169895	0.00186497	2.23E-07	-1.70E-07
7000	0	200	-8.22E-06	3.52E-06	0.00269301	-0.00272899	-0.00125555	0.00138566	6.93E-06	-5.92E-06	0.659240328	-1.47E-06	9.44E-07	0.00277111	-0.00283058	-0.00184308	0.00203465	1.70E-07	-1.05E-07
8000	0	200	2.85E-05	-3.20E-05	0.00193613	-0.00197789	-0.000881674	0.000976604	-7.85E-06	8.20E-06	0.320505131	-1.48E-06	8.93E-07	0.00272123	-0.00279508	-0.00195166	0.00216152	1.43E-07	-1.81E-07
9000	0	200	-4.00E-05	4.44E-05	0.00508678	-0.0052609	-0.00282846	0.00330986	3.45E-06	-4.53E-06	2.72415865	-1.42E-06	8.47E-07	0.00267858	-0.00276589	-0.00203537	0.00225475	3.52E-07	-3.82E-07
-9000	3000	200	0.000210391	-0.000160371	0.00237425	-0.00236706	-0.00107541	0.00116702	-2.86E-05	9.94E-06	0.447564422	0.000239052	-0.000194279	0.00266238	-0.00275267	-0.0020952	0.00230039	-0.000119106	8.52E-05
-8000	3000	200	0.000234362	-0.000181431	0.00241869	-0.00239571	-0.000353879	0.000389418	-2.44E-05	1.72E-05	0.153513912	0.000311955	-0.000258137	0.00270369	-0.00277998	-0.00203344	0.00222367	-0.000145992	0.000108757
-7000	3000	200	0.000586785	-0.0004845	0.00423321	-0.00429784	-0.00192638	0.00209879	-0.000171066	0.000131007	1.515821473	0.00041182	-0.00034632	0.0027573	-0.0028176	-0.0019513	0.00211686	-0.000176899	0.000137127
-6000	3000	200	0.000546113	-0.000462194	0.00284728	-0.00289021	-0.00182702	0.00195949	-0.000204464	0.000161745	1.003405936	0.000547747	-0.000467062	0.00282912	-0.00286977	-0.00183394	0.00196751	-0.000208884	0.000166234
-5000	3000	200	0.000698619	-0.00061617	0.00287605	-0.00289918	-0.00163384	0.00174582	-0.000227778	0.000183095	0.98811455	0.000718649	-0.000617517	0.00290056	-0.00291706	-0.0016525	0.0017453	-0.00023023	0.000186883
-4000	3000	200	0.00114772	-0.00090157	0.0039858	-0.00399654	-0.00258631	0.00265336	-0.000398862	0.00032309	2.75993264	0.000807717	-0.000687221	0.00273759	-0.00273209	-0.00137187	0.00140789	-0.000215532	0.000174968
-3000	3000	200	0.000452473	-0.000377404	0.00159346	-0.00160514	-0.00206541	0.00202235	-0.000295785	0.000243023	1.871734517	0.000451668	-0.000373022	0.00158731	-0.00159667	-0.001099	0.0010954	-0.0001624	0.000129563
-2000	3000	200	0.000153912	-0.000144907	0.000933705	-0.000955251	-0.00182097	0.00178118	-0.000192668	0.000153593	1.854309482	0.000180727	-0.000145868	0.000924904	-0.000953881	-0.000986085	0.000969863	-0.000106178	8.36E-05
-1000	3000	200	0.000189153	-0.000143379	0.00107141	-0.00111421	-0.0017514	0.00161256	-7.72E-05	7.11E-05	2.556000607	6.06E-05	-4.83E-05	0.00074814	-0.000783842	-0.000945311	0.00092683	-4.59E-05	3.58E-05
0	3000	200	-3.05E-05	5.99E-06	0.000719682	-0.000758136	-0.000924671	0.000923195	1.51E-05	-1.10E-05	0.987830374	-1.89E-05	1.52E-05	0.000725495	-0.000762155	-0.000938136	0.000920167	1.54E-05	-1.21E-05
1000	3000	200	-7.29E-05	5.76E-05	0.000522758	-0.000545356	-0.000959502	0.000930005	7.62E-05	-6.03E-05	0.645262788	-0.000111812	8.87E-05	0.000805551	-0.000838656	-0.000959004	0.000943283	7.65E-05	-5.98E-05
2000	3000	200	-0.000478282	0.000418461	0.00198075	-0.00201978	-0.00140881	0.0014518	0.000191479	-0.000152473	2.390942995	-0.000287286	0.000233549	0.00115903	-0.00117922	-0.00102878	0.00101708	0.000135	-0.000106646
3000	3000	200	-0.000665041	0.000545574	0.00221336	-0.00221458	-0.00120192	0.00121569	0.000181564	-0.000145003	0.989322388	-0.000670994	0.000562231	0.00223122	-0.00222577	-0.00121024	0.00122258	0.000189438	-0.000152319
4000	3000	200	-0.000791058	0.000681235	0.00289983	-0.00290751	-0.000995462	0.00103833	0.00013987	-0.000112334	0.656460691	-0.00079485	0.000681399	0.00289576	-0.00289909	-0.00152349	0.00158953	0.000229237	-0.000186464
5000	3000	200	-0.000625741	0.000539348	0.00285694	-0.00289323	-0.00175375	0.00186993	0.000224133	-0.000180649	0.998483893	-0.000631423	0.000541124	0.00286857	-0.00289681	-0.00175125	0.0018678	0.000221689	-0.000178452
6000	3000	200	-0.000468953	0.000391872	0.00275675	-0.00281738	-0.00191364	0.00205869	0.00019252	-0.000150413	0.996463622	-0.000475816	0.000402963	0.00279117	-0.00284188	-0.00189726	0.00204847	0.000192915	-0.000151483
7000	3000	200	-0.000617493	0.000528903	0.00461208	-0.00476046	-0.00336986	0.00374298	0.000273484	-0.000208479	2.894848008	-0.000358965	0.000299517	0.00272847	-0.00279748	-0.00199566	0.00217323	0.00016079	-0.000122819
8000	3000	200	-0.000263778	0.000212657	0.00264751	-0.00274205	-0.00206693	0.00227225	0.000131515	-9.67E-05	0.991506839	-0.000273545	0.000224594	0.00268201	-0.00276494	-0.00206708	0.00226445	0.000131727	-9.64E-05
9000	3000	200	-0.000204082	0.000163763	0.00262667	-0.00273249	-0.00211941	0.00234272	0.000107646	-7.70E-05	0.997184584	-0.000210851	0.00017008	0.00264579	-0.0027421	-0.00212131	0.00233065	0.000107481	-7.56E-05
-9000	6000	200	0.000311825	-0.000242111	0.00251732	-0.00265385	-0.00230824	0.00251471	-0.000195863	0.000138234	0.99209882	0.000314002	-0.000242455	0.00255969	-0.00268847	-0.00230406	0.00248574	-0.000189514	0.000131587
-8000	6000	200	0.000380041	-0.000295886	0.00252922	-0.0026608	-0.00231713	0.00248146	-0.00023018	0.000165666	0.988125018	0.000389415	-0.000308545	0.00256673	-0.00268891	-0.0023179	0.00248071	-0.00023609	0.000171413
-7000	6000	200	0.000643385	-0.000478142	0.00345639	-0.00363377	-0.00401713	0.00426401	-0.000493837	0.000376061	2.310836226	0.000486728	-0.000395514	0.00257424	-0.00268899	-0.00235136	0.00248568	-0.00029915	0.000228726
-6000	6000	200	0.000608798	-0.000483706	0.00257314	-0.00269823	-0.00413626	0.00429162	-0.000656994	0.000527251	1.715090736	0.000611769	-0.000508709	0.00257331	-0.00268057	-0.00241888	0.00251833	-0.000390763	0.000312123
-5000	6000	200	0.00103178	-0.000848674	0.00342244	-0.0035765	-0.00343553	0.00357127	-0.000709485	0.000592338	1.828472416	0.000758792	-0.00064366	0.00254078	-0.00264194	-0.00256273	0.00262077	-0.000534712	0.000444506
-4000	6000	200	0.000820706	-0.000701878	0.0023434	-0.00244971	-0.00287203	0.00286071	-0.000739689	0.000638208	0.9939706	0.000832247	-0.000714704	0.00237846	-0.00247636	-0.00285381	0.00285286	-0.000752796	0.000650026
-3000	6000	200	0.000603846	-0.000511637	0.00192901	-0.0020453	-0.00315464	0.00310278	-0.000823886	0.000722617	1.000726301	0.000606704	-0.00051782	0.0019354	-0.00204536	-0.00315114	0.00309944	-0.000830517	0.000728429
-2000	6000	200	0.000324055	-0.000268124	0.00158212	-0.00170847	-0.00322778	0.00313515	-0.000578815	0.00050574	1.008997742	0.000324615	-0.000274178	0.00156767	-0.0016902	-0.00322222	0.00315366	-0.000584604	0.000510266
-1000	6000	200	7.31E-05	-6.03E-05	0.000995803	-0.00108725	-0.00146626	0.00142408	-0.000114138	9.85E-05	0.322888566	0.000123048	-0.000104331	0.00139993	-0.0015296	-0.00322052	0.00315143	-0.000253922	0.000220048
0	6000	200	-4.07E-05	3.11E-05	0.00135255	-0.00147636	-0.00145651	0.00141951	3.82E-05	-3.26E-05	0.444682173	-4.14E-05	3.27E-05	0.00137039	-0.00150121	-0.00321995	0.00315129	8.48E-05	-7.35E-05
1000	6000	200	-0.000138383	0.000112864	0.00103325	-0.00112377	-0.00146318	0.0014213	0.00018979	-0.000164535	0.320042472	-0.000217855	0.000180519	0.00146399	-0.00159108	-0.00322164	0.003154	0.000422342	-0.000367268
2000	6000	200	-0.000431311	0.00034857	0.00171844	-0.00183946	-0.00317152	0.00311205	0.000707341	-0.000619072	0.993759234	-0.000457421	0.000385463	0.00172422	-0.00184014	-0.00320251	0.00314114	0.000729452	-0.00063859
3000	6000	200	-0.00132614	0.00120683	0.00373297	-0.00391477	-0.00527627	0.00506884	0.00149979	-0.00133037	2.908917813	-0.000756016	0.000647287	0.00217947	-0.00228209	-0.00303528	0.00300662	0.000847287	-0.00074044
4000	6000	200	-0.000775803	0.000659956	0.00245828	-0.00256622	-0.00269936	0.00272407	0.00061505	-0.000513646	1.001050475	-0.000820243	0.000700643	0.00248782	-0.00258666	-0.00268296	0.00271463	0.000635937	-0.000538805
5000	6000	200	-0.00068263	0.000564975	0.00254927	-0.00266245	-0.00247925	0.00255305	0.000447598	-0.00036253	0.997127656	-0.000685642	0.000576109	0.00256427	-0.00266804	-0.00247633	0.00255595	0.00045416	-0.000369951
6000	6000	200	-0.000540583	0.000433215	0.00254272	-0.00266193	-0.00238321	0.00250652	0.00033235	-0.000259051	0.992995082	-0.000545954	0.000449576	0.00257629	-0.0026874	-0.00237863	0.00249545	0.000340244	-0.000265983
7000	6000	200	-0.000754552	0.000637611	0.0043539	-0.00457728	-0.00395801	0.00423928	0.000446031	-0.000336374	2.889685742	-0.000434778	0.000350024	0.00257185	-0.00269023	-0.00233258	0.00248024	0.000264904	-0.000198132
8000	6000	200	-0.000344446	0.000258766	0.00253762	-0.00266944	-0.0023109	0.00249585	0.000209972	-0.000149144	0.994061852	-0.000348916	0.000274012	0.0025649	-0.00269022	-0.0023107	0.00248285	0.000211478	-0.000150609
9000	6000	200	-0.00028329	0.000211715	0.00256999	-0.00270662	-0.00228678	0.00248864	0.000170256	-0.000118099	1.003796445	-0.00028233	0.000216085	0.00255449	-0.00268554	-0.00230135	0.00249022	0.000171078	-0.000116913
-9000	9000	200	0.000348682	-0.000182247	0.00418548	-0.00446392	-0.00418002	0.0043848	-0.000209471	0.000131667	2.885695014	0.000252248	-0.000179861	0.00246244	-0.00262947	-0.00244521	0.0026071	-0.000170773	0.000116394
-8000	9000	200	0.000298902	-0.00021442	0.00242892	-0.00259401	-0.00246981	0.00262318	-0.000216088	0.000154445	0.988407318	0.000282348	-0.000204662	0.00244363	-0.00261491	-0.00248137	0.0026296	-0.000199074	0.000137018
-7000	9000	200	0.000316517	-0.000214956	0.0024127	-0.00258724	-0.0025187	0.00265424	-0.000227784	0.000162337	0.996585264	0.000308958	-0.000228565	0.00241502	-0.00259102	-0.00252925	0.00265616	-0.000228288	0.000163135
-6000	9000	200	0.000339538	-0.000239697	0.00239693	-0.00257647	-0.00258725	0.00269099	-0.000254378	0.000187658	1.007527621	0.000326407	-0.000247081	0.00237214	-0.00255429	-0.00259344	0.00269598	-0.000256515	0.00019043
-5000	9000	200	6.39E-05	-4.86E-05	0.000411686	-0.000443626	-0.000475002	0.000487063	-5.35E-05	4.15E-05	0.031468241	0.000326514	-0.000252654	0.00231135	-0.00250107	-0.00267092	0.00275099	-0.00027792	0.000212942
-4000	9000	200	0.000281406	-0.000204264	0.00224641	-0.00244428	-0.00277655	0.0028245	-0.000259872	0.000198078	1.014797362	0.000299893	-0.00023619	0.00223243	-0.0024298	-0.00275185	0.00281187	-0.000281063	0.000220688
-3000	9000	200	0.000244212	-0.00018717	0.00214744	-0.00235218	-0.00283681	0.0028734	-0.000246302	0.000194564	1.003593316	0.000243552	-0.000194411	0.00214296	-0.00235071	-0.00282699	0.00287212	-0.000251823	0.000200954
-2000	9000	200	0.000165895	-0.000129781	0.00206881	-0.00228136	-0.00288799	0.00290894	-0.000181628	0.000145285	1.000920562	0.000163816	-0.000132128	0.00206421	-0.00227869	-0.00288299	0.0029185	-0.000183659	0.000148226
-1000	9000	200	7.53E-05	-5.89E-05	0.00201486	-0.00223349	-0.0029242	0.00294834	-8.53E-05	6.93E-05	1.002947204	7.14E-05	-5.85E-05	0.00201326	-0.00223257	-0.0029134	0.00294512	-8.46E-05	6.88E-05
0	9000	200	-2.33E-05	1.64E-05	0.00166671	-0.00184911	-0.00293497	0.00295476	3.24E-05	-2.63E-05	0.835484199	-2.52E-05	1.92E-05	0.00200259	-0.00222311	-0.00291706	0.00294791	2.86E-05	-2.30E-05
1000	9000	200	-0.000129065	0.000110566	0.00205591	-0.00227575	-0.00392052	0.00394761	0.000186965	-0.000150095	1.362794549	-0.000120412	9.57E-05	0.00203438	-0.00225258	-0.00289956	0.00293266	0.000136859	-0.000110546
2000	9000	200	-0.000177305	0.000140802	0.00175713	-0.00193192	-0.00286415	0.00289501	0.000220759	-0.000175394	0.836286087	-0.000207392	0.000165217	0.00210162	-0.00231259	-0.0028572	0.00289759	0.00022217	-0.000178204
3000	9000	200	-0.000261503	0.000206827	0.00221235	-0.00241018	-0.00279003	0.00282429	0.000260225	-0.000204194	1.006399521	-0.000276341	0.000218718	0.00218809	-0.00239098	-0.00279246	0.00284375	0.000271069	-0.000214611
4000	9000	200	-0.000134081	9.90E-05	0.00103017	-0.00111568	-0.00192083	0.00195908	0.000159195	-0.000112957	0.320875957	-0.000317346	0.000247929	0.00227373	-0.00246697	-0.00271107	0.00277984	0.000282681	-0.000219294
5000	9000	200	-0.000338485	0.000257867	0.00234129	-0.00252668	-0.00330734	0.00341417	0.000338528	-0.00025427	1.25426448	-0.000328986	0.00025221	0.00234423	-0.00252984	-0.00263058	0.00272006	0.000268608	-0.00020284
6000	9000	200	-0.000346702	0.000258456	0.0023857	-0.00256114	-0.00323558	0.00336516	0.000388776	-0.00030269	1.249663724	-0.000319018	0.000239009	0.0023956	-0.00257366	-0.00256276	0.00267541	0.000242912	-0.00017746
7000	9000	200	-0.000201504	0.000146361	0.00161159	-0.00172506	-0.00251971	0.00264442	0.000243383	-0.000177114	0.664526756	-0.00029602	0.000216326	0.00242974	-0.00260365	-0.00250436	0.00264038	0.000214308	-0.000151013
8000	9000	200	-0.000346795	0.000269581	0.00333503	-0.00356176	-0.00334285	0.00356118	0.000235025	-0.000161008	1.846546583	-0.000267798	0.000191369	0.00245328	-0.00262256	-0.00246274	0.00261937	0.000186257	-0.000126744
9000	9000	200	-0.000236349	0.000151931	0.00244496	-0.00260684	-0.00242671	0.00261481	0.000152992	-0.000105938	0.992657765	-0.000237546	0.000167045	0.00246742	-0.00263359	-0.00243097	0.00260082	0.00015989	-0.000107247
-9000	-9000	500	-0.000113818	0.000157305	0.000963751	-0.00183802	-0.000951784	0.00182133	8.12E-05	-0.00011558	1.00267097	-0.000111743	0.000150364	0.000959941	-0.001835	-0.000946916	0.00182137	7.92E-05	-0.000108457
-8000	-9000	500	-0.000122867	0.000173089	0.000952366	-0.00181806	-0.000972102	0.00183737	8.97E-05	-0.00012877	1.001576368	-0.000124602	0.000171696	0.000952186	-0.001822	-0.000963443	0.00183424	9.02E-05	-0.00012802
-7000	-9000	500	-0.000156221	0.000225674	0.00111126	-0.00212748	-0.00116914	0.00219146	0.000117705	-0.00017349	1.393367436	-0.000135836	0.000191295	0.000941171	-0.00180395	-0.000985745	0.0018579	0.000102014	-0.000148685
-6000	-9000	500	-0.000165058	0.000243657	0.00108973	-0.00209081	-0.00120204	0.00223735	0.000128915	-0.000193477	1.393504703	-0.000143079	0.000205398	0.000923676	-0.00177393	-0.00101564	0.0018943	0.000113496	-0.000168563
-5000	-9000	500	-0.000140089	0.000208818	0.000898947	-0.00172958	-0.00105639	0.00195068	0.000118938	-0.000181692	1.002792167	-0.000142601	0.000208392	0.000898777	-0.00173264	-0.00104996	0.00194434	0.000121944	-0.000183903
-4000	-9000	500	-0.000130274	0.0001952	0.000869345	-0.00167995	-0.00109191	0.00200458	0.000117961	-0.000182509	1.005106329	-0.000130727	0.000193504	0.000866198	-0.00167772	-0.00108742	0.00199929	0.000122369	-0.000186993
-3000	-9000	500	-0.0001034	0.000154504	0.000828022	-0.00160967	-0.00113984	0.00208013	0.00010455	-0.000164013	1.01107274	-0.000106301	0.000158378	0.000829571	-0.00161689	-0.00112161	0.00205145	0.000108872	-0.000168
-2000	-9000	500	-6.67E-05	0.000100391	0.000787587	-0.00153976	-0.00115683	0.00210018	7.76E-05	-0.000121891	0.992828507	-7.18E-05	0.00010729	0.000797043	-0.00156175	-0.00114598	0.00208917	7.91E-05	-0.000122756
-1000	-9000	500	-4.54E-05	6.82E-05	0.00105354	-0.00206106	-0.00197995	0.00359903	6.94E-05	-0.000107988	2.302840953	-3.17E-05	4.85E-05	0.000776403	-0.00152699	-0.00116141	0.00211156	3.66E-05	-5.66E-05
0	-9000	500	1.51E-05	-2.44E-05	0.00105471	-0.00206261	-0.00197777	0.00359337	-1.38E-05	2.32E-05	2.308365177	1.13E-05	-1.33E-05	0.000772012	-0.00151907	-0.0011647	0.00211645	-1.19E-05	1.90E-05
1000	-9000	500	5.20E-05	-7.81E-05	0.000790885	-0.00154397	-0.00114997	0.00209196	-5.48E-05	8.60E-05	0.997871902	5.34E-05	-7.64E-05	0.000784847	-0.00154147	-0.00115385	0.00210379	-5.86E-05	9.13E-05
2000	-9000	500	0.000136192	-0.000206306	0.00122845	-0.00238167	-0.00107811	0.00198189	-8.78E-05	0.000137994	1.435236406	8.94E-05	-0.000134351	0.000812397	-0.0015879	-0.00113603	0.00207079	-9.56E-05	0.000148369
3000	-9000	500	5.15E-05	-7.46E-05	0.000375526	-0.000722909	-0.000894319	0.00160398	-9.17E-05	0.0001389	0.349690576	0.000118737	-0.000177045	0.000848135	-0.00164777	-0.00110716	0.00202734	-0.000117127	0.000180534
4000	-9000	500	0.000138535	-0.000205114	0.000910621	-0.00175157	-0.00105171	0.00194416	-0.000118082	0.000182325	1.011992363	0.000138291	-0.000201766	0.000883458	-0.00170745	-0.00106771	0.00197332	-0.000123013	0.000187105
5000	-9000	500	0.000140208	-0.000205406	0.000909023	-0.0017445	-0.00103523	0.001919	-0.000112744	0.000171261	0.996751209	0.000144635	-0.000208064	0.000912224	-0.00175564	-0.00102925	0.00191739	-0.000118011	0.000176549
6000	-9000	500	0.000202879	-0.000288485	0.00135173	-0.00258233	-0.00144249	0.00268795	-0.000149478	0.000229455	2.073521968	0.000140193	-0.000199411	0.000933131	-0.00179123	-0.000999163	0.00187322	-0.000107721	0.000158122
7000	-9000	500	0.000180097	-0.000260843	0.00135982	-0.002596	-0.00182273	0.00344504	-0.000187112	0.000274771	2.673688922	0.000129726	-0.000181223	0.000947739	-0.0018159	-0.000974522	0.00184267	-9.60E-05	0.00013769
8000	-9000	500	0.000115584	-0.000161116	0.000940256	-0.00179607	-0.000962925	0.00183469	-8.37E-05	0.000119205	0.986331078	0.000117056	-0.000158449	0.000956551	-0.00183004	-0.000955996	0.00182692	-8.43E-05	0.00011701
9000	-9000	500	0.000139613	-0.000199544	0.00129994	-0.0024855	-0.0016082	0.0030898	-0.00012086	0.000172509	2.292079355	0.000104195	-0.000137285	0.000962976	-0.00184107	-0.000943467	0.00182087	-7.35E-05	9.78E-05
-9000	-6000	500	-8.66E-05	0.000130241	0.000664501	-0.00124707	-0.000741332	0.00142852	7.01E-05	-0.000101336	0.546656358	-0.000135606	0.000198573	0.00100732	-0.00189136	-0.000888267	0.00172642	8.52E-05	-0.000121625
-8000	-6000	500	-0.000165612	0.000252038	0.00101805	-0.0019074	-0.000902761	0.0017234	0.000104693	-0.000155655	1.008122848	-0.000166778	0.000248177	0.00101212	-0.00189542	-0.000896713	0.00172201	0.000104318	-0.000153658
-7000	-6000	500	-0.0002033	0.000311874	0.00101696	-0.00190227	-0.000921578	0.00173728	0.000128811	-0.000196458	1.006478358	-0.000206943	0.000313734	0.00101611	-0.00189915	-0.00091436	0.00173098	0.00013037	-0.000197457
-6000	-6000	500	-0.000251817	0.000390266	0.00100997	-0.00188478	-0.000952745	0.0017742	0.000165291	-0.00025864	0.999079633	-0.000259332	0.000398547	0.00101723	-0.00189644	-0.000946096	0.00176779	0.000168359	-0.000261027
-5000	-6000	500	-0.000535296	0.000840095	0.00170974	-0.00318676	-0.00171526	0.00316017	0.000377833	-0.000607936	2.894465899	-0.000319769	0.000499764	0.00100645	-0.00187138	-0.00101183	0.00186011	0.0002275	-0.000361545
-4000	-6000	500	-0.000336192	0.000534512	0.000937951	-0.00174844	-0.00114616	0.00205926	0.000312993	-0.000513741	1.005767469	-0.000348773	0.000552994	0.000941997	-0.00175205	-0.00114012	0.00205055	0.000316989	-0.000515838
-3000	-6000	500	-0.000114344	0.000179219	0.000346337	-0.000650789	-0.000910523	0.00160255	0.000237757	-0.000389385	0.324126075	-0.000256252	0.000400197	0.000764545	-0.00143581	-0.00126875	0.00225639	0.000346932	-0.000572663
-2000	-6000	500	-0.000143064	0.000223739	0.00062358	-0.0011887	-0.00130105	0.00229267	0.000243769	-0.000402704	1.011598258	-0.000138436	0.000208249	0.000617709	-0.0011728	-0.0013041	0.00228913	0.000246102	-0.000402647
-1000	-6000	500	-5.11E-05	8.07E-05	0.000551485	-0.0010601	-0.00129268	0.00227813	0.000105224	-0.000172634	0.995512545	-5.32E-05	8.29E-05	0.000550075	-0.00105317	-0.00130307	0.0023039	0.000107232	-0.000174835
0	-6000	500	2.24E-05	-3.26E-05	0.000542979	-0.00104547	-0.00130343	0.00228991	-3.60E-05	5.94E-05	1.010969608	1.70E-05	-2.78E-05	0.000537933	-0.00103243	-0.00130345	0.00229232	-3.54E-05	5.80E-05
1000	-6000	500	4.29E-05	-6.51E-05	0.000260877	-0.00049974	-0.000914421	0.00160132	-0.000121575	0.00019836	0.317267119	9.21E-05	-0.000141342	0.000575307	-0.00109761	-0.00130727	0.00229836	-0.000177223	0.000289684
2000	-6000	500	0.000191209	-0.000299571	0.000684518	-0.00129764	-0.00129043	0.00228263	-0.000303755	0.000502121	1.008638194	0.000192443	-0.000300671	0.000681327	-0.0012846	-0.00129001	0.00228629	-0.000305851	0.000502507
3000	-6000	500	0.000315587	-0.000501452	0.00086851	-0.00162341	-0.00121732	0.00217349	-0.000351292	0.000580449	1.009564787	0.000317118	-0.000502299	0.000865039	-0.00161029	-0.00121797	0.0021711	-0.000355615	0.000583079
4000	-6000	500	0.000224739	-0.000355064	0.000649134	-0.00120745	-0.00106096	0.00191862	-0.00026883	0.00043477	0.65390404	0.000345539	-0.000540304	0.000987149	-0.00183142	-0.00106913	0.00193202	-0.000268858	0.000432123
5000	-6000	500	0.000280251	-0.000439336	0.00101426	-0.00189296	-0.00113696	0.00210224	-0.00021986	0.000347126	1.169109675	0.000288836	-0.000444877	0.00101484	-0.00188847	-0.000969131	0.00180833	-0.000194183	0.000305234
6000	-6000	500	0.000216737	-0.000335885	0.00101419	-0.00189694	-0.00108503	0.00203003	-0.000153649	0.000235404	1.169011453	0.000231131	-0.000353245	0.00101777	-0.00189833	-0.000929838	0.00174165	-0.000146919	0.000225589
7000	-6000	500	0.000167185	-0.00025427	0.00100955	-0.0018892	-0.0009122	0.00172663	-0.000102245	0.000152136	1.001712801	0.000185783	-0.000278642	0.00101468	-0.00189782	-0.000901027	0.00172573	-0.000115993	0.000173545
8000	-6000	500	0.000244059	-0.000372485	0.00173129	-0.00324349	-0.00120398	0.00233275	-0.000123363	0.000183222	2.323657491	0.000149989	-0.000221497	0.0010098	-0.0018929	-0.000893442	0.00171844	-9.38E-05	0.000136153
9000	-6000	500	0.000126777	-0.000191249	0.00100549	-0.00188642	-0.000887911	0.00172951	-8.62E-05	0.000126416	0.995860169	0.000122793	-0.000177313	0.00100501	-0.00188872	-0.00088921	0.00173247	-7.71E-05	0.000107622
-9000	-3000	500	-5.94E-05	9.04E-05	0.000616625	-0.00114799	-0.000813013	0.00159926	5.21E-05	-7.69E-05	0.590061838	-0.000100369	0.00014966	0.00105468	-0.00195848	-0.000804486	0.00158901	5.29E-05	-7.70E-05
-8000	-3000	500	-0.00012617	0.00019307	0.00107132	-0.00198126	-0.000789826	0.00154041	6.21E-05	-9.39E-05	1.00578139	-0.000130251	0.000197707	0.0010728	-0.00198493	-0.000781247	0.00153088	6.39E-05	-9.54E-05
-7000	-3000	500	-0.000165374	0.000256985	0.001096	-0.00201812	-0.000760903	0.00147074	7.36E-05	-0.000113171	1.008333439	-0.000171129	0.000263508	0.00109748	-0.00201879	-0.000752014	0.00146021	7.66E-05	-0.000116192
-6000	-3000	500	-0.000219858	0.000347902	0.00112414	-0.00205732	-0.000914057	0.00174156	0.000113825	-0.000177588	1.276290239	-0.0002257	0.000357649	0.00112893	-0.00206476	-0.000710934	0.00136159	8.94E-05	-0.000138682
-5000	-3000	500	-0.000287914	0.000461234	0.00115174	-0.00209339	-0.000655068	0.0012271	9.84E-05	-0.000154652	0.994559897	-0.000297781	0.000472359	0.00116241	-0.00211272	-0.000647872	0.00122589	9.85E-05	-0.000154256
-4000	-3000	500	-0.000562464	0.000902235	0.00188347	-0.00339888	-0.000553743	0.00101542	9.21E-05	-0.000144254	1.728975867	-0.000337095	0.000531353	0.00110098	-0.0019855	-0.000547127	0.00100695	9.27E-05	-0.000144032
-3000	-3000	500	-0.000184154	0.000286553	0.000630056	-0.0011389	-0.000449116	0.000794554	6.99E-05	-0.00010806	0.978681255	-0.000191812	0.000293776	0.000641638	-0.0011593	-0.000448567	0.000799069	7.02E-05	-0.000108201
-2000	-3000	500	-7.63E-05	0.000115953	0.000369993	-0.00067715	-0.000407858	0.000709754	4.69E-05	-7.17E-05	1.000884759	-7.81E-05	0.000115324	0.000373998	-0.000683663	-0.000404066	0.00070154	4.62E-05	-7.02E-05
-1000	-3000	500	-4.55E-05	6.53E-05	0.00052017	-0.000958007	-0.000514201	0.000898587	2.47E-05	-3.79E-05	2.259066191	-2.54E-05	3.82E-05	0.000302794	-0.000558131	-0.000390704	0.000683062	2.00E-05	-3.03E-05
0	-3000	500	2.11E-05	-3.62E-05	0.000449505	-0.000830666	-0.000380773	0.000662996	-7.50E-06	1.10E-05	1.52056545	6.86E-06	-1.23E-05	0.000293455	-0.00054164	-0.000385704	0.000667112	-6.58E-06	9.84E-06
1000	-3000	500	3.92E-05	-5.78E-05	0.000268196	-0.000490618	-0.00032718	0.000565472	-2.77E-05	4.17E-05	0.67284692	4.92E-05	-7.17E-05	0.000325888	-0.000598647	-0.000399713	0.000689043	-3.31E-05	5.05E-05
2000	-3000	500	0.000164918	-0.000246606	0.000665555	-0.00121157	-0.000414193	0.000724861	-6.07E-05	9.48E-05	1.39707781	0.000122731	-0.000186849	0.000468428	-0.000850601	-0.000416505	0.000741609	-5.85E-05	8.91E-05
3000	-3000	500	0.000454704	-0.000716697	0.00153287	-0.00276537	-0.000817867	0.0014773	-0.000108131	0.000163656	2.926004644	0.000281322	-0.000439116	0.000900033	-0.00162127	-0.000488257	0.000867596	-8.14E-05	0.000126356
4000	-3000	500	0.000328278	-0.000523038	0.00115526	-0.00209163	-0.000612281	0.00113462	-0.000106918	0.000169869	1.009643633	0.000329192	-0.000520259	0.0011623	-0.00210153	-0.000607146	0.00111094	-9.76E-05	0.00015321
5000	-3000	500	0.000254934	-0.000403989	0.00114559	-0.00208829	-0.000690062	0.00130842	-9.39E-05	0.00014642	1.005411939	0.000260698	-0.000410166	0.00114812	-0.00209089	-0.000679149	0.00130395	-9.50E-05	0.000147846
6000	-3000	500	0.000191552	-0.000300382	0.00111464	-0.00204573	-0.000742448	0.00142344	-8.15E-05	0.000125369	1.009772508	0.000196456	-0.000305817	0.00111312	-0.00204144	-0.000736083	0.00141393	-8.29E-05	0.000127739
7000	-3000	500	9.44E-05	-0.000147309	0.000715223	-0.00131923	-0.000513717	0.000995853	-4.53E-05	6.91E-05	0.439025506	0.000148671	-0.000227481	0.0010851	-0.00200197	-0.000764411	0.0014989	-6.95E-05	0.000105564
8000	-3000	500	0.000108188	-0.000167334	0.00105754	-0.00195994	-0.000800204	0.00156482	-5.89E-05	8.84E-05	1.000523492	0.000114258	-0.000171504	0.00106269	-0.00196978	-0.000795961	0.00155616	-5.78E-05	8.53E-05
9000	-3000	500	0.000157271	-0.000245094	0.00197256	-0.00366101	-0.00116212	0.00230728	-7.32E-05	0.000105999	2.685133481	8.88E-05	-0.000131362	0.00104579	-0.00194809	-0.000816282	0.00161463	-4.81E-05	6.85E-05
-9000	0	500	1.55E-06	-7.76E-07	0.00105935	-0.00196363	-0.000775862	0.0015357	7.58E-07	-1.23E-06	0.999436756	-1.40E-06	-3.22E-07	0.00107006	-0.00198212	-0.000768246	0.00152233	2.58E-07	3.03E-07
-8000	0	500	3.30E-06	-2.72E-06	0.00109581	-0.00202188	-0.00073653	0.00145	-1.97E-06	3.19E-06	1.013522361	-5.34E-07	-1.39E-07	0.00109028	-0.0020117	-0.000726004	0.00144011	1.94E-07	2.94E-07
-7000	0	500	1.05E-06	-1.09E-06	0.000503667	-0.000923898	-0.000661995	0.00128464	-2.80E-06	4.45E-06	0.432774877	-2.72E-07	6.75E-07	0.00111389	-0.00204593	-0.000682063	0.00134541	3.08E-07	6.21E-08
-6000	0	500	9.63E-07	-1.13E-06	0.00114106	-0.00208271	-0.000628594	0.0012163	-2.40E-06	3.63E-06	1.010016875	-4.05E-07	9.52E-07	0.00114015	-0.00208266	-0.000622202	0.00120462	4.76E-07	1.55E-09
-5000	0	500	-3.29E-06	-7.49E-07	0.00198507	-0.00360421	-0.000934974	0.00178278	-2.85E-06	3.86E-06	2.893561858	-2.98E-07	8.85E-07	0.00115924	-0.002104	-0.000551634	0.0010563	5.06E-07	-2.29E-08
-4000	0	500	-1.77E-06	2.47E-06	0.000485444	-0.000875457	-0.000212126	0.000389164	2.88E-06	-5.27E-06	0.204621861	2.64E-08	1.17E-06	0.00107601	-0.0019427	-0.000463362	0.000859371	3.97E-07	-5.53E-08
-3000	0	500	2.01E-06	-4.37E-06	0.000622307	-0.00112683	-0.000397071	0.000703775	-5.58E-06	9.98E-06	1.01091696	-1.01E-07	1.27E-06	0.000613325	-0.00111014	-0.000394291	0.000708976	2.16E-07	-8.38E-08
-2000	0	500	2.40E-07	-1.70E-07	0.000158304	-0.000290109	-0.000165797	0.000287399	-3.41E-07	5.61E-07	0.207422044	-1.06E-06	2.03E-07	0.000347507	-0.000636322	-0.000365205	0.000631095	1.62E-07	-1.13E-08
-1000	0	500	1.27E-06	3.74E-08	0.000279023	-0.000515724	-0.000348974	0.000601261	-5.00E-07	1.06E-06	1.002283034	-7.68E-07	-1.32E-06	0.000275337	-0.000507806	-0.000355687	0.00060763	8.48E-09	6.17E-08
0	0	500	-8.77E-07	2.19E-06	0.0002193	-0.000405554	-0.000285943	0.000489934	4.20E-07	-1.21E-06	0.676252501	-1.39E-06	-1.48E-06	0.000265827	-0.000490914	-0.000346945	0.000599624	6.90E-08	6.26E-08
1000	0	500	-7.50E-07	1.39E-06	0.000242022	-0.000446381	-0.000237484	0.00040758	-2.95E-07	-1.53E-07	0.53425333	-8.13E-07	-3.50E-07	0.000298827	-0.00054956	-0.000363437	0.000617727	-6.52E-08	-2.62E-11
2000	0	500	1.13E-06	-1.53E-06	0.000509178	-0.000927433	-0.000443922	0.000774917	-3.13E-06	6.21E-06	1.355399252	-1.57E-07	-1.32E-07	0.000441707	-0.000804171	-0.000370228	0.000663494	-3.95E-08	-2.61E-09
3000	0	500	-2.31E-06	3.93E-06	0.00105202	-0.00189824	-0.000503267	0.000903061	6.60E-07	-1.34E-06	1.447650759	4.36E-07	-1.97E-07	0.000870206	-0.00157068	-0.000422076	0.000752893	-5.74E-08	-1.77E-07
4000	0	500	-7.56E-07	7.68E-07	0.00114579	-0.00207279	-0.000511	0.000958278	7.35E-07	-6.98E-07	1.011388051	8.03E-07	-5.02E-07	0.00114674	-0.00207579	-0.000510594	0.000943028	3.30E-08	-9.75E-08
5000	0	500	-1.04E-06	1.00E-06	0.00116778	-0.00212259	-0.000591689	0.00113768	5.32E-07	-1.98E-07	1.013920528	1.01E-06	-2.19E-07	0.00115317	-0.00209938	-0.00058406	0.00113808	6.53E-08	-2.68E-07
6000	0	500	-1.43E-05	2.55E-05	0.000809431	-0.00147105	-0.00029869	0.000580902	6.95E-06	-1.18E-05	0.324205675	1.43E-06	-1.98E-07	0.0011275	-0.00206488	-0.000657426	0.00127821	-2.82E-08	-4.35E-07
7000	0	500	-1.44E-06	1.92E-06	0.00108005	-0.00196925	-0.000490648	0.000959198	2.75E-06	-4.56E-06	0.669961744	1.34E-06	-9.10E-07	0.00110257	-0.00202888	-0.000703621	0.001397	-2.13E-07	-3.23E-07
8000	0	500	1.36E-05	-2.44E-05	0.000772904	-0.0014188	-0.000340802	0.000671754	-3.52E-06	5.95E-06	0.322860303	4.76E-07	-1.47E-06	0.00108018	-0.00199743	-0.000750144	0.00148052	-2.75E-07	-2.33E-08
9000	0	500	9.46E-07	-1.06E-05	0.0020161	-0.00374068	-0.00110718	0.00222955	-1.28E-06	-2.52E-06	2.710834939	-1.71E-07	-5.91E-07	0.00106008	-0.00196872	-0.000782782	0.00155976	-1.79E-07	3.58E-09
-9000	3000	500	8.82E-05	-0.000129532	0.000959496	-0.00172332	-0.000416423	0.000812119	-1.42E-05	1.58E-05	0.455119181	9.94E-05	-0.000149277	0.00105495	-0.00195936	-0.00080765	0.0015881	-5.27E-05	7.69E-05
-8000	3000	500	9.75E-05	-0.00014218	0.000980531	-0.00175227	-0.000137334	0.000268462	-1.09E-05	1.58E-05	0.156677717	0.000129168	-0.000196587	0.00107409	-0.00198483	-0.000779189	0.00152781	-6.33E-05	9.56E-05
-7000	3000	500	0.000241342	-0.000374703	0.00169644	-0.0030962	-0.000748468	0.00145205	-7.46E-05	0.000113322	1.526764859	0.000169663	-0.000262773	0.00109878	-0.00201969	-0.000751436	0.00146301	-7.59E-05	0.000117143
-6000	3000	500	0.000221005	-0.000349986	0.00114141	-0.00208389	-0.000714431	0.00136616	-8.82E-05	0.000136856	1.017722526	0.000225036	-0.000354021	0.00113026	-0.00206463	-0.000708961	0.00135638	-8.92E-05	0.000139328
-5000	3000	500	0.000287165	-0.000457604	0.00115484	-0.00209879	-0.000654016	0.0012232	-9.72E-05	0.000152949	0.990731535	0.000295889	-0.000469134	0.00116474	-0.00211159	-0.000651337	0.00122995	-9.82E-05	0.000154146
-4000	3000	500	0.000475141	-0.000757208	0.00160986	-0.00289892	-0.00103277	0.00187899	-0.000172244	0.000269569	2.737326722	0.000336147	-0.00052875	0.0011022	-0.00198442	-0.000549409	0.00100495	-9.19E-05	0.00014416
-3000	3000	500	0.000188997	-0.000289433	0.000647308	-0.00116296	-0.000852892	0.00149041	-0.000130243	0.000200551	1.887358728	0.000190495	-0.000293373	0.000642002	-0.00115823	-0.000446466	0.000799073	-7.01E-05	0.000108008
-2000	3000	500	7.69E-05	-0.000113825	0.00037765	-0.000688832	-0.000770295	0.00133676	-8.21E-05	0.000131895	1.913882896	7.78E-05	-0.000118177	0.000374221	-0.000683194	-0.000405253	0.000705801	-4.62E-05	7.03E-05
-1000	3000	500	2.58E-05	-4.71E-05	0.000425736	-0.000791013	-0.000727453	0.00127086	-4.04E-05	5.78E-05	2.648780861	2.58E-05	-4.06E-05	0.00030319	-0.000557775	-0.000394201	0.000676217	-1.98E-05	3.03E-05
0	3000	500	-8.50E-06	1.20E-05	0.000290986	-0.000539379	-0.000381494	0.000665801	7.03E-06	-1.01E-05	0.986166368	-6.96E-06	1.41E-05	0.00029384	-0.000541589	-0.000384639	0.000671625	6.69E-06	-1.03E-05
1000	3000	500	-3.07E-05	4.57E-05	0.000211274	-0.000389586	-0.000392329	0.000682506	3.36E-05	-5.11E-05	0.641753008	-4.79E-05	6.94E-05	0.000326397	-0.000599183	-0.00040091	0.000688307	3.32E-05	-5.05E-05
2000	3000	500	-0.000203645	0.00031168	0.000800674	-0.00145647	-0.000573415	0.00100985	8.26E-05	-0.000127734	2.332010839	-0.00012246	0.000184578	0.000469282	-0.000851305	-0.000416551	0.000741788	5.84E-05	-8.94E-05
3000	3000	500	-0.000274266	0.00042941	0.000894102	-0.0016119	-0.000492785	0.000880075	7.81E-05	-0.000121439	1.007733015	-0.000281055	0.000437962	0.000900911	-0.00162049	-0.000488963	0.000869769	8.14E-05	-0.00012608
4000	3000	500	-0.000325199	0.000519175	0.00116799	-0.00211212	-0.000394608	0.000733165	6.02E-05	-9.42E-05	0.66246242	-0.000328662	0.000520956	0.00116369	-0.00210332	-0.000606441	0.00111094	9.81E-05	-0.000153802
5000	3000	500	-0.000256793	0.00040805	0.00114611	-0.00208978	-0.000690376	0.00130818	9.64E-05	-0.000151257	1.005701754	-0.00025927	0.000412835	0.0011473	-0.00209068	-0.000680448	0.00130295	9.47E-05	-0.000148784
6000	3000	500	-0.000190897	0.000299818	0.00110172	-0.00202385	-0.000743978	0.0014292	8.30E-05	-0.000128518	1.002019468	-0.000195021	0.00030612	0.00111342	-0.00204229	-0.000734668	0.00141391	8.28E-05	-0.000128082
7000	3000	500	-0.000246835	0.000382385	0.00183689	-0.00339377	-0.00132013	0.00256154	0.000116555	-0.000180323	2.90550411	-0.000148307	0.000227449	0.00108434	-0.00199982	-0.000767016	0.00149779	6.98E-05	-0.000105962
8000	3000	500	-0.000109501	0.000167108	0.00105337	-0.0019521	-0.000802636	0.00157059	5.78E-05	-8.62E-05	0.999177048	-0.000113011	0.000171371	0.00106297	-0.00196964	-0.000794097	0.00155912	5.78E-05	-8.60E-05
9000	3000	500	-8.55E-05	0.000129183	0.00104385	-0.00194013	-0.000818237	0.00161294	4.80E-05	-7.00E-05	0.997576609	-8.80E-05	0.000130459	0.00104705	-0.00194698	-0.000814916	0.0016126	4.78E-05	-6.90E-05
-9000	6000	500	0.00013011	-0.00019489	0.0009938	-0.00186873	-0.000897508	0.00173127	-8.62E-05	0.000126061	0.990248935	0.000135539	-0.000197168	0.00100852	-0.00189228	-0.000892112	0.00172657	-8.52E-05	0.000121209
-8000	6000	500	0.000158111	-0.000239995	0.00100058	-0.00187791	-0.000904732	0.00173077	-0.000100617	0.000149491	0.998049567	0.000166644	-0.000247954	0.00101342	-0.00189632	-0.000893716	0.00171979	-0.000104387	0.000154215
-7000	6000	500	0.000264422	-0.00040951	0.00136898	-0.00256631	-0.00156221	0.00297235	-0.000215239	0.000327128	2.313300842	0.000207383	-0.000313927	0.00101749	-0.00189901	-0.000913956	0.00173692	-0.000130454	0.000198093
-6000	6000	500	0.000254348	-0.000396858	0.00102027	-0.00190808	-0.00162996	0.00304602	-0.000283368	0.000445695	1.740445043	0.000258056	-0.000398063	0.00101855	-0.00189635	-0.000944785	0.0017597	-0.000168118	0.000261973
-5000	6000	500	0.000426556	-0.000677774	0.00135982	-0.00253614	-0.00136813	0.00252053	-0.000299579	0.000485482	1.825908552	0.000320213	-0.000494908	0.00100778	-0.00187225	-0.001014	0.00186912	-0.000228169	0.000362387
-4000	6000	500	0.000340133	-0.000540781	0.000931293	-0.00173747	-0.00114705	0.00205879	-0.000311133	0.00051067	0.996701886	0.000350802	-0.000551526	0.000944536	-0.00175188	-0.00114237	0.00205149	-0.000316422	0.000516185
-3000	6000	500	0.000253788	-0.000400147	0.000765208	-0.00143974	-0.00127151	0.00225362	-0.000346077	0.00057198	1.005682696	0.000256189	-0.000404605	0.000767455	-0.00143561	-0.001267	0.0022484	-0.000348637	0.000572904
-2000	6000	500	0.000137575	-0.000213345	0.000624138	-0.00119068	-0.00130154	0.00229646	-0.000243941	0.000401806	1.01177983	0.000137132	-0.000213116	0.000618519	-0.00117371	-0.00130237	0.00230191	-0.000245794	0.000402556
-1000	6000	500	3.18E-05	-4.84E-05	0.000392095	-0.000752619	-0.00059211	0.00104222	-4.82E-05	7.88E-05	0.32454836	5.29E-05	-8.17E-05	0.000549991	-0.00105303	-0.00130936	0.00229376	-0.000106886	0.000174242
0	6000	500	-1.67E-05	2.55E-05	0.000532576	-0.00102104	-0.00059004	0.00103755	1.62E-05	-2.64E-05	0.44705964	-1.67E-05	2.73E-05	0.00053789	-0.00103131	-0.00130265	0.00230013	3.58E-05	-5.83E-05
1000	6000	500	-5.86E-05	8.93E-05	0.000407716	-0.000779251	-0.000592722	0.00104198	8.02E-05	-0.000131336	0.321509347	-9.37E-05	0.00014116	0.000576044	-0.00109852	-0.00130853	0.00230313	0.000178077	-0.000290684
2000	6000	500	-0.00017937	0.000281497	0.000679506	-0.00128733	-0.00128599	0.00226734	0.000297327	-0.000490443	1.001399626	-0.000192836	0.00029565	0.000681035	-0.0012842	-0.00129114	0.0022773	0.000306789	-0.000502601
3000	6000	500	-0.000582156	0.000914877	0.00148225	-0.00277154	-0.00208269	0.00372777	0.000631331	-0.00104584	2.916203179	-0.000316746	0.000501209	0.00086397	-0.00161121	-0.00122111	0.00217104	0.000355999	-0.000583943
4000	6000	500	-0.000328571	0.000517275	0.000976655	-0.00181983	-0.00107179	0.00194835	0.000260404	-0.000419714	1.001318741	-0.000343816	0.000542552	0.000987434	-0.00183331	-0.00106712	0.00194095	0.000269562	-0.000433833
5000	6000	500	-0.000282046	0.000441585	0.00101264	-0.00188871	-0.000980226	0.00181364	0.00019181	-0.000303299	1.005537963	-0.000289408	0.000447579	0.00101608	-0.00188934	-0.000973054	0.00180537	0.000194635	-0.000305875
6000	6000	500	-0.000222737	0.000345177	0.00100844	-0.00188569	-0.00093802	0.00175593	0.000144192	-0.000223051	1.000536879	-0.000231862	0.000353566	0.00101896	-0.00189923	-0.000926777	0.00174562	0.000147594	-0.000226474
7000	6000	500	-0.000307592	0.000468902	0.00172261	-0.00323031	-0.00154644	0.00294597	0.000193957	-0.000294664	2.907119166	-0.000185745	0.000278141	0.00101581	-0.00189876	-0.000904273	0.00172376	0.000116268	-0.000174308
8000	6000	500	-0.000143629	0.000215728	0.00100268	-0.00188303	-0.000899486	0.0017284	9.27E-05	-0.000135915	0.99817289	-0.000150239	0.000220917	0.00101091	-0.00189483	-0.000892028	0.0017224	9.41E-05	-0.000136618
9000	6000	500	-0.000119634	0.000177752	0.00101533	-0.00190849	-0.000884107	0.00171766	7.63E-05	-0.000109059	1.003077534	-0.000122604	0.000176951	0.00100615	-0.00188965	-0.000887504	0.00173043	7.72E-05	-0.000108221
-9000	9000	500	0.000147576	-0.00020034	0.00163484	-0.00312924	-0.00161071	0.00309179	-0.000100317	0.000129144	2.890519964	0.000109927	-0.00014586	0.000960623	-0.00183808	-0.000949808	0.00182555	-7.90E-05	0.000107232
-8000	9000	500	0.000132723	-0.000183759	0.00094977	-0.00181394	-0.000965141	0.00182719	-9.46E-05	0.000139956	0.989408903	0.000123637	-0.000169	0.000952752	-0.00182505	-0.000964524	0.00183631	-9.05E-05	0.000127399
-7000	9000	500	0.000136267	-0.000191959	0.000944685	-0.00180604	-0.000992673	0.00186205	-9.99E-05	0.000148032	1.003395895	0.000136527	-0.000189713	0.000941561	-0.00180594	-0.000986832	0.00185888	-0.000102415	0.000148497
-6000	9000	500	0.000144697	-0.000208132	0.000937629	-0.00179539	-0.00101929	0.00189557	-0.000111412	0.000167495	1.012983976	0.000144732	-0.00020427	0.000923862	-0.00177651	-0.00101393	0.00189515	-0.000113681	0.000168597
-5000	9000	500	2.75E-05	-4.07E-05	0.000160956	-0.000308691	-0.000187909	0.000345971	-2.32E-05	3.58E-05	0.031641924	0.000144212	-0.000206677	0.000899156	-0.00173421	-0.00104935	0.00194714	-0.000121864	0.000184109
-4000	9000	500	0.000119424	-0.000175737	0.00087522	-0.00169058	-0.00109805	0.00201654	-0.000113601	0.000173308	1.016647872	0.000130617	-0.00019204	0.000866579	-0.00168031	-0.00108986	0.00200108	-0.000122151	0.0001873
-3000	9000	500	0.000102746	-0.000154807	0.000834644	-0.0016207	-0.0011243	0.00205565	-0.000105679	0.000165734	1.005141735	0.000105543	-0.000158963	0.00082997	-0.00161849	-0.00112409	0.00204925	-0.000108717	0.00016842
-2000	9000	500	7.10E-05	-0.000106597	0.000801916	-0.00156553	-0.00114973	0.00209428	-7.76E-05	0.00012263	1.004667653	7.27E-05	-0.000107037	0.000797196	-0.00156338	-0.00114641	0.00208995	-7.90E-05	0.000122884
-1000	9000	500	3.43E-05	-4.94E-05	0.000779893	-0.00152779	-0.00116932	0.00211953	-3.65E-05	5.78E-05	1.004101384	3.25E-05	-4.50E-05	0.000776444	-0.00152763	-0.00116276	0.00211435	-3.61E-05	5.66E-05
0	9000	500	-6.13E-06	1.27E-05	0.000644441	-0.00126412	-0.00117367	0.00212613	1.36E-05	-2.16E-05	0.836950518	-1.02E-05	1.68E-05	0.000772169	-0.00152089	-0.00116491	0.00211415	1.26E-05	-1.92E-05
1000	9000	500	-5.05E-05	7.94E-05	0.000795449	-0.00155742	-0.00156505	0.00284524	7.98E-05	-0.000125846	1.366343685	-5.21E-05	7.76E-05	0.000785014	-0.00154215	-0.00115716	0.0021046	5.91E-05	-9.19E-05
2000	9000	500	-7.47E-05	0.000112302	0.000681298	-0.00132804	-0.00114054	0.00208096	9.47E-05	-0.000148779	0.839074227	-9.03E-05	0.000133693	0.000812518	-0.00158857	-0.00113725	0.00207462	9.61E-05	-0.000148791
3000	9000	500	-0.000114496	0.000168695	0.000859615	-0.00166533	-0.00110404	0.00202505	0.000112559	-0.000175031	1.010218037	-0.000120578	0.000177809	0.000848241	-0.00164842	-0.00110636	0.00202822	0.000117806	-0.000180953
4000	9000	500	-5.80E-05	8.40E-05	0.000401412	-0.000773647	-0.000761679	0.00139527	7.10E-05	-0.000104155	0.32213614	-0.000138641	0.000202835	0.000883639	-0.00170828	-0.00106887	0.00197323	0.000123716	-0.000187829
5000	9000	500	-0.000146322	0.000213845	0.000914176	-0.00175621	-0.00130444	0.00241516	0.000147736	-0.00022466	1.258787055	-0.000144019	0.000207617	0.000912596	-0.00175747	-0.00103236	0.00191933	0.000118539	-0.000177374
6000	9000	500	-0.000148571	0.000214957	0.000932839	-0.00178619	-0.00127487	0.0023759	0.000167412	-0.00025988	1.260018729	-0.000139886	0.000197683	0.000933724	-0.00179206	-0.00100024	0.00187517	0.000108029	-0.000158924
7000	9000	500	-9.12E-05	0.000128432	0.000630721	-0.00120504	-0.000986864	0.00185342	0.000105817	-0.000158959	0.666689014	-0.000130128	0.000179613	0.000948453	-0.0018169	-0.000974612	0.00184461	9.61E-05	-0.000138242
8000	9000	500	-0.000155955	0.000213239	0.00130277	-0.00248936	-0.00129676	0.00247483	0.000106221	-0.000150224	1.843110342	-0.000117436	0.00015875	0.000957296	-0.001832	-0.000955218	0.00182684	8.45E-05	-0.000117694
9000	9000	500	-0.000103605	0.000140204	0.000956394	-0.00182516	-0.00094588	0.00181292	7.15E-05	-9.89E-05	0.989041933	-0.000103792	0.000138114	0.000963505	-0.00184205	-0.000943853	0.00181885	7.36E-05	-9.89E-05
-9000	-9000	1000	-4.01E-05	0.00010018	0.000361398	-0.00112662	-0.000358348	0.00111575	3.09E-05	-7.68E-05	1.006977187	-4.10E-05	0.000103975	0.00036114	-0.00112362	-0.000357098	0.00111068	3.03E-05	-7.35E-05
-8000	-9000	1000	-4.39E-05	0.000111053	0.000357525	-0.00111464	-0.000364784	0.00112557	3.37E-05	-8.64E-05	1.004015462	-4.62E-05	0.000117671	0.000358475	-0.00111462	-0.000360129	0.00112243	3.48E-05	-8.60E-05
-7000	-9000	1000	-5.68E-05	0.000144109	0.000416513	-0.00130129	-0.000440607	0.00134587	4.47E-05	-0.000115359	1.397716669	-5.09E-05	0.000130237	0.000353988	-0.00110265	-0.000365918	0.0011391	3.96E-05	-9.93E-05
-6000	-9000	1000	-6.01E-05	0.000155752	0.000408273	-0.00127876	-0.000454478	0.00137508	4.90E-05	-0.000127847	1.401264569	-5.41E-05	0.000138909	0.000347316	-0.00108384	-0.000374457	0.00116154	4.42E-05	-0.000112272
-5000	-9000	1000	-5.14E-05	0.000134547	0.000337638	-0.00105745	-0.000398804	0.00120029	4.46E-05	-0.000119266	1.009792696	-5.43E-05	0.000140251	0.000337691	-0.00105729	-0.0003863	0.00119307	4.77E-05	-0.000122201
-4000	-9000	1000	-4.72E-05	0.000125433	0.00032702	-0.001026	-0.000413917	0.00123754	4.47E-05	-0.000119118	1.017258936	-5.01E-05	0.000129667	0.000325164	-0.00102181	-0.000399494	0.00122636	4.79E-05	-0.000124023
-3000	-9000	1000	-3.70E-05	9.94E-05	0.000311804	-0.000982	-0.000431233	0.00128594	3.93E-05	-0.000106226	1.024618403	-4.11E-05	0.000105931	0.00031104	-0.000982847	-0.000412258	0.00125893	4.27E-05	-0.000111331
-2000	-9000	1000	-2.27E-05	6.47E-05	0.000295957	-0.000937072	-0.00043659	0.00129343	2.90E-05	-7.93E-05	1.000798642	-2.81E-05	7.15E-05	0.000298559	-0.000947756	-0.000421471	0.00128236	3.11E-05	-8.12E-05
-1000	-9000	1000	-1.65E-05	4.38E-05	0.000390841	-0.00125061	-0.000743616	0.00222016	2.55E-05	-6.89E-05	2.318381659	-1.30E-05	3.17E-05	0.000290599	-0.000925677	-0.000426963	0.00129521	1.46E-05	-3.76E-05
0	-9000	1000	4.47E-06	-1.45E-05	0.000392611	-0.00125251	-0.000745288	0.00222223	-5.55E-06	1.64E-05	2.330689302	3.43E-06	-9.75E-06	0.000288674	-0.000921491	-0.000428298	0.00129817	-4.35E-06	1.22E-05
1000	-9000	1000	1.92E-05	-4.87E-05	0.000296986	-0.000939938	-0.000434111	0.00128862	-2.05E-05	5.54E-05	1.006985856	1.99E-05	-5.10E-05	0.000293318	-0.000935418	-0.000424335	0.00129027	-2.30E-05	6.00E-05
2000	-9000	1000	4.83E-05	-0.000130427	0.000461365	-0.00145324	-0.000406291	0.00121782	-3.28E-05	8.87E-05	1.445412284	3.44E-05	-8.92E-05	0.000303914	-0.000965044	-0.000417136	0.00127276	-3.74E-05	9.80E-05
3000	-9000	1000	1.86E-05	-4.81E-05	0.000141209	-0.000442087	-0.00033889	0.000994321	-3.48E-05	9.14E-05	0.354687709	4.55E-05	-0.000118867	0.000317647	-0.00100341	-0.000406419	0.00124313	-4.58E-05	0.000119361
4000	-9000	1000	4.96E-05	-0.00013311	0.000341972	-0.00107038	-0.000396549	0.00119739	-4.43E-05	0.000118895	1.019717273	5.22E-05	-0.000135898	0.000331299	-0.00104158	-0.000393551	0.00121083	-4.81E-05	0.00012416
5000	-9000	1000	5.06E-05	-0.000130185	0.000340735	-0.00106714	-0.000389602	0.00117762	-4.27E-05	0.000113302	0.999327466	5.43E-05	-0.000140027	0.000342371	-0.0010721	-0.000380318	0.00117731	-4.62E-05	0.000117489
6000	-9000	1000	7.18E-05	-0.000169324	0.000502857	-0.00157549	-0.000545782	0.00163953	-5.50E-05	0.000150345	2.061772306	5.24E-05	-0.000134528	0.000350413	-0.00109468	-0.0003697	0.00114976	-4.21E-05	0.000105644
7000	-9000	1000	6.89E-05	-0.00017779	0.000503265	-0.00158528	-0.000688084	0.00212993	-6.20E-05	0.000172015	2.69138847	4.78E-05	-0.000123637	0.000356243	-0.00110964	-0.000362908	0.00113026	-3.71E-05	9.26E-05
8000	-9000	1000	4.37E-05	-0.000102872	0.000352838	-0.00110069	-0.000366821	0.00112667	-3.21E-05	8.06E-05	0.993877775	4.25E-05	-0.000110107	0.000360058	-0.00111963	-0.000359202	0.00111558	-3.22E-05	7.93E-05
9000	-9000	1000	4.82E-05	-0.000119595	0.000483452	-0.00151487	-0.000602477	0.00188707	-4.32E-05	0.000111209	2.29030546	3.75E-05	-9.64E-05	0.00036207	-0.00112664	-0.000356681	0.00110682	-2.82E-05	6.71E-05
-9000	-6000	1000	-3.07E-05	8.37E-05	0.000249935	-0.000766707	-0.000279279	0.00087165	2.68E-05	-6.76E-05	0.550471664	-5.53E-05	0.000137596	0.00037791	-0.00116278	-0.000333336	0.00104578	3.25E-05	-8.12E-05
-8000	-6000	1000	-5.90E-05	0.000161982	0.000382826	-0.00117257	-0.00034067	0.00105447	3.94E-05	-0.000102454	1.014800373	-6.79E-05	0.00017154	0.000379806	-0.00116653	-0.000333511	0.00104731	4.01E-05	-0.00010202
-7000	-6000	1000	-7.23E-05	0.000200432	0.000382374	-0.00116928	-0.000348073	0.00106452	4.85E-05	-0.000128835	1.013451531	-8.37E-05	0.000215209	0.000381323	-0.00116819	-0.000337329	0.00105639	5.05E-05	-0.000130405
-6000	-6000	1000	-8.91E-05	0.000251422	0.000379799	-0.00116091	-0.000360442	0.00108759	6.20E-05	-0.000167654	1.00500091	-0.000103557	0.000270848	0.000381837	-0.00116775	-0.000348431	0.00108331	6.54E-05	-0.000171425
-5000	-6000	1000	-0.000192228	0.000535739	0.000638757	-0.00196034	-0.000650367	0.00194783	0.000145452	-0.000393845	2.915854193	-0.000125946	0.000335606	0.000377887	-0.00115324	-0.000373005	0.00114378	8.81E-05	-0.000235422
-4000	-6000	1000	-0.000121483	0.00034245	0.000353134	-0.00107723	-0.000431698	0.00127733	0.000117774	-0.000327931	1.01541136	-0.000137404	0.000367752	0.000354016	-0.00107996	-0.000421352	0.00126901	0.000122485	-0.00033313
-3000	-6000	1000	-4.16E-05	0.00011563	0.000131001	-0.000400345	-0.000342683	0.000998844	8.97E-05	-0.000249269	0.327571671	-0.000101791	0.000267636	0.000286961	-0.000882472	-0.000471134	0.00139961	0.000132967	-0.000367996
-2000	-6000	1000	-5.13E-05	0.000145926	0.000236624	-0.000728506	-0.000488534	0.00142426	9.13E-05	-0.000256969	1.012278279	-5.49E-05	0.000143316	0.000232574	-0.000718591	-0.00048599	0.00142896	9.54E-05	-0.000259402
-1000	-6000	1000	-1.83E-05	5.38E-05	0.000209111	-0.000648779	-0.000484261	0.00141367	3.95E-05	-0.000110493	0.997478324	-2.02E-05	5.49E-05	0.000206883	-0.000643081	-0.000484804	0.00143226	4.09E-05	-0.000112613
0	-6000	1000	7.24E-06	-2.27E-05	0.00020592	-0.000638958	-0.000488479	0.0014236	-1.41E-05	3.80E-05	1.012385078	7.40E-06	-1.77E-05	0.000202414	-0.000629756	-0.000485069	0.00142835	-1.36E-05	3.74E-05
1000	-6000	1000	1.54E-05	-4.32E-05	9.87E-05	-0.000305969	-0.000343947	0.000996967	-4.57E-05	0.000127442	0.318366777	3.56E-05	-9.50E-05	0.000216701	-0.000671233	-0.0004869	0.00143012	-6.82E-05	0.000186539
2000	-6000	1000	6.93E-05	-0.000193595	0.000257552	-0.000795002	-0.000485387	0.00141919	-0.000114178	0.000320481	1.00995816	7.48E-05	-0.000200575	0.000256773	-0.000788067	-0.000481123	0.00142339	-0.000117706	0.000323183
3000	-6000	1000	0.000115133	-0.00032192	0.00032653	-0.000999086	-0.000459069	0.00134901	-0.000131945	0.000369351	1.013798649	0.000124952	-0.000332839	0.00032648	-0.000991493	-0.000452255	0.00135073	-0.000137165	0.000375186
4000	-6000	1000	8.18E-05	-0.000227925	0.000245009	-0.000745177	-0.000400773	0.0011884	-0.000101002	0.000279341	0.660113162	0.000136336	-0.000361279	0.000371982	-0.00112902	-0.000393926	0.00119557	-0.000104411	0.000279615
5000	-6000	1000	0.00010019	-0.000280026	0.000383064	-0.00116673	-0.000429461	0.00129888	-8.31E-05	0.000225762	1.187285824	0.000114553	-0.000302365	0.000380989	-0.0011635	-0.000356576	0.00110661	-7.51E-05	0.000199488
6000	-6000	1000	7.69E-05	-0.00021544	0.000381672	-0.0011672	-0.00040937	0.00125049	-5.81E-05	0.000153626	1.179977569	9.23E-05	-0.000240667	0.000382053	-0.00116899	-0.000343488	0.00106681	-5.69E-05	0.000148352
7000	-6000	1000	5.94E-05	-0.000164884	0.000379404	-0.00116151	-0.000342592	0.0010521	-3.82E-05	0.000100698	1.00226153	7.50E-05	-0.000191063	0.000380799	-0.00116737	-0.000334272	0.00105191	-4.48E-05	0.000114879
8000	-6000	1000	8.44E-05	-0.000239404	0.00064548	-0.00198443	-0.000453144	0.00141462	-4.84E-05	0.00012062	2.309390886	6.07E-05	-0.000152585	0.00037895	-0.00116466	-0.000332668	0.00104562	-3.58E-05	9.07E-05
9000	-6000	1000	4.75E-05	-0.000124498	0.000376408	-0.0011588	-0.000339256	0.00105399	-3.24E-05	8.27E-05	1.004418009	4.93E-05	-0.000122518	0.000377083	-0.00116087	-0.000334813	0.00104694	-2.92E-05	7.24E-05
-9000	-3000	1000	-2.27E-05	5.76E-05	0.000231532	-0.000707622	-0.000306526	0.000968176	1.96E-05	-5.09E-05	0.596941976	-4.20E-05	0.000105701	0.000394959	-0.00120633	-0.000299179	0.000952465	2.03E-05	-5.13E-05
-8000	-3000	1000	-4.40E-05	0.000126762	0.000402533	-0.00122182	-0.000300923	0.000934417	2.37E-05	-6.19E-05	1.017431357	-5.41E-05	0.00013793	0.00040201	-0.00122372	-0.000287912	0.00092067	2.48E-05	-6.34E-05
-7000	-3000	1000	-5.89E-05	0.000168014	0.000412554	-0.00124729	-0.000290451	0.000894725	2.76E-05	-7.40E-05	1.022222663	-6.97E-05	0.000181852	0.000411444	-0.00124717	-0.000276556	0.000879824	3.01E-05	-7.69E-05
-6000	-3000	1000	-7.91E-05	0.000224834	0.000422953	-0.0012746	-0.000348845	0.00106212	4.24E-05	-0.000116093	1.294511416	-9.06E-05	0.000242356	0.000423677	-0.00127843	-0.000259262	0.000823017	3.43E-05	-9.12E-05
-5000	-3000	1000	-0.000105265	0.000296686	0.000432928	-0.00129835	-0.00024988	0.000751494	3.73E-05	-0.000100252	1.010130389	-0.00011825	0.00031767	0.00043743	-0.00131015	-0.000235076	0.000742992	3.84E-05	-0.00010162
-4000	-3000	1000	-0.000208914	0.000578315	0.000708858	-0.00210888	-0.000214876	0.000628303	3.34E-05	-9.32E-05	1.76517179	-0.000134058	0.000356306	0.000415866	-0.00123415	-0.000202081	0.000613225	3.62E-05	-9.45E-05
-3000	-3000	1000	-6.82E-05	0.000184773	0.000237648	-0.000707634	-0.000172493	0.000498436	2.71E-05	-7.06E-05	1.003301586	-7.62E-05	0.000198444	0.000242773	-0.000721256	-0.000165291	0.000490287	2.71E-05	-7.12E-05
-2000	-3000	1000	-2.88E-05	7.51E-05	0.000140263	-0.000419601	-0.00015167	0.000441667	1.75E-05	-4.69E-05	0.98213568	-3.06E-05	7.95E-05	0.000141936	-0.000425045	-0.000154228	0.000443681	1.81E-05	-4.63E-05
-1000	-3000	1000	-1.64E-05	4.20E-05	0.000191985	-0.000586602	-0.000198819	0.000563042	1.02E-05	-2.53E-05	2.24083868	-1.04E-05	2.67E-05	0.000114892	-0.000346659	-0.000147026	0.000425871	7.82E-06	-2.00E-05
0	-3000	1000	7.51E-06	-2.13E-05	0.000171776	-0.00051371	-0.000144364	0.000419488	-2.58E-06	6.85E-06	1.521587737	3.41E-06	-8.48E-06	0.000111387	-0.000336239	-0.000144745	0.000421578	-2.57E-06	6.41E-06
1000	-3000	1000	1.43E-05	-3.74E-05	0.00010284	-0.000305823	-0.000124264	0.000356442	-1.08E-05	2.77E-05	0.680356674	1.89E-05	-4.88E-05	0.000123643	-0.000371655	-0.000150899	0.000431782	-1.28E-05	3.37E-05
2000	-3000	1000	5.89E-05	-0.000162441	0.000252765	-0.000755401	-0.000157354	0.000450611	-2.37E-05	6.27E-05	1.395594442	4.93E-05	-0.000126079	0.000177296	-0.000529499	-0.000159439	0.000461481	-2.28E-05	5.87E-05
3000	-3000	1000	0.000164396	-0.000470843	0.000572197	-0.00170635	-0.000287678	0.000924311	-4.21E-05	0.000104908	2.901390731	0.000112583	-0.00029535	0.00033945	-0.00100802	-0.000177539	0.000544381	-3.16E-05	8.28E-05
4000	-3000	1000	0.000116938	-0.000337394	0.000436119	-0.00129972	-0.000237135	0.000698325	-4.11E-05	0.000110203	1.019164978	0.000130521	-0.000350597	0.000437767	-0.00130563	-0.000222276	0.000684266	-3.78E-05	0.000100094
5000	-3000	1000	9.05E-05	-0.000260499	0.000432194	-0.00129383	-0.000263879	0.000802909	-3.46E-05	9.49E-05	1.028029494	0.000104026	-0.000278005	0.000431215	-0.00129468	-0.000246347	0.00078672	-3.68E-05	9.68E-05
6000	-3000	1000	6.79E-05	-0.000192948	0.000421175	-0.00126595	-0.000282581	0.000870123	-2.99E-05	8.17E-05	1.027956409	7.96E-05	-0.000209203	0.000417773	-0.00126184	-0.000270785	0.000853428	-3.21E-05	8.39E-05
7000	-3000	1000	3.42E-05	-9.46E-05	0.000269845	-0.000815486	-0.000195492	0.000604975	-1.68E-05	4.53E-05	0.445111063	6.10E-05	-0.000157683	0.000406591	-0.00123447	-0.000281418	0.000902376	-2.69E-05	6.96E-05
8000	-3000	1000	4.03E-05	-0.000108678	0.000396887	-0.00120998	-0.000303659	0.000947995	-2.20E-05	5.87E-05	1.010969315	4.71E-05	-0.000120017	0.000398127	-0.00121394	-0.000293024	0.000937188	-2.23E-05	5.66E-05
9000	-3000	1000	5.66E-05	-0.000172867	0.000728566	-0.00224612	-0.00045591	0.00139517	-1.93E-05	6.76E-05	2.711250666	3.68E-05	-9.22E-05	0.000391994	-0.00119948	-0.000304747	0.000966202	-1.84E-05	4.58E-05
-9000	0	1000	5.65E-08	3.04E-06	0.000398104	-0.00121116	-0.000293425	0.000925481	1.73E-07	-4.84E-07	1.012118277	-3.26E-07	9.43E-07	0.00040081	-0.00122103	-0.000283508	0.00090841	5.61E-07	-2.69E-07
-8000	0	1000	-8.69E-07	-4.91E-07	0.000412289	-0.00124972	-0.000279787	0.00087748	-6.38E-07	1.29E-06	1.02817892	-9.99E-08	9.35E-07	0.000408664	-0.00124068	-0.00026585	0.000862379	3.12E-07	-2.26E-07
-7000	0	1000	-1.96E-07	-7.49E-07	0.000189726	-0.000572086	-0.000252405	0.000780162	-9.64E-07	2.30E-06	0.441097503	-1.70E-07	8.48E-07	0.000418009	-0.00126425	-0.000250049	0.000803428	1.96E-07	-4.23E-07
-6000	0	1000	-2.57E-07	-9.78E-07	0.000428866	-0.00129044	-0.000241465	0.000738995	-3.36E-07	2.84E-06	1.025936511	-2.71E-07	6.74E-07	0.000428116	-0.00128843	-0.000225965	0.000724568	3.17E-07	-5.33E-07
-5000	0	1000	-4.33E-06	-2.74E-06	0.000742549	-0.00223318	-0.000359566	0.00109224	1.97E-06	5.61E-07	2.96635019	-3.20E-07	5.69E-07	0.000436051	-0.0013058	-0.000196981	0.000632725	3.91E-07	-4.33E-07
-4000	0	1000	-8.02E-07	1.73E-06	0.000182858	-0.000544754	-8.19E-05	0.000242096	1.25E-06	-3.29E-06	0.210745848	-1.84E-07	5.62E-07	0.000404926	-0.00120629	-0.000168861	0.000520921	1.93E-07	-2.35E-07
-3000	0	1000	8.28E-07	-3.29E-06	0.000233665	-0.000700664	-0.00015302	0.000445563	-1.55E-06	6.36E-06	1.043396419	-7.80E-08	4.21E-07	0.000231356	-0.000690839	-0.000144894	0.000434173	8.18E-08	-2.23E-07
-2000	0	1000	4.52E-07	-1.26E-07	5.98E-05	-0.000180458	-6.36E-05	0.000182806	-3.47E-07	6.12E-07	0.209147373	-1.11E-07	-8.71E-09	0.00013119	-0.000395311	-0.000140195	0.000398467	1.62E-07	-1.27E-07
-1000	0	1000	5.42E-07	-1.36E-06	0.000104783	-0.000318913	-0.00013293	0.000381709	2.11E-07	-2.49E-07	1.007545864	-6.03E-10	-3.65E-07	0.000104108	-0.000315254	-0.000134122	0.000382807	6.54E-08	2.04E-07
0	0	1000	-2.50E-07	-2.98E-07	8.15E-05	-0.000251329	-0.000107505	0.00031073	2.80E-07	-1.08E-06	0.673656562	-2.55E-08	-5.95E-07	0.000100594	-0.000304608	-0.000131201	0.000380001	1.11E-07	1.40E-07
1000	0	1000	-1.44E-06	1.09E-07	9.01E-05	-0.000276655	-9.00E-05	0.000258794	1.79E-07	2.67E-07	0.537994277	-1.30E-07	-5.14E-07	0.000112893	-0.000341512	-0.000137667	0.000388286	8.25E-08	1.13E-07
2000	0	1000	-2.68E-06	-1.01E-06	0.000190106	-0.000575146	-0.000169997	0.000492992	-1.64E-06	3.25E-06	1.371669158	1.21E-08	-2.39E-07	0.000166521	-0.000499917	-0.000142785	0.000413069	-1.03E-08	-6.72E-09
3000	0	1000	-2.84E-06	3.42E-06	0.000394484	-0.00118016	-0.000194641	0.000558053	-1.05E-06	4.98E-08	1.436993394	1.63E-07	-1.99E-07	0.000327954	-0.000976598	-0.000152279	0.000472873	-2.24E-07	6.06E-08
4000	0	1000	2.92E-07	6.64E-08	0.000430954	-0.00128852	-0.000199198	0.000588472	6.20E-07	-5.18E-07	1.024101695	-7.99E-08	-3.18E-07	0.000431492	-0.00128824	-0.000184951	0.000577811	-1.43E-08	7.78E-08
5000	0	1000	5.62E-07	4.25E-07	0.000438795	-0.00131695	-0.000228175	0.000693058	2.21E-07	-1.67E-07	1.037923167	-1.01E-07	-2.85E-07	0.000433155	-0.00130011	-0.000209422	0.00068061	-4.03E-08	-1.56E-07
6000	0	1000	-5.12E-06	1.60E-05	0.000304748	-0.000913736	-0.000114451	0.000352841	2.40E-06	-7.20E-06	0.331000117	6.96E-08	-1.73E-07	0.000422769	-0.00127672	-0.000239874	0.000765639	-3.04E-07	-2.22E-07
7000	0	1000	-1.44E-07	1.55E-06	0.000406807	-0.00122139	-0.000187951	0.000581689	9.11E-07	-2.89E-06	0.683013308	3.02E-07	-1.62E-07	0.000413108	-0.00125247	-0.000257335	0.000834876	-4.30E-07	2.41E-08
8000	0	1000	4.67E-06	-1.46E-05	0.000291567	-0.000879022	-0.000129084	0.000406064	-1.47E-06	4.00E-06	0.328222829	2.68E-07	-2.97E-07	0.000404573	-0.00123086	-0.000274534	0.000886219	-2.32E-07	2.20E-07
9000	0	1000	-3.49E-06	-6.90E-06	0.000754585	-0.0022965	-0.000440846	0.00134029	1.42E-06	-4.28E-06	2.74876073	9.02E-08	-2.98E-07	0.000397301	-0.00121218	-0.000290979	0.00092815	-7.06E-08	1.36E-07
-9000	3000	1000	3.16E-05	-8.50E-05	0.000362956	-0.001074	-0.000157952	0.000493607	-5.47E-06	1.14E-05	0.464816032	4.09E-05	-0.000103595	0.000395226	-0.00120609	-0.000299868	0.000952683	-1.98E-05	5.08E-05
-8000	3000	1000	3.45E-05	-9.38E-05	0.000371081	-0.00109335	-5.23E-05	0.000163446	-4.00E-06	1.05E-05	0.159588905	5.30E-05	-0.000136018	0.000402764	-0.00122468	-0.000287208	0.000921468	-2.41E-05	6.27E-05
-7000	3000	1000	8.58E-05	-0.000240503	0.000638864	-0.00191898	-0.000285498	0.000885029	-2.76E-05	7.42E-05	1.551824731	6.91E-05	-0.000180214	0.00041249	-0.00124814	-0.00027751	0.000881428	-2.90E-05	7.65E-05
-6000	3000	1000	7.81E-05	-0.000223878	0.000429885	-0.00129096	-0.000272999	0.000832915	-3.32E-05	8.90E-05	1.028052748	9.07E-05	-0.000240394	0.000424796	-0.00127811	-0.000260408	0.000823318	-3.42E-05	9.08E-05
-5000	3000	1000	0.000104206	-0.000295014	0.000435784	-0.00130219	-0.000249705	0.000754021	-3.67E-05	9.92E-05	1.014595721	0.000118033	-0.000316111	0.00043859	-0.00131109	-0.00023588	0.000743603	-3.77E-05	0.000100515
-4000	3000	1000	0.000174873	-0.000499233	0.000599656	-0.00179737	-0.000396373	0.0011695	-6.08E-05	0.000173549	2.787722932	0.000133703	-0.000355134	0.000416011	-0.0012351	-0.000201606	0.000614124	-3.54E-05	9.40E-05
-3000	3000	1000	7.10E-05	-0.000182279	0.000244605	-0.000720635	-0.000331242	0.000905926	-5.54E-05	0.000130704	1.866092118	7.63E-05	-0.000197962	0.00024287	-0.000721321	-0.00016463	0.000491581	-2.70E-05	7.08E-05
-2000	3000	1000	2.61E-05	-7.13E-05	0.000141385	-0.000424222	-0.000300489	0.000801485	-3.01E-05	8.56E-05	1.8180971	3.10E-05	-7.97E-05	0.000142	-0.000424921	-0.000155361	0.000444548	-1.80E-05	4.64E-05
-1000	3000	1000	-9.42E-06	-4.10E-05	0.000159878	-0.000489229	-0.000295552	0.000770592	-2.10E-05	3.29E-05	2.582969927	1.02E-05	-2.68E-05	0.000115247	-0.000346638	-0.000147333	0.000425464	-7.63E-06	2.02E-05
0	3000	1000	-4.03E-07	9.10E-06	0.000110408	-0.000333649	-0.000147151	0.000420896	2.21E-06	-6.21E-06	0.989204956	-3.42E-06	8.64E-06	0.000111735	-0.00033652	-0.000144174	0.000422876	2.64E-06	-6.92E-06
1000	3000	1000	-1.12E-05	2.96E-05	8.04E-05	-0.000241078	-0.000147922	0.000430738	1.28E-05	-3.34E-05	0.644583583	-1.88E-05	4.87E-05	0.0001239	-0.000372332	-0.000150518	0.000432381	1.28E-05	-3.32E-05
2000	3000	1000	-7.20E-05	0.000203674	0.000300449	-0.00090146	-0.0002199	0.000635905	3.28E-05	-8.37E-05	2.342344465	-4.89E-05	0.000125492	0.000177897	-0.00052974	-0.000159554	0.000461973	2.27E-05	-5.87E-05
3000	3000	1000	-9.92E-05	0.000279069	0.000337178	-0.00100312	-0.000189019	0.000546109	3.07E-05	-7.94E-05	1.006503953	-0.000112344	0.000294659	0.000341192	-0.00100996	-0.000178236	0.000544078	3.17E-05	-8.25E-05
4000	3000	1000	-0.000119426	0.000334581	0.000440107	-0.00131156	-0.000151245	0.000450522	2.24E-05	-6.10E-05	0.665195758	-0.000130538	0.000349901	0.000439562	-0.00130856	-0.00022268	0.000684565	3.80E-05	-0.000100587
5000	3000	1000	-9.34E-05	0.000261438	0.00043082	-0.00129469	-0.000265558	0.000798897	3.57E-05	-9.77E-05	1.021541852	-0.000103212	0.000277716	0.000431778	-0.00129663	-0.00024659	0.000786918	3.61E-05	-9.76E-05
6000	3000	1000	-6.77E-05	0.000192603	0.000414348	-0.00125195	-0.000283265	0.000870292	3.12E-05	-8.41E-05	1.01504895	-7.87E-05	0.000208527	0.000418143	-0.00126279	-0.000269651	0.000853728	3.17E-05	-8.39E-05
7000	3000	1000	-8.80E-05	0.000243335	0.000687503	-0.00209193	-0.000503301	0.00156079	4.48E-05	-0.000117867	2.940316323	-6.08E-05	0.000156701	0.000407245	-0.00123543	-0.00028234	0.000902083	2.69E-05	-6.98E-05
8000	3000	1000	-3.79E-05	0.000108477	0.000396119	-0.00120403	-0.000305082	0.000953792	2.15E-05	-5.63E-05	1.011073098	-4.68E-05	0.000119035	0.000398865	-0.0012149	-0.000293528	0.000937593	2.19E-05	-5.68E-05
9000	3000	1000	-2.98E-05	8.40E-05	0.000391955	-0.00119549	-0.000310173	0.000979498	1.78E-05	-4.65E-05	1.011381318	-3.63E-05	9.12E-05	0.000392513	-0.00119945	-0.000304444	0.000966197	1.79E-05	-4.56E-05
-9000	6000	1000	4.75E-05	-0.000125159	0.000373904	-0.00114987	-0.000337993	0.00105671	-3.24E-05	8.47E-05	0.997754074	5.37E-05	-0.000135064	0.000378896	-0.00116374	-0.000334536	0.0010468	-3.22E-05	8.12E-05
-8000	6000	1000	5.75E-05	-0.00015463	0.000376367	-0.00115467	-0.000342405	0.00105923	-3.79E-05	9.88E-05	1.001789927	6.66E-05	-0.000169069	0.000380917	-0.00116749	-0.00033307	0.00104929	-3.98E-05	0.000102223
-7000	6000	1000	9.37E-05	-0.000267237	0.0005131	-0.0015728	-0.000596177	0.0018157	-8.14E-05	0.000214155	2.314562053	8.24E-05	-0.0002129	0.000382739	-0.00117015	-0.000339843	0.00105938	-5.03E-05	0.000130475
-6000	6000	1000	9.35E-05	-0.000250369	0.000382374	-0.00117019	-0.000619715	0.00185386	-0.000105774	0.000286958	1.723793132	0.000102112	-0.0002692	0.000383237	-0.00116971	-0.000349725	0.0010833	-6.48E-05	0.000171376
-5000	6000	1000	0.000156653	-0.000428419	0.000511539	-0.00156144	-0.000521155	0.00154404	-0.000112825	0.000312435	1.836424997	0.000126611	-0.00033354	0.000379082	-0.00115518	-0.000373503	0.00114575	-8.82E-05	0.000235837
-4000	6000	1000	0.000124774	-0.000345588	0.000351911	-0.00107115	-0.000432112	0.00127722	-0.000117527	0.000326507	1.004704301	0.000137862	-0.000365856	0.000357089	-0.00108092	-0.00042163	0.001271	-0.00012146	0.000332603
-3000	6000	1000	9.26E-05	-0.000256682	0.000288964	-0.000885721	-0.000480088	0.00140477	-0.000130039	0.000364847	1.010277608	0.000100116	-0.000267259	0.000290437	-0.000883343	-0.000472295	0.00140257	-0.00013443	0.00036831
-2000	6000	1000	4.85E-05	-0.00013748	0.000235887	-0.000729792	-0.000490318	0.00142719	-9.15E-05	0.000257307	1.014666351	5.30E-05	-0.000142949	0.000233669	-0.000719179	-0.000485873	0.00143194	-9.47E-05	0.000259179
-1000	6000	1000	1.10E-05	-3.15E-05	0.000148581	-0.000461266	-0.000222855	0.00064715	-1.81E-05	5.05E-05	0.325236249	2.07E-05	-5.42E-05	0.000207666	-0.000643658	-0.000487237	0.0014292	-4.10E-05	0.000112304
0	6000	1000	-6.38E-06	1.58E-05	0.000202008	-0.000626215	-0.000222181	0.000645633	6.12E-06	-1.70E-05	0.449137066	-5.89E-06	1.81E-05	0.000203207	-0.000630532	-0.000484233	0.00143033	1.35E-05	-3.75E-05
1000	6000	1000	-2.14E-05	5.73E-05	0.000154445	-0.000478078	-0.000222873	0.000648741	3.03E-05	-8.42E-05	0.323272651	-3.58E-05	9.52E-05	0.000217694	-0.000672108	-0.000487528	0.00143306	6.85E-05	-0.000187508
2000	6000	1000	-6.51E-05	0.000180627	0.000257034	-0.000790415	-0.000483339	0.00140739	0.000110963	-0.000312336	1.001023976	-7.66E-05	0.000199765	0.000257135	-0.000788824	-0.000481416	0.00142194	0.000118754	-0.000323431
3000	6000	1000	-0.000221567	0.000572286	0.000553893	-0.00169552	-0.000763555	0.00232597	0.000238873	-0.000669885	2.919673064	-0.000124962	0.000332175	0.000325187	-0.000992749	-0.000452621	0.00135072	0.000137089	-0.000375582
4000	6000	1000	-0.00012052	0.000329798	0.000368278	-0.0011222	-0.000406165	0.00120383	9.77E-05	-0.000269195	1.011475896	-0.000134489	0.000361251	0.00037154	-0.00113098	-0.000393663	0.00119657	0.00010398	-0.00028132
5000	6000	1000	-0.00010232	0.000283624	0.000381305	-0.00116262	-0.000370597	0.00111683	7.23E-05	-0.000197067	1.013391845	-0.000113518	0.000301407	0.000382313	-0.00116547	-0.000358851	0.0011066	7.53E-05	-0.000199868
6000	6000	1000	-7.99E-05	0.000222155	0.000379625	-0.00116113	-0.000354277	0.00107606	5.41E-05	-0.000145022	1.005828928	-9.18E-05	0.000239543	0.000383083	-0.00116995	-0.000342079	0.00106781	5.71E-05	-0.000148966
7000	6000	1000	-0.000111408	0.000299193	0.000645068	-0.0019841	-0.000584979	0.00179959	7.47E-05	-0.000194602	2.914495408	-7.41E-05	0.000189939	0.000381713	-0.00116934	-0.000335205	0.00105092	4.47E-05	-0.000115192
8000	6000	1000	-5.07E-05	0.000139726	0.00037777	-0.00115871	-0.000340103	0.00105466	3.46E-05	-8.97E-05	1.004063811	-5.98E-05	0.00015146	0.000379875	-0.00116563	-0.000333504	0.00104662	3.58E-05	-9.10E-05
9000	6000	1000	-4.31E-05	0.000114561	0.000381642	-0.00117281	-0.00033389	0.00105	2.86E-05	-7.26E-05	1.012560283	-4.85E-05	0.000121479	0.000377912	-0.00116184	-0.00033456	0.00104693	2.91E-05	-7.26E-05
-9000	9000	1000	4.83E-05	-0.00013823	0.000610925	-0.00190689	-0.000600512	0.00188405	-3.89E-05	8.37E-05	2.877593791	3.91E-05	-0.000102402	0.000361733	-0.00112464	-0.000358596	0.0011117	-3.03E-05	7.34E-05
-8000	9000	1000	4.94E-05	-0.000116907	0.000356668	-0.00111361	-0.000364383	0.00111852	-3.58E-05	9.39E-05	0.992822058	4.44E-05	-0.000116215	0.000358999	-0.00111663	-0.000361609	0.00112343	-3.46E-05	8.63E-05
-7000	9000	1000	4.92E-05	-0.000123336	0.000354363	-0.00110667	-0.000373551	0.00114411	-3.80E-05	9.81E-05	1.008180465	4.96E-05	-0.00012856	0.00035426	-0.00110364	-0.000367105	0.00113993	-3.97E-05	9.97E-05
-6000	9000	1000	5.19E-05	-0.000134563	0.000351664	-0.00109972	-0.000383039	0.00116673	-4.25E-05	0.000110866	1.017900891	5.29E-05	-0.000137152	0.000347295	-0.0010847	-0.000376143	0.0011645	-4.43E-05	0.000112298
-5000	9000	1000	1.00E-05	-2.62E-05	6.04E-05	-0.000188983	-7.08E-05	0.000213469	-8.71E-06	2.35E-05	0.031858287	5.32E-05	-0.000138368	0.000337787	-0.00105916	-0.000388306	0.00119602	-4.76E-05	0.000122236
-4000	9000	1000	4.30E-05	-0.000114025	0.000328039	-0.00103279	-0.000414012	0.00124451	-4.26E-05	0.000113185	1.026027058	4.91E-05	-0.000128056	0.000325263	-0.00102367	-0.000401401	0.0012293	-4.76E-05	0.000123951
-3000	9000	1000	3.82E-05	-9.95E-05	0.000312905	-0.000989075	-0.000425501	0.00126806	-3.97E-05	0.000107598	1.012891259	4.03E-05	-0.000104592	0.000311128	-0.000984614	-0.000413358	0.00126186	-4.24E-05	0.000111146
-2000	9000	1000	2.60E-05	-6.86E-05	0.000300664	-0.000953675	-0.000433825	0.00129146	-2.89E-05	7.91E-05	1.012055718	2.75E-05	-7.02E-05	0.000298424	-0.000949529	-0.000422054	0.0012853	-3.10E-05	8.10E-05
-1000	9000	1000	1.17E-05	-3.14E-05	0.000292939	-0.000929717	-0.000439893	0.00130526	-1.38E-05	3.72E-05	1.010919629	1.16E-05	-3.03E-05	0.00029046	-0.000927153	-0.000428241	0.00129814	-1.41E-05	3.70E-05
0	9000	1000	-3.38E-06	9.04E-06	0.00024216	-0.000769195	-0.000442017	0.00131118	5.12E-06	-1.42E-05	0.843312087	-4.92E-06	1.09E-05	0.000289091	-0.000922186	-0.000429053	0.00130012	5.20E-06	-1.29E-05
1000	9000	1000	-2.04E-05	5.29E-05	0.000298488	-0.000947192	-0.000589122	0.00175221	2.98E-05	-8.19E-05	1.375587272	-2.04E-05	5.17E-05	0.000294152	-0.000935812	-0.000425684	0.00129221	2.32E-05	-6.07E-05
2000	9000	1000	-2.69E-05	7.39E-05	0.000256354	-0.00080964	-0.00043141	0.00127962	3.55E-05	-9.65E-05	0.844686521	-3.45E-05	8.92E-05	0.000304732	-0.000965341	-0.00041846	0.00127472	3.76E-05	-9.83E-05
3000	9000	1000	-4.04E-05	0.00010987	0.000322976	-0.00101708	-0.000417418	0.00124939	4.26E-05	-0.000114218	1.020800269	-4.54E-05	0.000118584	0.000318556	-0.00100361	-0.000407115	0.00124509	4.60E-05	-0.00011982
4000	9000	1000	-2.07E-05	5.41E-05	0.000150833	-0.000473343	-0.000287864	0.000863128	2.68E-05	-6.92E-05	0.325943936	-5.19E-05	0.000135622	0.000332204	-0.00104148	-0.000394036	0.0012118	4.83E-05	-0.000124722
5000	9000	1000	-5.34E-05	0.000137225	0.00034278	-0.00107519	-0.00049132	0.0014896	5.56E-05	-0.000147593	1.269308214	-5.34E-05	0.000139551	0.000343377	-0.00107299	-0.000381082	0.0011783	4.61E-05	-0.000118075
6000	9000	1000	-5.38E-05	0.000137174	0.000349531	-0.00109367	-0.000479738	0.00146092	6.38E-05	-0.000169977	1.265740214	-5.12E-05	0.00013386	0.00035157	-0.00109568	-0.000370654	0.00114975	4.19E-05	-0.000106168
7000	9000	1000	-3.28E-05	8.22E-05	0.000235528	-0.000737672	-0.00036985	0.0011362	3.99E-05	-0.000104136	0.667211426	-4.70E-05	0.000122783	0.000357008	-0.00111063	-0.000363659	0.00113026	3.71E-05	-9.27E-05
8000	9000	1000	-5.92E-05	0.000132894	0.000487361	-0.0015238	-0.000485801	0.00151793	3.96E-05	-0.000101107	1.848892268	-4.20E-05	0.00010947	0.000360517	-0.00112161	-0.000359045	0.00111557	3.25E-05	-7.97E-05
9000	9000	1000	-3.67E-05	8.78E-05	0.000358713	-0.00111965	-0.000355748	0.00111185	2.76E-05	-6.60E-05	0.997002865	-3.69E-05	9.60E-05	0.000362618	-0.00112762	-0.000356483	0.00110682	2.82E-05	-6.75E-05
-9000	-9000	2000	-1.54E-05	5.99E-05	0.000132992	-0.000613567	-0.000132138	0.000610177	1.12E-05	-4.34E-05	0.996748405	-1.52E-05	5.75E-05	0.000133098	-0.000615467	-0.000130516	0.000610278	1.06E-05	-4.11E-05
-8000	-9000	2000	-1.69E-05	6.60E-05	0.000130838	-0.000606668	-0.000133442	0.000616424	1.29E-05	-4.83E-05	0.992118616	-1.69E-05	6.50E-05	0.000132045	-0.000610868	-0.000132716	0.000617028	1.25E-05	-4.83E-05
-7000	-9000	2000	-2.19E-05	8.58E-05	0.000153284	-0.000710191	-0.000159752	0.000737949	1.69E-05	-6.96E-05	1.382560564	-1.85E-05	7.18E-05	0.00013036	-0.000603776	-0.000135795	0.000627361	1.45E-05	-5.62E-05
-6000	-9000	2000	-2.34E-05	9.23E-05	0.000150064	-0.000695379	-0.000163756	0.000754151	1.95E-05	-7.84E-05	1.376192092	-1.95E-05	7.66E-05	0.000127835	-0.000593193	-0.000139541	0.000641779	1.64E-05	-6.38E-05
-5000	-9000	2000	-2.01E-05	7.89E-05	0.000121882	-0.000572034	-0.000143367	0.000657712	1.88E-05	-7.21E-05	0.985216555	-1.94E-05	7.71E-05	0.000124194	-0.00057824	-0.00014402	0.000659425	1.78E-05	-6.97E-05
-4000	-9000	2000	-1.87E-05	7.34E-05	0.000117077	-0.000552935	-0.000148638	0.000677797	1.82E-05	-7.28E-05	0.985865429	-1.79E-05	7.13E-05	0.000119509	-0.000558539	-0.000149076	0.00067961	1.79E-05	-7.08E-05
-3000	-9000	2000	-1.47E-05	5.81E-05	0.000110638	-0.0005276	-0.000155058	0.000703973	1.64E-05	-6.44E-05	0.990552484	-1.45E-05	5.81E-05	0.000114313	-0.000536544	-0.000153696	0.000698215	1.60E-05	-6.35E-05
-2000	-9000	2000	-9.41E-06	3.77E-05	0.000104764	-0.000503891	-0.000156897	0.000710734	1.27E-05	-4.50E-05	0.97254536	-9.81E-06	3.93E-05	0.000109652	-0.000516841	-0.000157009	0.000712053	1.16E-05	-4.64E-05
-1000	-9000	2000	-6.41E-06	2.61E-05	0.000144712	-0.000678211	-0.000267742	0.00122075	9.45E-06	-4.79E-05	2.280607022	-4.33E-06	1.73E-05	0.000106651	-0.000504268	-0.000158887	0.000719622	5.36E-06	-2.15E-05
0	-9000	2000	2.18E-06	-8.17E-06	0.000145649	-0.000678616	-0.000267803	0.00121876	-5.85E-06	-4.78E-07	2.287178033	1.41E-06	-5.64E-06	0.000106044	-0.000501724	-0.000159325	0.000721116	-1.76E-06	7.03E-06
1000	-9000	2000	7.18E-06	-2.89E-05	0.000105628	-0.000507289	-0.000156185	0.000707473	-8.18E-06	3.52E-05	0.982145354	7.09E-06	-2.83E-05	0.0001079	-0.000509455	-0.00015822	0.000716633	-8.57E-06	3.43E-05
2000	-9000	2000	1.89E-05	-7.67E-05	0.000162921	-0.000780598	-0.000146485	0.000668769	-1.38E-05	5.58E-05	1.402887633	1.23E-05	-4.90E-05	0.000111834	-0.000526165	-0.000155574	0.000705879	-1.39E-05	5.57E-05
3000	-9000	2000	7.29E-06	-2.84E-05	5.00E-05	-0.000237459	-0.000121909	0.000546414	-1.42E-05	5.56E-05	0.343580081	1.64E-05	-6.53E-05	0.000116919	-0.000547661	-0.000151499	0.00068936	-1.71E-05	6.80E-05
4000	-9000	2000	1.92E-05	-7.76E-05	0.000122364	-0.000580937	-0.000143015	0.000655395	-1.88E-05	6.93E-05	0.998375376	1.89E-05	-7.48E-05	0.000122013	-0.000569057	-0.000146549	0.000669368	-1.79E-05	7.07E-05
5000	-9000	2000	1.96E-05	-7.77E-05	0.00012359	-0.000578257	-0.000140717	0.000645738	-1.79E-05	6.61E-05	0.978302858	1.97E-05	-7.73E-05	0.000126281	-0.000586464	-0.000141748	0.000650434	-1.70E-05	6.69E-05
6000	-9000	2000	2.76E-05	-0.000111825	0.00019526	-0.000881885	-0.000199144	0.000909147	-1.58E-05	0.000119614	2.104024779	1.91E-05	-7.42E-05	0.000129308	-0.000599182	-0.000137466	0.000634022	-1.53E-05	5.98E-05
7000	-9000	2000	2.66E-05	-0.000101914	0.000183146	-0.000901224	-0.000250114	0.00117075	-3.73E-05	0.000118341	2.777348375	1.78E-05	-6.82E-05	0.000131408	-0.000607772	-0.000134065	0.000621795	-1.33E-05	5.20E-05
8000	-9000	2000	1.57E-05	-6.19E-05	0.000129622	-0.000597681	-0.00013408	0.000615449	-1.14E-05	4.47E-05	0.978061603	1.61E-05	-6.09E-05	0.000132773	-0.000613468	-0.000131508	0.000613356	-1.14E-05	4.45E-05
9000	-9000	2000	1.83E-05	-7.47E-05	0.00018638	-0.000835231	-0.0002231	0.0010339	-1.84E-05	6.82E-05	2.304316043	1.43E-05	-5.34E-05	0.000133608	-0.00061707	-0.000129915	0.000608104	-9.64E-06	3.78E-05
-9000	-6000	2000	-1.33E-05	5.06E-05	8.99E-05	-0.000417514	-0.00010208	0.000474787	1.00E-05	-3.87E-05	0.538742333	-1.88E-05	7.37E-05	0.000138579	-0.000638432	-0.000122382	0.000575995	1.17E-05	-4.57E-05
-8000	-6000	2000	-2.53E-05	9.71E-05	0.000138265	-0.000640182	-0.000123259	0.000574415	1.56E-05	-6.09E-05	0.992683717	-2.32E-05	9.19E-05	0.000139203	-0.000640484	-0.00012353	0.000577225	1.47E-05	-5.77E-05
-7000	-6000	2000	-3.07E-05	0.000119297	0.00013852	-0.000639518	-0.000125081	0.000580775	1.96E-05	-7.68E-05	0.98984099	-2.88E-05	0.000115384	0.000139766	-0.000641918	-0.000125748	0.000583188	1.87E-05	-7.39E-05
-6000	-6000	2000	-3.73E-05	0.000148042	0.000138203	-0.000635036	-0.000129225	0.00059599	2.60E-05	-9.87E-05	0.983580697	-3.60E-05	0.000145812	0.000139965	-0.000641531	-0.000130104	0.000598505	2.43E-05	-9.72E-05
-5000	-6000	2000	-7.79E-05	0.000313773	0.000236327	-0.00108313	-0.00023332	0.00107394	5.39E-05	-0.000230046	2.895625322	-4.44E-05	0.000181482	0.000138472	-0.000633826	-0.000138927	0.000632279	3.28E-05	-0.000133144
-4000	-6000	2000	-4.87E-05	0.000198641	0.000129011	-0.000588877	-0.000156443	0.000704076	4.60E-05	-0.000187924	0.993047428	-4.86E-05	0.000199888	0.000129589	-0.00059366	-0.000156561	0.000703068	4.54E-05	-0.000187416
-3000	-6000	2000	-1.66E-05	6.70E-05	4.72E-05	-0.000217518	-0.000124882	0.000551945	3.49E-05	-0.00014228	0.32013732	-3.56E-05	0.000145804	0.000104999	-0.000484271	-0.000174381	0.000775283	4.96E-05	-0.000206676
-2000	-6000	2000	-2.08E-05	8.40E-05	8.43E-05	-0.000393514	-0.000177955	0.000788648	3.61E-05	-0.000147819	0.99127625	-1.92E-05	7.79E-05	8.45E-05	-0.000393422	-0.000178798	0.000792638	3.50E-05	-0.00014542
-1000	-6000	2000	-7.61E-06	3.07E-05	7.33E-05	-0.000348597	-0.00017673	0.000783945	1.59E-05	-6.24E-05	0.978115567	-7.34E-06	2.97E-05	7.51E-05	-0.000351901	-0.000179059	0.000793197	1.54E-05	-6.34E-05
0	-6000	2000	2.95E-06	-1.27E-05	7.17E-05	-0.000343812	-0.000178209	0.000786738	-5.56E-06	2.16E-05	0.989375826	2.31E-06	-9.56E-06	7.34E-05	-0.000344517	-0.000178979	0.000792714	-5.06E-06	2.10E-05
1000	-6000	2000	6.21E-06	-2.47E-05	3.45E-05	-0.000164314	-0.000125275	0.000551985	-1.84E-05	7.26E-05	0.310304821	1.26E-05	-5.17E-05	7.88E-05	-0.000367671	-0.000179204	0.00079347	-2.54E-05	0.000104973
2000	-6000	2000	2.79E-05	-0.00011182	9.24E-05	-0.000434846	-0.00017689	0.000785829	-4.43E-05	0.000185392	0.999645449	2.66E-05	-0.000109138	9.33E-05	-0.000432154	-0.00017766	0.000788136	-4.36E-05	0.000181207
3000	-6000	2000	4.57E-05	-0.000185663	0.000118112	-0.000547982	-0.000166985	0.000746	-5.13E-05	0.000212832	0.999020938	4.40E-05	-0.000181173	0.000118835	-0.000544693	-0.000167655	0.000748108	-5.07E-05	0.000210436
4000	-6000	2000	3.26E-05	-0.000132433	8.85E-05	-0.000407967	-0.000144394	0.000652855	-3.98E-05	0.000161586	0.643556137	4.77E-05	-0.000196243	0.000135862	-0.000621279	-0.000146453	0.000662249	-3.87E-05	0.000158129
5000	-6000	2000	4.11E-05	-0.000164969	0.000138562	-0.000640095	-0.000154291	0.000709986	-3.29E-05	0.000130703	1.158973945	4.01E-05	-0.00016343	0.000139677	-0.000639679	-0.000133862	0.000612278	-2.80E-05	0.000112749
6000	-6000	2000	3.21E-05	-0.000128549	0.000138651	-0.000640202	-0.000147118	0.000681564	-2.38E-05	9.21E-05	1.154264023	3.22E-05	-0.000129601	0.000140072	-0.000642376	-0.000127533	0.000589209	-2.11E-05	8.41E-05
7000	-6000	2000	2.52E-05	-9.88E-05	0.000137211	-0.00063707	-0.000123822	0.000575717	-1.63E-05	5.85E-05	0.988532987	2.58E-05	-0.000102784	0.000139695	-0.000641552	-0.000124437	0.00057931	-1.63E-05	6.48E-05
8000	-6000	2000	3.71E-05	-0.000144446	0.000237161	-0.00109659	-0.000164656	0.00077503	-1.73E-05	6.78E-05	2.304630097	2.08E-05	-8.21E-05	0.000139154	-0.000639708	-0.000122688	0.000576165	-1.29E-05	5.10E-05
9000	-6000	2000	1.94E-05	-7.34E-05	0.000136042	-0.000634137	-0.000123518	0.000573123	-1.08E-05	4.61E-05	0.986952519	1.70E-05	-6.61E-05	0.00013854	-0.000637649	-0.000122185	0.000576423	-1.03E-05	4.06E-05
-9000	-3000	2000	-9.42E-06	3.79E-05	8.19E-05	-0.00039147	-0.000110766	0.000521951	9.03E-06	-2.66E-05	0.585895208	-1.42E-05	5.58E-05	0.000144343	-0.000661383	-0.000110491	0.000526365	7.41E-06	-2.89E-05
-8000	-3000	2000	-1.94E-05	7.56E-05	0.000144509	-0.000665929	-0.000106881	0.000505085	9.44E-06	-3.54E-05	0.982924792	-1.84E-05	7.30E-05	0.000146936	-0.000671498	-0.000107431	0.000509297	9.12E-06	-3.58E-05
-7000	-3000	2000	-2.52E-05	1.00E-04	0.0001484	-0.000680013	-0.000102481	0.000483924	1.11E-05	-4.35E-05	0.985160843	-2.40E-05	9.68E-05	0.000150421	-0.000684784	-0.000103436	0.000487337	1.11E-05	-4.38E-05
-6000	-3000	2000	-3.31E-05	0.00013299	0.000152579	-0.000694865	-0.000122738	0.000575308	1.72E-05	-6.67E-05	1.243397227	-3.18E-05	0.000129453	0.000155032	-0.000702227	-9.77E-05	0.000457082	1.31E-05	-5.19E-05
-5000	-3000	2000	-4.29E-05	0.000174218	0.000156944	-0.000708866	-8.81E-05	0.000409577	1.40E-05	-5.90E-05	0.975413172	-4.16E-05	0.000170774	0.000159982	-0.000720826	-8.89E-05	0.000411784	1.44E-05	-5.73E-05
-4000	-3000	2000	-8.32E-05	0.000338143	0.000261109	-0.00116314	-7.64E-05	0.00034738	1.23E-05	-5.87E-05	1.729478794	-4.72E-05	0.000192844	0.000151808	-0.000680273	-7.54E-05	0.00034187	1.33E-05	-5.34E-05
-3000	-3000	2000	-2.75E-05	0.000108864	8.41E-05	-0.000387982	-6.22E-05	0.000274165	1.02E-05	-4.22E-05	0.973660803	-2.69E-05	0.000108037	8.83E-05	-0.000396558	-6.18E-05	0.000274273	1.01E-05	-4.01E-05
-2000	-3000	2000	-1.14E-05	4.40E-05	4.73E-05	-0.000228849	-5.63E-05	0.000245692	7.57E-06	-2.72E-05	0.973267452	-1.09E-05	4.33E-05	5.16E-05	-0.000233324	-5.61E-05	0.000246498	6.69E-06	-2.62E-05
-1000	-3000	2000	-5.99E-06	2.20E-05	7.05E-05	-0.000339958	-7.27E-05	0.000319285	3.93E-06	-1.12E-05	2.4096525	-3.69E-06	1.46E-05	4.19E-05	-0.000190258	-5.40E-05	0.000236419	2.91E-06	-1.13E-05
0	-3000	2000	3.34E-06	-1.35E-05	5.53E-05	-0.000275129	-5.32E-05	0.000232148	-5.62E-07	5.50E-06	1.467692521	1.18E-06	-4.61E-06	4.07E-05	-0.000184575	-5.35E-05	0.000234732	-9.75E-07	3.83E-06
1000	-3000	2000	5.90E-06	-2.23E-05	3.16E-05	-0.00016052	-4.57E-05	0.000197568	-3.82E-06	1.47E-05	0.643421572	6.69E-06	-2.66E-05	4.51E-05	-0.000204313	-5.48E-05	0.000240206	-4.82E-06	1.89E-05
2000	-3000	2000	2.39E-05	-9.42E-05	8.75E-05	-0.000409204	-5.69E-05	0.000252319	-9.65E-06	3.47E-05	1.375662994	1.71E-05	-6.85E-05	6.45E-05	-0.000291054	-5.84E-05	0.000256991	-8.44E-06	3.33E-05
3000	-3000	2000	6.66E-05	-0.000273015	0.000216806	-0.000947465	-0.000105361	0.000488115	-1.16E-05	6.56E-05	2.773417427	3.94E-05	-0.000160038	0.000124093	-0.000555803	-6.72E-05	0.00030203	-1.18E-05	4.68E-05
4000	-3000	2000	4.83E-05	-0.000194089	0.000157606	-0.000713031	-8.27E-05	0.000378707	-1.57E-05	6.31E-05	0.981468942	4.59E-05	-0.000188785	0.000160168	-0.000719321	-8.27E-05	0.000379931	-1.42E-05	5.68E-05
5000	-3000	2000	3.79E-05	-0.000152763	0.000154814	-0.000707362	-9.30E-05	0.000434768	-1.32E-05	5.57E-05	0.985726188	3.63E-05	-0.000149121	0.000157736	-0.000712532	-9.39E-05	0.000436975	-1.38E-05	5.50E-05
6000	-3000	2000	2.89E-05	-0.000114907	0.00014973	-0.000689241	-9.98E-05	0.000470211	-1.17E-05	4.89E-05	0.985490979	2.74E-05	-0.000111566	0.000152648	-0.000693114	-0.000100987	0.000473523	-1.20E-05	4.76E-05
7000	-3000	2000	1.47E-05	-5.72E-05	9.61E-05	-0.00044284	-6.92E-05	0.00032717	-7.02E-06	2.70E-05	0.427623792	2.08E-05	-8.37E-05	0.000148616	-0.000677846	-0.000105743	0.000499091	-9.96E-06	3.93E-05
8000	-3000	2000	1.71E-05	-6.64E-05	0.000142496	-0.000657767	-0.000108437	0.000512725	-8.77E-06	3.48E-05	0.975456635	1.60E-05	-6.35E-05	0.000145585	-0.000666243	-0.000108986	0.000518337	-8.13E-06	3.18E-05
9000	-3000	2000	2.33E-05	-9.66E-05	0.000273186	-0.00124861	-0.000162426	0.000764012	-1.19E-05	4.64E-05	2.718789767	1.25E-05	-4.89E-05	0.000143232	-0.000657316	-0.000111927	0.000533587	-6.49E-06	2.55E-05
-9000	0	2000	-1.15E-07	8.91E-07	0.000142744	-0.000656807	-0.000104885	0.000498719	5.71E-07	-1.34E-06	0.972551762	-1.84E-07	4.62E-07	0.000146311	-0.000669359	-0.000104904	0.000503232	3.17E-07	-4.54E-07
-8000	0	2000	-8.21E-08	-3.37E-07	0.00014748	-0.000678511	-9.87E-05	0.000471749	-2.01E-07	8.90E-07	0.98338867	-1.84E-07	4.47E-07	0.000149206	-0.000680583	-0.000100052	0.000478063	2.90E-07	-4.41E-07
-7000	0	2000	5.87E-08	-3.75E-07	6.76E-05	-0.00031063	-8.78E-05	0.000419484	-5.14E-07	1.90E-06	0.421095787	-1.67E-07	4.16E-07	0.000152658	-0.000693892	-9.39E-05	0.000445603	1.98E-07	-3.82E-07
-6000	0	2000	2.32E-07	-8.90E-07	0.000154212	-0.000703504	-8.33E-05	0.000397543	-5.22E-07	8.73E-07	0.976297136	-1.35E-07	3.98E-07	0.000156497	-0.00070818	-8.57E-05	0.000404158	1.30E-07	-3.04E-07
-5000	0	2000	2.40E-07	-1.34E-06	0.000270279	-0.00123265	-0.000123279	0.000592525	-3.14E-06	-1.51E-06	2.886969784	-1.10E-07	3.86E-07	0.00015923	-0.000717652	-7.53E-05	0.000351906	7.04E-08	-2.28E-07
-4000	0	2000	-4.36E-08	5.48E-07	6.60E-05	-0.000297286	-2.84E-05	0.000131232	4.99E-07	-2.00E-06	0.201456986	-9.54E-08	3.50E-07	0.00014796	-0.000664189	-6.39E-05	0.000291333	6.90E-08	-1.94E-07
-3000	0	2000	4.99E-07	-1.92E-06	8.56E-05	-0.000380517	-5.43E-05	0.000243043	-1.46E-06	2.63E-06	1.003397435	-6.36E-08	1.96E-07	8.44E-05	-0.000379921	-5.46E-05	0.000242641	4.09E-08	-8.01E-08
-2000	0	2000	1.11E-07	-2.21E-07	2.13E-05	-9.72E-05	-2.31E-05	0.000100726	-2.84E-07	2.81E-07	0.203420545	-4.50E-08	8.54E-08	4.80E-05	-0.0002173	-5.05E-05	0.000221524	1.37E-08	-3.57E-08
-1000	0	2000	-3.08E-07	-8.74E-07	3.77E-05	-0.000176793	-4.92E-05	0.000211904	-1.35E-07	2.34E-06	1.012595828	-2.37E-08	6.07E-08	3.81E-05	-0.0001735	-4.88E-05	0.000213105	-1.51E-10	8.20E-09
0	0	2000	-4.41E-07	8.73E-07	2.88E-05	-0.000136206	-4.03E-05	0.000172869	-1.59E-08	-5.50E-07	0.663372853	6.53E-09	3.53E-08	3.68E-05	-0.000167613	-4.84E-05	0.000211613	2.92E-09	1.26E-08
1000	0	2000	-4.28E-07	3.27E-07	3.21E-05	-0.000149178	-3.32E-05	0.000144099	-4.33E-07	-7.54E-07	0.528843182	7.29E-09	1.19E-09	4.14E-05	-0.000187867	-4.94E-05	0.000216209	-1.62E-08	3.01E-08
2000	0	2000	-2.95E-07	-6.78E-07	6.88E-05	-0.00031916	-6.14E-05	0.000270169	-7.65E-08	3.62E-06	1.361362313	2.52E-08	-3.11E-08	6.09E-05	-0.000275064	-5.23E-05	0.000229979	-3.69E-09	4.79E-08
3000	0	2000	-3.95E-07	1.58E-06	0.000142218	-0.000651473	-6.78E-05	0.000305469	-7.98E-08	-1.48E-06	1.40790024	6.69E-08	-1.31E-07	0.000119827	-0.000537607	-5.81E-05	0.000262696	-2.24E-08	6.27E-08
4000	0	2000	1.46E-07	1.07E-07	0.000154659	-0.000706216	-6.79E-05	0.000317311	-2.90E-07	-9.24E-07	0.980193724	8.39E-08	-2.13E-07	0.000157618	-0.000709196	-6.95E-05	0.00032201	-4.87E-08	6.68E-08
5000	0	2000	-7.50E-09	1.51E-07	0.000157898	-0.000720302	-7.86E-05	0.000373451	-1.76E-08	-1.39E-07	0.991475376	9.83E-08	-2.18E-07	0.000158156	-0.000714516	-8.08E-05	0.000379361	-9.34E-08	7.99E-08
6000	0	2000	-1.98E-06	8.76E-06	0.000108672	-0.000495742	-3.94E-05	0.000189492	7.43E-07	-4.64E-06	0.314037336	9.53E-08	-2.20E-07	0.000154567	-0.000700938	-9.01E-05	0.000426194	-1.19E-07	6.82E-08
7000	0	2000	-1.62E-07	1.19E-06	0.000144824	-0.000661302	-6.52E-05	0.000312493	2.61E-07	-1.98E-06	0.649495374	8.46E-08	-2.05E-07	0.000150874	-0.000687039	-9.73E-05	0.000462904	-1.06E-07	6.22E-08
8000	0	2000	1.73E-06	-7.67E-06	0.000103822	-0.000475284	-4.58E-05	0.000218335	-2.54E-07	1.68E-06	0.312916435	7.67E-08	-1.77E-07	0.000147655	-0.000674722	-0.0001026	0.000491504	-8.82E-08	4.74E-08
9000	0	2000	3.48E-06	2.42E-06	0.000273944	-0.00128724	-0.000151608	0.000747536	-7.85E-06	-4.95E-06	2.812489976	6.92E-08	-1.62E-07	0.000145085	-0.000664491	-0.000107051	0.000513752	-1.23E-07	7.89E-08
-9000	3000	2000	1.38E-05	-5.16E-05	0.000128528	-0.00058057	-5.72E-05	0.000266745	-1.81E-06	6.58E-06	0.445820851	1.39E-05	-5.51E-05	0.000144792	-0.000662474	-0.00011039	0.000526367	-6.90E-06	2.82E-05
-8000	3000	2000	1.53E-05	-5.79E-05	0.000131328	-0.000591851	-1.86E-05	8.83E-05	-1.52E-06	5.98E-06	0.152701407	1.80E-05	-7.23E-05	0.000147383	-0.00067269	-0.000107438	0.000509398	-8.68E-06	3.51E-05
-7000	3000	2000	3.71E-05	-0.000145557	0.000229617	-0.00104881	-0.00010113	0.000478933	-1.02E-05	4.36E-05	1.501258283	2.37E-05	-9.61E-05	0.000150865	-0.000686076	-0.000103554	0.000487336	-1.07E-05	4.31E-05
-6000	3000	2000	3.30E-05	-0.000133075	0.000155373	-0.000709986	-9.65E-05	0.000452879	-1.26E-05	5.27E-05	0.997401382	3.14E-05	-0.000128766	0.000155477	-0.000703618	-9.79E-05	0.000457283	-1.27E-05	5.14E-05
-5000	3000	2000	4.26E-05	-0.000173223	0.00015819	-0.000717025	-8.82E-05	0.00040878	-1.44E-05	5.77E-05	0.983198019	4.13E-05	-0.000170088	0.00016054	-0.000722213	-8.90E-05	0.000411886	-1.41E-05	5.69E-05
-4000	3000	2000	6.89E-05	-0.000286866	0.000232431	-0.00100243	-0.000140276	0.000637232	-2.46E-05	0.000102868	2.73801665	4.70E-05	-0.000192253	0.000152261	-0.00068166	-7.55E-05	0.000342069	-1.33E-05	5.32E-05
-3000	3000	2000	2.69E-05	-0.000109563	0.000108178	-0.000411628	-0.000113367	0.000504548	-1.28E-05	6.74E-05	1.932043229	2.68E-05	-0.00010774	8.85E-05	-0.000397348	-6.19E-05	0.000274371	-1.01E-05	4.01E-05
-2000	3000	2000	1.01E-05	-3.77E-05	7.19E-05	-0.00025783	-0.000105452	0.000452703	-7.02E-06	4.40E-05	2.066724748	1.08E-05	-4.32E-05	5.17E-05	-0.000233719	-5.62E-05	0.000246695	-6.69E-06	2.62E-05
-1000	3000	2000	2.60E-06	-7.46E-07	4.86E-05	-0.000340144	-0.000102587	0.000466301	-2.76E-05	-2.39E-05	3.479356685	3.68E-06	-1.45E-05	4.20E-05	-0.000190553	-5.40E-05	0.000236617	-2.93E-06	1.14E-05
0	3000	2000	-9.94E-07	3.71E-06	3.73E-05	-0.000178101	-5.38E-05	0.00023353	1.28E-06	-1.21E-06	0.956185232	-1.19E-06	4.66E-06	4.08E-05	-0.000184871	-5.35E-05	0.000234932	9.62E-07	-3.78E-06
1000	3000	2000	-4.61E-06	1.73E-05	2.72E-05	-0.000127735	-5.47E-05	0.000238393	5.31E-06	-2.06E-05	0.617443522	-6.71E-06	2.66E-05	4.53E-05	-0.000204608	-5.48E-05	0.000240305	4.81E-06	-1.89E-05
2000	3000	2000	-2.93E-05	0.000117965	0.000115303	-0.000504931	-7.90E-05	0.000353921	1.11E-05	-4.84E-05	2.382873023	-1.71E-05	6.85E-05	6.47E-05	-0.000291447	-5.84E-05	0.00025709	8.38E-06	-3.33E-05
3000	3000	2000	-4.02E-05	0.000161954	0.000122781	-0.000552206	-6.70E-05	0.000299638	1.18E-05	-4.38E-05	0.985478126	-3.94E-05	0.000159943	0.000124438	-0.000556591	-6.72E-05	0.00030213	1.17E-05	-4.69E-05
4000	3000	2000	-4.81E-05	0.000194775	0.000160248	-0.000722294	-5.30E-05	0.00024587	8.64E-06	-3.42E-05	0.649273648	-4.58E-05	0.000188584	0.000160621	-0.000720409	-8.27E-05	0.000380031	1.41E-05	-5.68E-05
5000	3000	2000	-3.85E-05	0.00015413	0.000157126	-0.00071073	-9.31E-05	0.00043376	1.43E-05	-5.66E-05	0.986251651	-3.62E-05	0.000148919	0.000158182	-0.000713523	-9.39E-05	0.000437074	1.37E-05	-5.50E-05
6000	3000	2000	-2.88E-05	0.000114403	0.000149852	-0.00068454	-0.00010024	0.000471805	1.28E-05	-4.80E-05	0.981065919	-2.73E-05	0.000111369	0.000153002	-0.000694102	-0.000100886	0.000473623	1.18E-05	-4.76E-05
7000	3000	2000	-3.72E-05	0.000148231	0.000250545	-0.00115517	-0.000177623	0.000847121	1.49E-05	-7.08E-05	2.882712384	-2.07E-05	8.34E-05	0.000148965	-0.000678836	-0.000105646	0.000499091	9.73E-06	-3.93E-05
8000	3000	2000	-1.67E-05	6.53E-05	0.000142178	-0.000656275	-0.000109355	0.000515328	8.04E-06	-3.33E-05	0.977344214	-1.59E-05	6.32E-05	0.000145928	-0.000667134	-0.000108992	0.000518337	7.85E-06	-3.18E-05
9000	3000	2000	-1.31E-05	5.03E-05	0.000140611	-0.000652184	-0.000112279	0.000529383	6.55E-06	-2.48E-05	0.983018829	-1.23E-05	4.86E-05	0.000143669	-0.000658109	-0.000111834	0.000533586	6.24E-06	-2.54E-05
-9000	6000	2000	1.94E-05	-7.46E-05	0.000134992	-0.000630346	-0.000123966	0.000575387	-1.18E-05	4.92E-05	0.983104344	1.87E-05	-7.33E-05	0.00013934	-0.000639723	-0.000122283	0.000575997	-1.12E-05	4.55E-05
-8000	6000	2000	2.35E-05	-9.24E-05	0.000136115	-0.000633201	-0.000124392	0.00057746	-1.41E-05	5.69E-05	0.986110466	2.31E-05	-9.15E-05	0.000139971	-0.000641874	-0.000123442	0.000577365	-1.42E-05	5.73E-05
-7000	6000	2000	3.81E-05	-0.000155718	0.000192431	-0.000873803	-0.00021544	0.000996716	-2.78E-05	0.000123132	2.322851601	2.87E-05	-0.000115103	0.000140538	-0.000643408	-0.000125876	0.000583386	-1.83E-05	7.34E-05
-6000	6000	2000	3.70E-05	-0.000147831	0.000146707	-0.00065212	-0.000223028	0.00102238	-4.04E-05	0.000165651	1.733479518	3.59E-05	-0.000145521	0.000140732	-0.00064312	-0.000130333	0.000598802	-2.40E-05	9.68E-05
-5000	6000	2000	6.11E-05	-0.000250983	0.000193641	-0.000857713	-0.000188186	0.000857126	-4.52E-05	0.000183414	1.826329806	4.43E-05	-0.000181289	0.000139239	-0.000635316	-0.000139158	0.000632674	-3.27E-05	0.000132949
-4000	6000	2000	4.91E-05	-0.000200532	0.000127766	-0.000585361	-0.000157262	0.000703847	-4.59E-05	0.000188714	0.98134394	4.85E-05	-0.00019979	0.000130446	-0.00059505	-0.00015679	0.000703564	-4.54E-05	0.000187411
-3000	6000	2000	3.67E-05	-0.000148507	0.000103924	-0.000482855	-0.000174953	0.000775961	-5.05E-05	0.00020885	0.991222541	3.54E-05	-0.000145707	0.000105646	-0.000485363	-0.000174701	0.000775977	-4.97E-05	0.000206763
-2000	6000	2000	1.99E-05	-7.99E-05	8.42E-05	-0.000394811	-0.000178814	0.000790634	-3.61E-05	0.000147006	0.995997767	1.90E-05	-7.78E-05	8.50E-05	-0.000394218	-0.00017923	0.000793429	-3.52E-05	0.000145613
-1000	6000	2000	4.74E-06	-1.86E-05	5.14E-05	-0.000244483	-8.12E-05	0.000358987	-7.19E-06	2.88E-05	0.313486098	7.20E-06	-2.95E-05	7.55E-05	-0.000352597	-0.000179405	0.000793885	-1.54E-05	6.33E-05
0	6000	2000	-2.24E-06	9.07E-06	6.92E-05	-0.000331347	-8.09E-05	0.000357606	2.51E-06	-9.38E-06	0.432290204	-2.42E-06	9.72E-06	7.38E-05	-0.000345111	-0.000179305	0.000793505	5.20E-06	-2.12E-05
1000	6000	2000	-8.28E-06	3.35E-05	5.35E-05	-0.000254859	-8.12E-05	0.000358975	1.19E-05	-4.85E-05	0.312878017	-1.28E-05	5.19E-05	7.90E-05	-0.000368165	-0.000179439	0.00079426	2.55E-05	-0.000105266
2000	6000	2000	-2.56E-05	0.000104372	9.20E-05	-0.000430848	-0.000176119	0.000780165	4.33E-05	-0.000181404	0.98600885	-2.68E-05	0.000109337	9.36E-05	-0.000432845	-0.000177888	0.000788728	4.37E-05	-0.000181702
3000	6000	2000	-8.54E-05	0.000339972	0.000206545	-0.000951622	-0.000281013	0.00126645	9.34E-05	-0.000371958	2.909539457	-4.41E-05	0.000181278	0.000119181	-0.000545683	-0.000167776	0.000748605	5.08E-05	-0.000210933
4000	6000	2000	-4.79E-05	0.000194889	0.000133344	-0.000617473	-0.000146434	0.000660634	3.95E-05	-0.000156814	0.989039228	-4.77E-05	0.00019625	0.000136413	-0.00062227	-0.000146569	0.000662648	3.87E-05	-0.000158428
5000	6000	2000	-4.12E-05	0.000165768	0.00013855	-0.000637575	-0.000133323	0.00061176	2.93E-05	-0.000113837	0.991775868	-4.01E-05	0.000163342	0.000140321	-0.000640671	-0.00013387	0.000612579	2.79E-05	-0.000112948
6000	6000	2000	-3.29E-05	0.000130854	0.00013842	-0.000634484	-0.000127492	0.000588695	2.19E-05	-8.56E-05	0.983431997	-3.21E-05	0.000129417	0.000140614	-0.000643469	-0.000127541	0.00058941	2.10E-05	-8.42E-05
7000	6000	2000	-4.56E-05	0.000178884	0.00023793	-0.00109251	-0.000210901	0.000986422	2.54E-05	-0.000117023	2.888994782	-2.58E-05	0.0001026	0.000140236	-0.000642545	-0.000124446	0.00057951	1.62E-05	-6.49E-05
8000	6000	2000	-2.13E-05	8.31E-05	0.000137425	-0.000633212	-0.000123834	0.000574862	1.34E-05	-5.24E-05	0.985852681	-2.08E-05	8.19E-05	0.000139597	-0.0006406	-0.000122798	0.000576165	1.28E-05	-5.11E-05
9000	6000	2000	-1.78E-05	6.83E-05	0.000139276	-0.00064314	-0.000122598	0.000571328	1.03E-05	-4.06E-05	0.998477273	-1.69E-05	6.59E-05	0.000138983	-0.000638442	-0.000122202	0.000576421	1.01E-05	-4.08E-05
-9000	9000	2000	1.92E-05	-8.36E-05	0.000230158	-0.0010529	-0.000223912	0.00103791	-1.23E-05	4.81E-05	2.915070971	1.51E-05	-5.69E-05	0.000133605	-0.000615968	-0.00013061	0.000610681	-1.04E-05	4.14E-05
-8000	9000	2000	1.78E-05	-7.01E-05	0.000131179	-0.00060716	-0.000133079	0.000613419	-1.30E-05	5.38E-05	0.984935398	1.70E-05	-6.44E-05	0.000132566	-0.000611467	-0.000132634	0.000617427	-1.22E-05	4.83E-05
-7000	9000	2000	1.84E-05	-7.29E-05	0.000129284	-0.000602369	-0.000135965	0.000626649	-1.45E-05	5.83E-05	0.993481289	1.86E-05	-7.14E-05	0.000130894	-0.000604572	-0.000135735	0.000627855	-1.41E-05	5.60E-05
-6000	9000	2000	1.98E-05	-7.87E-05	0.000127989	-0.000598077	-0.000139096	0.000639467	-1.71E-05	6.54E-05	1.001108216	1.95E-05	-7.62E-05	0.00012838	-0.000594086	-0.000139696	0.000642271	-1.61E-05	6.36E-05
-5000	9000	2000	3.83E-06	-1.53E-05	2.19E-05	-0.000102291	-2.56E-05	0.0001171	-3.62E-06	1.40E-05	0.031207687	1.95E-05	-7.69E-05	0.000124835	-0.000579074	-0.000144282	0.000659915	-1.75E-05	6.94E-05
-4000	9000	2000	1.67E-05	-6.68E-05	0.000119314	-0.000557842	-0.000149767	0.000682791	-1.78E-05	6.95E-05	1.002004811	1.79E-05	-7.11E-05	0.000120049	-0.000559375	-0.000149341	0.000680099	-1.77E-05	7.05E-05
-3000	9000	2000	1.45E-05	-5.79E-05	0.00011354	-0.000533736	-0.000153483	0.000696397	-1.70E-05	6.56E-05	0.989179021	1.46E-05	-5.80E-05	0.00011485	-0.000537283	-0.000153961	0.000698902	-1.58E-05	6.32E-05
-2000	9000	2000	9.93E-06	-3.95E-05	0.000108071	-0.000514528	-0.000156694	0.000709535	-1.26E-05	4.76E-05	0.98896714	9.81E-06	-3.91E-05	0.000110184	-0.000517483	-0.000157371	0.000712739	-1.15E-05	4.61E-05
-1000	9000	2000	4.48E-06	-1.76E-05	0.000104569	-0.000500406	-0.000158888	0.000717901	-5.53E-06	2.17E-05	0.986857683	4.29E-06	-1.72E-05	0.000107189	-0.000504963	-0.000159243	0.000720409	-5.29E-06	2.12E-05
0	9000	2000	-1.39E-06	5.43E-06	8.71E-05	-0.000413953	-0.000159552	0.000719988	2.26E-06	-9.71E-06	0.821703112	-1.47E-06	5.80E-06	0.000106565	-0.00050227	-0.000159677	0.000721903	1.79E-06	-7.32E-06
1000	9000	2000	-7.75E-06	3.04E-05	0.000109072	-0.00051304	-0.000212604	0.000962074	1.27E-05	-4.86E-05	1.348408641	-7.13E-06	2.85E-05	0.000108426	-0.000510153	-0.000158467	0.000717322	8.61E-06	-3.46E-05
2000	9000	2000	-1.06E-05	4.28E-05	9.26E-05	-0.000437766	-0.000155137	0.000703066	1.51E-05	-5.77E-05	0.826121571	-1.23E-05	4.92E-05	0.000112358	-0.000526763	-0.000155812	0.00070657	1.40E-05	-5.61E-05
3000	9000	2000	-1.58E-05	6.41E-05	0.000117131	-0.00054976	-0.00015008	0.000684569	1.76E-05	-6.86E-05	0.994486088	-1.64E-05	6.55E-05	0.000117442	-0.000548359	-0.000151731	0.000689953	1.71E-05	-6.83E-05
4000	9000	2000	-8.03E-06	3.19E-05	5.46E-05	-0.000255392	-0.000103536	0.000472448	1.14E-05	-4.31E-05	0.3168875	-1.89E-05	7.50E-05	0.000122537	-0.000569655	-0.000146678	0.000669962	1.79E-05	-7.09E-05
5000	9000	2000	-2.03E-05	8.05E-05	0.000124736	-0.000581867	-0.000177316	0.000815763	2.29E-05	-8.92E-05	1.239736896	-1.96E-05	7.73E-05	0.000126693	-0.000587002	-0.000141871	0.00065093	1.70E-05	-6.70E-05
6000	9000	2000	-2.03E-05	8.05E-05	0.000128221	-0.000593871	-0.000173861	0.000800433	2.46E-05	-9.94E-05	1.242707346	-1.91E-05	7.43E-05	0.000129735	-0.000599779	-0.000137583	0.00063442	1.52E-05	-6.00E-05
7000	9000	2000	-1.21E-05	4.81E-05	8.76E-05	-0.000401618	-0.000135075	0.000621868	1.51E-05	-6.17E-05	0.65878787	-1.77E-05	6.82E-05	0.000131838	-0.000608368	-0.000134181	0.000621992	1.33E-05	-5.22E-05
8000	9000	2000	-1.98E-05	8.17E-05	0.000179991	-0.000844984	-0.000178343	0.000835492	8.22E-06	-6.31E-05	1.872799043	-1.60E-05	6.08E-05	0.000133103	-0.000613964	-0.000131526	0.000613454	1.13E-05	-4.48E-05
9000	9000	2000	-1.33E-05	5.26E-05	0.000132612	-0.000611473	-0.000131742	0.00060761	8.66E-06	-3.47E-05	0.990499724	-1.41E-05	5.34E-05	0.000133931	-0.000617566	-0.000129921	0.000608103	9.61E-06	-3.81E-05
-9000	-9000	5000	-1.52E-07	3.09E-06	4.43E-05	-0.000261677	-4.42E-05	0.00026068	1.01E-07	-2.86E-06	1.001821896	-1.54E-07	2.26E-06	4.43E-05	-0.000261577	-4.42E-05	0.00026028	1.07E-07	-1.65E-06
-8000	-9000	5000	-3.20E-07	4.09E-06	4.40E-05	-0.000259679	-4.41E-05	0.000259582	2.05E-07	-3.45E-06	0.996959755	-3.14E-07	3.95E-06	4.42E-05	-0.000260579	-4.41E-05	0.000259482	2.35E-07	-3.11E-06
-7000	-9000	5000	-7.02E-07	7.25E-06	5.18E-05	-0.0003042	-5.20E-05	0.000304401	5.28E-07	-6.17E-06	1.382491817	-5.65E-07	6.23E-06	4.40E-05	-0.000258682	-4.40E-05	0.000258982	4.64E-07	-5.35E-06
-6000	-9000	5000	-1.09E-06	1.05E-05	5.13E-05	-0.000299905	-5.20E-05	0.000304799	9.32E-07	-9.44E-06	1.382384847	-8.83E-07	8.76E-06	4.35E-05	-0.000255186	-4.40E-05	0.00025918	8.09E-07	-8.33E-06
-5000	-9000	5000	-1.16E-06	1.09E-05	4.28E-05	-0.000248891	-4.41E-05	0.000260476	1.21E-06	-1.14E-05	0.995738029	-1.17E-06	1.08E-05	4.28E-05	-0.000249791	-4.41E-05	0.000260676	1.22E-06	-1.16E-05
-4000	-9000	5000	-1.26E-06	1.17E-05	4.19E-05	-0.000242022	-4.42E-05	0.000263271	1.52E-06	-1.33E-05	0.999609079	-1.30E-06	1.13E-05	4.18E-05	-0.000242221	-4.44E-05	0.000263171	1.55E-06	-1.40E-05
-3000	-9000	5000	-1.17E-06	9.62E-06	4.06E-05	-0.000232029	-4.46E-05	0.000269264	1.50E-06	-1.31E-05	1.006779426	-1.15E-06	9.89E-06	4.05E-05	-0.000233426	-4.47E-05	0.000265866	1.59E-06	-1.41E-05
-2000	-9000	5000	-7.79E-07	6.22E-06	3.91E-05	-0.000221933	-4.48E-05	0.000268761	8.64E-07	-9.75E-06	0.988955143	-7.81E-07	6.84E-06	3.93E-05	-0.00022533	-4.49E-05	0.000267763	1.21E-06	-1.10E-05
-1000	-9000	5000	-3.79E-07	3.80E-06	5.24E-05	-0.000298017	-7.71E-05	0.000459012	-2.90E-07	-5.74E-06	2.317985911	-2.96E-07	2.93E-06	3.85E-05	-0.000219732	-4.49E-05	0.00026866	4.84E-07	-5.15E-06
0	-9000	5000	5.25E-07	-2.22E-06	5.20E-05	-0.000296285	-7.71E-05	0.000458414	2.61E-07	-1.94E-06	2.316194203	2.06E-07	-1.26E-06	3.83E-05	-0.000218332	-4.49E-05	0.00026866	-3.39E-07	2.05E-06
1000	-9000	5000	6.91E-07	-5.19E-06	3.89E-05	-0.00022183	-4.49E-05	0.000266067	-5.99E-07	6.48E-06	0.995599332	6.73E-07	-5.36E-06	3.88E-05	-0.000221431	-4.48E-05	0.000267862	-1.05E-06	8.78E-06
2000	-9000	5000	1.39E-06	-1.33E-05	6.06E-05	-0.00034288	-4.31E-05	0.000253907	-8.01E-07	1.05E-05	1.433119329	1.07E-06	-8.89E-06	3.98E-05	-0.000228329	-4.46E-05	0.000266365	-1.51E-06	1.33E-05
3000	-9000	5000	4.12E-07	-4.80E-06	1.86E-05	-0.000104438	-3.73E-05	0.000211614	-1.01E-06	1.12E-05	0.35411109	1.32E-06	-1.12E-05	4.10E-05	-0.000237124	-4.44E-05	0.00026387	-1.62E-06	1.47E-05
4000	-9000	5000	1.34E-06	-1.15E-05	4.36E-05	-0.000251793	-4.35E-05	0.000256609	-1.42E-06	1.31E-05	1.0079252	1.31E-06	-1.15E-05	4.22E-05	-0.000245519	-4.41E-05	0.000261175	-1.38E-06	1.31E-05
5000	-9000	5000	1.14E-06	-9.55E-06	4.32E-05	-0.000249989	-4.39E-05	0.000258181	-1.14E-06	9.78E-06	0.987871463	1.04E-06	-1.01E-05	4.32E-05	-0.00025219	-4.39E-05	0.000259179	-9.57E-07	9.97E-06
6000	-9000	5000	2.55E-06	-1.24E-05	6.49E-05	-0.000364633	-6.47E-05	0.000364632	-1.98E-06	1.19E-05	2.008168641	6.46E-07	-7.49E-06	4.38E-05	-0.000256785	-4.39E-05	0.000258382	-5.30E-07	6.60E-06
7000	-9000	5000	1.11E-06	-6.39E-06	6.29E-05	-0.000368227	-8.14E-05	0.000486062	-1.70E-06	6.17E-06	2.662708511	3.10E-07	-4.76E-06	4.41E-05	-0.000259581	-4.40E-05	0.000258883	-2.32E-07	3.82E-06
8000	-9000	5000	3.88E-08	-2.08E-06	4.36E-05	-0.000255181	-4.37E-05	0.000260579	1.49E-07	1.94E-06	0.979208442	1.16E-07	-2.59E-06	4.42E-05	-0.000261178	-4.42E-05	0.000259981	-8.05E-08	1.93E-06
9000	-9000	5000	9.48E-08	-1.80E-06	6.04E-05	-0.000352514	-7.53E-05	0.000445141	9.35E-08	2.57E-06	2.295748937	3.43E-08	-1.22E-06	4.43E-05	-0.000261877	-4.43E-05	0.000261079	-2.27E-08	8.64E-07
-9000	-6000	5000	-2.93E-07	4.13E-06	2.92E-05	-0.000172549	-3.59E-05	0.000208773	2.10E-07	-3.04E-06	0.545303939	-5.17E-07	6.26E-06	4.43E-05	-0.000262275	-4.33E-05	0.000251895	2.70E-07	-3.47E-06
-8000	-6000	5000	-1.16E-06	1.28E-05	4.44E-05	-0.000262875	-4.24E-05	0.000246023	7.02E-07	-7.44E-06	1.002458044	-1.22E-06	1.20E-05	4.43E-05	-0.000261975	-4.24E-05	0.000246223	6.77E-07	-7.01E-06
-7000	-6000	5000	-2.48E-06	2.10E-05	4.41E-05	-0.000260975	-4.14E-05	0.000240822	1.48E-06	-1.29E-05	1.000090733	-2.51E-06	2.09E-05	4.41E-05	-0.000261174	-4.14E-05	0.000240621	1.50E-06	-1.30E-05
-6000	-6000	5000	-4.47E-06	3.27E-05	4.35E-05	-0.000257273	-4.09E-05	0.000238415	2.93E-06	-2.20E-05	0.99305676	-4.50E-06	3.34E-05	4.39E-05	-0.000259572	-4.06E-05	0.000238114	2.98E-06	-2.28E-05
-5000	-6000	5000	-1.17E-05	8.17E-05	7.29E-05	-0.000433368	-7.00E-05	0.000411676	9.09E-06	-6.42E-05	2.88011681	-6.98E-06	4.84E-05	4.31E-05	-0.000255068	-4.11E-05	0.000242997	5.43E-06	-3.83E-05
-4000	-6000	5000	-8.54E-06	5.58E-05	4.01E-05	-0.000236687	-4.41E-05	0.000262044	9.30E-06	-6.15E-05	0.99733504	-8.55E-06	5.80E-05	4.05E-05	-0.000238285	-4.40E-05	0.000261543	9.16E-06	-6.18E-05
-3000	-6000	5000	-2.76E-06	1.90E-05	1.53E-05	-8.82E-05	-3.39E-05	0.000201501	7.39E-06	-4.90E-05	0.324138725	-6.18E-06	4.27E-05	3.36E-05	-0.000194982	-4.71E-05	0.000282417	1.09E-05	-7.26E-05
-2000	-6000	5000	-2.96E-06	2.35E-05	2.79E-05	-0.000160681	-4.73E-05	0.000284614	8.02E-06	-5.24E-05	1.006909098	-3.12E-06	2.20E-05	2.79E-05	-0.000158781	-4.74E-05	0.000285611	8.19E-06	-5.29E-05
-1000	-6000	5000	-9.15E-07	8.09E-06	2.47E-05	-0.000141894	-4.70E-05	0.000280516	3.65E-06	-2.38E-05	0.991863547	-1.15E-06	8.00E-06	2.48E-05	-0.000141295	-4.72E-05	0.000284012	3.80E-06	-2.41E-05
0	-6000	5000	4.53E-07	-3.64E-06	2.43E-05	-0.000139295	-4.70E-05	0.000282316	-1.26E-06	7.83E-06	1.005200728	3.89E-07	-2.71E-06	2.42E-05	-0.000137994	-4.71E-05	0.000283414	-1.23E-06	7.68E-06
1000	-6000	5000	8.98E-07	-6.71E-06	1.20E-05	-6.73E-05	-3.34E-05	0.000198197	-4.16E-06	2.68E-05	0.316351427	2.10E-06	-1.44E-05	2.60E-05	-0.000148196	-4.72E-05	0.000284511	-6.09E-06	3.89E-05
2000	-6000	5000	4.26E-06	-3.12E-05	3.07E-05	-0.000175983	-4.74E-05	0.000283813	-9.98E-06	6.48E-05	1.007340449	4.63E-06	-3.16E-05	3.04E-05	-0.000174282	-4.73E-05	0.000284812	-1.00E-05	6.49E-05
3000	-6000	5000	7.71E-06	-5.32E-05	3.77E-05	-0.000220384	-4.60E-05	0.00027363	-1.08E-05	7.16E-05	1.010085689	7.88E-06	-5.34E-05	3.74E-05	-0.000218283	-4.57E-05	0.000274028	-1.09E-05	7.25E-05
4000	-6000	5000	5.35E-06	-3.60E-05	2.79E-05	-0.000164042	-4.22E-05	0.000246852	-7.14E-06	4.92E-05	0.652628966	7.94E-06	-5.53E-05	4.22E-05	-0.000248965	-4.21E-05	0.000249361	-7.03E-06	4.94E-05
5000	-6000	5000	5.74E-06	-3.92E-05	4.36E-05	-0.000257572	-4.71E-05	0.000277325	-4.60E-06	3.34E-05	1.164352318	5.70E-06	-4.08E-05	4.35E-05	-0.00025747	-4.06E-05	0.000238607	-4.04E-06	2.97E-05
6000	-6000	5000	3.22E-06	-2.41E-05	4.37E-05	-0.000259276	-4.68E-05	0.000276138	-2.07E-06	1.64E-05	1.15966916	3.46E-06	-2.68E-05	4.39E-05	-0.000260074	-4.05E-05	0.000237819	-2.19E-06	1.74E-05
7000	-6000	5000	1.53E-06	-1.30E-05	4.36E-05	-0.000259675	-4.14E-05	0.000241323	-7.43E-07	7.03E-06	0.991213013	1.75E-06	-1.60E-05	4.41E-05	-0.000261176	-4.17E-05	0.000242224	-1.04E-06	9.74E-06
8000	-6000	5000	1.94E-06	-1.62E-05	7.41E-05	-0.000448033	-5.80E-05	0.000334475	-5.52E-07	8.22E-06	2.299060002	7.42E-07	-8.59E-06	4.42E-05	-0.000261776	-4.30E-05	0.000248823	-4.24E-07	5.01E-06
9000	-6000	5000	6.98E-07	-6.59E-06	4.37E-05	-0.000261173	-4.41E-05	0.000254693	-4.78E-07	5.00E-06	0.995754794	2.69E-07	-4.15E-06	4.43E-05	-0.000262076	-4.38E-05	0.000254792	-1.49E-07	2.34E-06
-9000	-3000	5000	-2.41E-08	4.49E-06	2.58E-05	-0.000153845	-4.17E-05	0.000237136	2.48E-07	-2.02E-06	0.582314594	-3.47E-07	5.38E-06	4.44E-05	-0.000263472	-4.18E-05	0.000237738	1.27E-07	-2.12E-06
-8000	-3000	5000	-9.18E-07	1.08E-05	4.44E-05	-0.000263571	-3.91E-05	0.00022184	3.58E-07	-4.11E-06	0.996364882	-9.61E-07	1.10E-05	4.45E-05	-0.000264769	-3.92E-05	0.000221641	3.59E-07	-4.25E-06
-7000	-3000	5000	-2.15E-06	1.96E-05	4.48E-05	-0.000266366	-3.52E-05	0.000203157	7.53E-07	-6.89E-06	1.000065377	-2.24E-06	2.02E-05	4.48E-05	-0.000267164	-3.54E-05	0.000202558	8.16E-07	-7.42E-06
-6000	-3000	5000	-4.31E-06	3.26E-05	4.53E-05	-0.000269559	-3.99E-05	0.000231901	1.84E-06	-1.40E-05	1.265980795	-4.37E-06	3.34E-05	4.54E-05	-0.000271256	-3.16E-05	0.000182061	1.45E-06	-1.12E-05
-5000	-3000	5000	-7.15E-06	4.94E-05	4.58E-05	-0.000273145	-2.80E-05	0.000159111	1.91E-06	-1.42E-05	0.99598504	-7.18E-06	5.02E-05	4.61E-05	-0.000276143	-2.79E-05	0.000158111	1.99E-06	-1.45E-05
-4000	-3000	5000	-1.48E-05	0.000101952	7.41E-05	-0.000444546	-2.21E-05	0.000128347	1.90E-06	-1.43E-05	1.718286281	-9.17E-06	6.08E-05	4.34E-05	-0.000259322	-2.20E-05	0.000128244	2.11E-06	-1.47E-05
-3000	-3000	5000	-5.21E-06	3.34E-05	2.55E-05	-0.000148405	-1.72E-05	0.000100493	1.76E-06	-1.23E-05	0.975916857	-5.25E-06	3.42E-05	2.56E-05	-0.000151503	-1.74E-05	0.000100793	1.83E-06	-1.19E-05
-2000	-3000	5000	-1.98E-06	1.31E-05	1.59E-05	-8.85E-05	-1.57E-05	9.04E-05	1.20E-06	-8.21E-06	0.984312385	-2.06E-06	1.31E-05	1.58E-05	-8.99E-05	-1.60E-05	9.04E-05	1.32E-06	-7.93E-06
-1000	-3000	5000	-4.23E-07	6.60E-06	2.16E-05	-0.000126401	-2.19E-05	0.000113168	7.86E-07	-4.15E-06	2.235939594	-6.59E-07	4.01E-06	1.28E-05	-7.38E-05	-1.64E-05	8.68E-05	6.36E-07	-3.33E-06
0	-3000	5000	6.48E-07	-4.55E-06	1.93E-05	-0.000109098	-1.68E-05	8.67E-05	-1.25E-07	1.81E-06	1.534025366	3.32E-07	-1.54E-06	1.21E-05	-7.14E-05	-1.66E-05	8.64E-05	-2.65E-07	1.30E-06
1000	-3000	5000	1.19E-06	-7.57E-06	1.42E-05	-6.70E-05	-1.75E-05	7.64E-05	-8.79E-07	5.55E-06	0.74619442	1.42E-06	-7.93E-06	1.37E-05	-7.89E-05	-1.61E-05	8.83E-05	-1.08E-06	5.74E-06
2000	-3000	5000	5.54E-06	-2.90E-05	2.86E-05	-0.000159699	-1.68E-05	9.29E-05	-1.76E-06	1.08E-05	1.409755707	3.39E-06	-2.12E-05	1.94E-05	-0.000111602	-1.63E-05	9.44E-05	-1.61E-06	9.80E-06
3000	-3000	5000	1.16E-05	-7.94E-05	6.05E-05	-0.000360827	-3.55E-05	0.000187526	-1.92E-06	1.68E-05	2.906151774	7.76E-06	-5.08E-05	3.58E-05	-0.000211511	-1.96E-05	0.00011141	-2.02E-06	1.36E-05
4000	-3000	5000	8.33E-06	-5.93E-05	4.57E-05	-0.000271734	-2.57E-05	0.000145589	-2.39E-06	1.65E-05	1.002669323	8.32E-06	-5.78E-05	4.60E-05	-0.000274334	-2.53E-05	0.000143488	-2.13E-06	1.51E-05
5000	-3000	5000	5.32E-06	-4.10E-05	4.57E-05	-0.000272552	-2.94E-05	0.000170946	-1.68E-06	1.26E-05	1.002223179	5.46E-06	-4.12E-05	4.57E-05	-0.00027365	-2.95E-05	0.000169946	-1.75E-06	1.31E-05
6000	-3000	5000	3.05E-06	-2.57E-05	4.52E-05	-0.000268663	-3.28E-05	0.00019207	-1.03E-06	9.08E-06	1.004040968	3.06E-06	-2.60E-05	4.50E-05	-0.000268561	-3.31E-05	0.000191371	-1.14E-06	9.43E-06
7000	-3000	5000	1.00E-06	-9.70E-06	2.95E-05	-0.000174744	-2.46E-05	0.000139705	-2.88E-07	3.89E-06	0.435122632	1.52E-06	-1.51E-05	4.46E-05	-0.000265467	-3.74E-05	0.000211362	-6.23E-07	5.93E-06
8000	-3000	5000	6.82E-07	-7.87E-06	4.43E-05	-0.000261671	-4.07E-05	0.000228041	4.04E-08	4.15E-06	0.983649325	6.81E-07	-8.05E-06	4.44E-05	-0.000263771	-4.08E-05	0.000230041	-2.93E-07	3.35E-06
9000	-3000	5000	-3.52E-07	-6.94E-06	8.27E-05	-0.000492942	-6.20E-05	0.000340106	4.17E-07	4.49E-06	2.6088128	2.74E-07	-3.98E-06	4.43E-05	-0.000262973	-4.29E-05	0.000244634	-1.21E-07	1.70E-06
-9000	0	5000	8.27E-08	-1.64E-07	4.40E-05	-0.000260474	-4.15E-05	0.000231846	-4.14E-08	5.14E-08	0.990768844	7.82E-08	-5.81E-07	4.43E-05	-0.000263272	-4.14E-05	0.000231547	-3.02E-08	2.31E-07
-8000	0	5000	2.28E-08	-9.94E-07	4.47E-05	-0.000265471	-3.80E-05	0.00020987	-7.48E-08	6.87E-07	1.002160839	1.26E-07	-6.64E-07	4.44E-05	-0.000264169	-3.81E-05	0.00021047	-4.68E-08	2.53E-07
-7000	0	5000	5.07E-08	-4.71E-07	2.02E-05	-0.000119829	-3.25E-05	0.000176047	-1.22E-07	8.04E-07	0.428656778	1.61E-07	-5.92E-07	4.45E-05	-0.000265765	-3.32E-05	0.000185381	-5.34E-08	2.07E-07
-6000	0	5000	1.57E-07	-8.01E-07	4.47E-05	-0.000267657	-2.85E-05	0.000160161	-1.32E-07	5.48E-07	1.003517904	1.54E-07	-3.93E-07	4.47E-05	-0.000267957	-2.82E-05	0.000159458	-4.03E-08	1.15E-07
-5000	0	5000	1.51E-07	-1.26E-06	7.62E-05	-0.000460387	-4.09E-05	0.00022531	-2.81E-07	3.51E-07	2.906620335	1.02E-07	-1.72E-07	4.48E-05	-0.000268846	-2.41E-05	0.000132722	-1.44E-08	1.45E-08
-4000	0	5000	-1.78E-07	3.03E-07	1.86E-05	-0.000111312	-8.59E-06	4.79E-05	9.34E-08	-7.10E-07	0.202230505	1.71E-08	2.92E-08	4.14E-05	-0.00024713	-1.88E-05	0.000106744	1.03E-08	-6.78E-08
-3000	0	5000	-9.48E-08	-6.99E-07	2.44E-05	-0.000144209	-1.53E-05	8.70E-05	-1.63E-07	1.40E-06	1.013888562	-5.93E-08	1.56E-07	2.42E-05	-0.000142209	-1.50E-05	8.71E-05	7.29E-09	3.01E-08
-2000	0	5000	-5.31E-08	6.88E-08	6.57E-06	-3.80E-05	-6.28E-06	3.58E-05	4.84E-08	1.08E-07	0.20647194	-8.94E-08	1.58E-07	1.46E-05	-8.30E-05	-1.36E-05	7.94E-05	2.83E-08	1.45E-08
-1000	0	5000	-1.21E-07	1.15E-07	1.12E-05	-6.86E-05	-1.41E-05	7.55E-05	1.96E-07	3.59E-07	1.004282216	-1.06E-07	1.42E-07	1.14E-05	-6.75E-05	-1.39E-05	7.64E-05	5.04E-08	-9.38E-09
0	0	5000	1.21E-07	7.12E-07	8.61E-06	-5.40E-05	-1.18E-05	6.23E-05	5.33E-08	-2.14E-07	0.679366957	-1.09E-07	1.35E-07	1.06E-05	-6.52E-05	-1.41E-05	7.60E-05	5.56E-08	-1.41E-08
1000	0	5000	5.35E-08	3.29E-07	1.00E-05	-5.88E-05	-9.25E-06	5.13E-05	-3.49E-08	-1.23E-07	0.537506	-9.40E-08	1.34E-07	1.25E-05	-7.25E-05	-1.37E-05	7.75E-05	3.75E-08	-5.59E-09
2000	0	5000	6.24E-08	-3.92E-07	2.07E-05	-0.000119805	-1.70E-05	9.67E-05	-4.09E-08	1.01E-06	1.352453707	-7.24E-08	1.51E-07	1.82E-05	-0.000104003	-1.40E-05	8.24E-05	1.25E-08	-1.95E-09
3000	0	5000	-3.25E-07	9.02E-07	4.08E-05	-0.000241825	-2.06E-05	0.000111413	-1.55E-08	-3.68E-07	1.425407652	-3.53E-08	1.59E-07	3.41E-05	-0.000200119	-1.68E-05	9.46E-05	1.72E-09	-7.05E-08
4000	0	5000	3.41E-08	2.12E-07	4.42E-05	-0.000264139	-2.20E-05	0.000119785	-2.39E-08	-2.25E-07	1.001736338	5.49E-08	-3.78E-09	4.44E-05	-0.000264639	-2.17E-05	0.000119384	-5.57E-09	-4.49E-08
5000	0	5000	1.22E-07	2.69E-07	4.52E-05	-0.00027235	-2.62E-05	0.000146243	-7.29E-08	2.49E-08	1.012678363	1.31E-07	-2.25E-07	4.49E-05	-0.000268952	-2.61E-05	0.000146242	-3.11E-08	5.75E-08
6000	0	5000	-5.33E-07	3.05E-06	3.22E-05	-0.000190632	-1.39E-05	7.80E-05	1.99E-07	-1.58E-06	0.323342611	1.65E-07	-4.67E-07	4.46E-05	-0.000266761	-3.06E-05	0.000172472	-5.11E-08	1.61E-07
7000	0	5000	3.56E-07	-1.62E-06	4.41E-05	-0.000257546	-2.50E-05	0.000135312	-4.68E-08	-2.35E-07	0.664795025	1.50E-07	-6.31E-07	4.45E-05	-0.000264867	-3.58E-05	0.000198166	-5.30E-08	2.37E-07
8000	0	5000	9.25E-07	-4.55E-06	3.20E-05	-0.00018734	-1.81E-05	9.88E-05	-2.97E-07	9.20E-07	0.316943015	1.04E-07	-6.33E-07	4.44E-05	-0.000263671	-4.00E-05	0.000221649	-3.93E-08	2.48E-07
9000	0	5000	3.09E-06	-2.71E-06	8.34E-05	-0.000499738	-6.01E-05	0.000339114	-8.49E-08	-9.28E-07	2.686266358	5.77E-08	-5.03E-07	4.43E-05	-0.000262973	-4.24E-05	0.000239842	-2.25E-08	2.00E-07
-9000	3000	5000	2.34E-07	-4.60E-06	4.13E-05	-0.000236589	-2.32E-05	0.000124643	3.98E-07	-1.78E-06	0.472227119	4.34E-07	-5.71E-06	4.44E-05	-0.000263272	-4.20E-05	0.000237939	-1.89E-07	2.43E-06
-8000	3000	5000	8.87E-08	-4.45E-06	4.16E-05	-0.000239084	-6.97E-06	3.88E-05	-3.75E-08	6.48E-07	0.159116491	1.03E-06	-1.11E-05	4.45E-05	-0.00026447	-3.93E-05	0.000221042	-4.31E-07	4.53E-06
-7000	3000	5000	3.21E-06	-2.81E-05	6.89E-05	-0.000410968	-3.52E-05	0.000200661	-8.01E-07	6.99E-06	1.535165106	2.18E-06	-2.00E-05	4.48E-05	-0.000266765	-3.52E-05	0.000201459	-8.58E-07	7.62E-06
-6000	3000	5000	4.14E-06	-3.31E-05	4.55E-05	-0.000273053	-3.10E-05	0.000181161	-1.43E-06	1.09E-05	1.008782801	4.15E-06	-3.32E-05	4.53E-05	-0.000270857	-3.12E-05	0.000181061	-1.45E-06	1.14E-05
-5000	3000	5000	6.84E-06	-4.88E-05	4.58E-05	-0.000273343	-2.73E-05	0.000158611	-1.96E-06	1.36E-05	0.998635704	6.95E-06	-5.00E-05	4.61E-05	-0.000275843	-2.77E-05	0.000157511	-2.02E-06	1.46E-05
-4000	3000	5000	1.26E-05	-8.79E-05	6.34E-05	-0.000372845	-4.17E-05	0.000243491	-3.82E-06	2.42E-05	2.745402547	9.08E-06	-6.06E-05	4.34E-05	-0.000259022	-2.19E-05	0.000128145	-2.14E-06	1.46E-05
-3000	3000	5000	5.92E-06	-3.33E-05	2.72E-05	-0.000143208	-3.94E-05	0.000190089	-3.92E-06	2.01E-05	1.806592503	5.32E-06	-3.40E-05	2.57E-05	-0.000151404	-1.73E-05	0.000100694	-1.83E-06	1.18E-05
-2000	3000	5000	3.34E-06	-1.18E-05	1.73E-05	-8.15E-05	-3.56E-05	0.000170354	-3.15E-06	1.49E-05	1.726739046	2.21E-06	-1.31E-05	1.58E-05	-8.99E-05	-1.58E-05	9.06E-05	-1.38E-06	7.87E-06
-1000	3000	5000	3.39E-06	9.79E-07	1.73E-05	-0.0001047	-2.86E-05	0.000167455	-3.26E-06	5.49E-07	2.726309383	8.54E-07	-4.30E-06	1.27E-05	-7.38E-05	-1.62E-05	8.71E-05	-7.25E-07	3.56E-06
0	3000	5000	-7.24E-08	1.40E-06	1.24E-05	-7.03E-05	-1.62E-05	8.57E-05	1.84E-07	-1.29E-06	0.976055661	-1.46E-07	1.19E-06	1.21E-05	-7.14E-05	-1.64E-05	8.65E-05	1.85E-07	-1.05E-06
1000	3000	5000	-9.00E-07	5.12E-06	9.26E-06	-5.09E-05	-1.60E-05	8.76E-05	1.03E-06	-6.16E-06	0.641337204	-1.29E-06	7.86E-06	1.38E-05	-7.89E-05	-1.60E-05	8.82E-05	1.03E-06	-5.77E-06
2000	3000	5000	-5.56E-06	3.61E-05	3.29E-05	-0.000192003	-2.23E-05	0.00012758	2.38E-06	-1.42E-05	2.324221043	-3.38E-06	2.14E-05	1.94E-05	-0.000111601	-1.61E-05	9.44E-05	1.65E-06	-1.00E-05
3000	3000	5000	-7.82E-06	5.05E-05	3.57E-05	-0.000209811	-1.95E-05	0.000111209	2.20E-06	-1.27E-05	0.992880628	-7.85E-06	5.11E-05	3.58E-05	-0.00021161	-1.95E-05	0.000111309	2.08E-06	-1.37E-05
4000	3000	5000	-8.69E-06	5.87E-05	4.61E-05	-0.000275232	-1.65E-05	9.33E-05	1.30E-06	-9.31E-06	0.650943546	-8.55E-06	5.80E-05	4.61E-05	-0.000274633	-2.53E-05	0.000143873	2.12E-06	-1.52E-05
5000	3000	5000	-5.79E-06	4.14E-05	4.58E-05	-0.00027345	-2.98E-05	0.000171328	1.74E-06	-1.33E-05	1.0004741	-5.73E-06	4.15E-05	4.58E-05	-0.00027405	-2.98E-05	0.000170829	1.75E-06	-1.31E-05
6000	3000	5000	-3.13E-06	2.59E-05	4.47E-05	-0.000265963	-3.32E-05	0.00019337	1.05E-06	-9.42E-06	0.992764256	-3.20E-06	2.63E-05	4.51E-05	-0.000268961	-3.34E-05	0.000192571	1.12E-06	-9.28E-06
7000	3000	5000	-2.50E-06	2.67E-05	7.56E-05	-0.000449726	-6.28E-05	0.000362176	6.75E-07	-1.04E-05	2.884187264	-1.50E-06	1.51E-05	4.46E-05	-0.000265767	-3.74E-05	0.000212361	5.58E-07	-5.70E-06
8000	3000	5000	-4.81E-07	7.34E-06	4.40E-05	-0.000261372	-4.08E-05	0.000231539	1.56E-07	-3.07E-06	0.996078382	-5.89E-07	7.82E-06	4.44E-05	-0.000263971	-4.07E-05	0.00023014	2.21E-07	-3.04E-06
9000	3000	5000	-1.84E-07	3.52E-06	4.40E-05	-0.000261973	-4.27E-05	0.000244233	8.52E-08	-1.54E-06	0.99616872	-1.95E-07	3.62E-06	4.44E-05	-0.000263173	-4.27E-05	0.000244034	7.19E-08	-1.42E-06
-9000	6000	5000	5.67E-07	-5.55E-06	4.38E-05	-0.000257979	-4.35E-05	0.000252494	-1.91E-07	4.25E-06	0.986782451	4.54E-07	-6.03E-06	4.43E-05	-0.000261976	-4.35E-05	0.000251996	-2.54E-07	3.48E-06
-8000	6000	5000	1.17E-06	-1.08E-05	4.38E-05	-0.000258079	-4.24E-05	0.000246923	-5.41E-07	6.29E-06	0.993210698	1.16E-06	-1.19E-05	4.42E-05	-0.000261476	-4.24E-05	0.000245424	-6.76E-07	7.09E-06
-7000	6000	5000	3.35E-06	-2.77E-05	5.95E-05	-0.000347814	-7.06E-05	0.000411615	-2.48E-06	2.08E-05	2.293871024	2.51E-06	-2.09E-05	4.40E-05	-0.000260675	-4.10E-05	0.000239622	-1.54E-06	1.32E-05
-6000	6000	5000	5.10E-06	-3.31E-05	4.43E-05	-0.000256109	-7.07E-05	0.000409103	-5.75E-06	3.87E-05	1.705552692	4.53E-06	-3.34E-05	4.37E-05	-0.000259073	-4.04E-05	0.000237415	-3.03E-06	2.29E-05
-5000	6000	5000	1.02E-05	-6.61E-05	5.85E-05	-0.000341536	-5.65E-05	0.000323541	-7.79E-06	5.20E-05	1.792472732	6.85E-06	-4.85E-05	4.30E-05	-0.000254568	-4.12E-05	0.000242198	-5.38E-06	3.85E-05
-4000	6000	5000	8.67E-06	-5.63E-05	4.00E-05	-0.000234887	-4.37E-05	0.000260543	-9.12E-06	6.15E-05	0.988626419	8.45E-06	-5.82E-05	4.04E-05	-0.000237786	-4.39E-05	0.000260744	-9.08E-06	6.20E-05
-3000	6000	5000	6.38E-06	-4.24E-05	3.35E-05	-0.000194782	-4.71E-05	0.000281717	-1.10E-05	7.26E-05	1.000029626	6.25E-06	-4.28E-05	3.36E-05	-0.000194782	-4.71E-05	0.000281816	-1.10E-05	7.27E-05
-2000	6000	5000	3.05E-06	-2.24E-05	2.79E-05	-0.000160881	-4.76E-05	0.000284412	-8.15E-06	5.29E-05	1.009665479	3.14E-06	-2.20E-05	2.79E-05	-0.000158881	-4.76E-05	0.000285111	-8.19E-06	5.29E-05
-1000	6000	5000	6.21E-07	-5.06E-06	1.81E-05	-0.000100555	-2.16E-05	0.000128304	-1.69E-06	1.08E-05	0.321925842	1.16E-06	-8.06E-06	2.48E-05	-0.000141495	-4.74E-05	0.000283612	-3.70E-06	2.36E-05
0	6000	5000	-5.88E-07	2.20E-06	2.48E-05	-0.000135874	-2.15E-05	0.000127806	6.01E-07	-3.85E-06	0.444764178	-3.67E-07	2.58E-06	2.42E-05	-0.000137994	-4.74E-05	0.000283315	1.30E-06	-8.36E-06
1000	6000	5000	-1.52E-06	8.79E-06	1.88E-05	-0.000104355	-2.16E-05	0.000128703	2.86E-06	-1.80E-05	0.319304507	-2.03E-06	1.44E-05	2.60E-05	-0.000148096	-4.76E-05	0.00028471	6.17E-06	-3.90E-05
2000	6000	5000	-4.09E-06	2.92E-05	3.02E-05	-0.000173581	-4.74E-05	0.000282015	9.80E-06	-6.40E-05	0.987056369	-4.46E-06	3.15E-05	3.04E-05	-0.000174382	-4.76E-05	0.000285312	9.85E-06	-6.48E-05
3000	6000	5000	-1.49E-05	0.000101855	6.33E-05	-0.000375838	-7.94E-05	0.000469553	2.02E-05	-0.000129853	2.901307805	-7.76E-06	5.33E-05	3.75E-05	-0.000218783	-4.62E-05	0.000274729	1.09E-05	-7.24E-05
4000	6000	5000	-7.59E-06	5.19E-05	4.21E-05	-0.000247792	-4.24E-05	0.000251461	6.56E-06	-4.60E-05	1.003340494	-8.01E-06	5.51E-05	4.23E-05	-0.000249465	-4.23E-05	0.00025026	7.10E-06	-4.92E-05
5000	6000	5000	-5.74E-06	3.99E-05	4.36E-05	-0.000257271	-4.05E-05	0.000240106	3.98E-06	-2.88E-05	1.001409708	-5.67E-06	4.07E-05	4.36E-05	-0.000257969	-4.07E-05	0.000239307	4.02E-06	-2.96E-05
6000	6000	5000	-3.44E-06	2.59E-05	4.37E-05	-0.000257675	-4.08E-05	0.000239318	2.19E-06	-1.68E-05	0.991267688	-3.41E-06	2.66E-05	4.40E-05	-0.000260573	-4.09E-05	0.000238819	2.14E-06	-1.73E-05
7000	6000	5000	-3.12E-06	2.81E-05	7.49E-05	-0.000442638	-7.08E-05	0.000413314	1.80E-06	-1.69E-05	2.873544608	-1.78E-06	1.60E-05	4.42E-05	-0.000261575	-4.19E-05	0.000243322	1.02E-06	-9.62E-06
8000	6000	5000	-6.81E-07	8.38E-06	4.39E-05	-0.000259776	-4.31E-05	0.000249922	3.67E-07	-4.88E-06	0.993718466	-8.10E-07	8.76E-06	4.43E-05	-0.000262175	-4.29E-05	0.000249222	4.37E-07	-4.97E-06
9000	6000	5000	-2.70E-07	4.41E-06	4.45E-05	-0.000264274	-4.35E-05	0.000253093	1.28E-07	-2.47E-06	1.002088086	-3.24E-07	4.38E-06	4.43E-05	-0.000262375	-4.36E-05	0.000254392	1.65E-07	-2.36E-06
-9000	9000	5000	-1.56E-06	4.97E-06	7.51E-05	-0.00044594	-7.51E-05	0.000445344	1.53E-06	-6.23E-06	2.91231634	6.51E-08	-1.79E-06	4.43E-05	-0.000261577	-4.42E-05	0.00026058	-4.34E-08	1.33E-06
-8000	9000	5000	4.31E-07	-5.06E-06	4.40E-05	-0.00025898	-4.40E-05	0.000257482	-5.19E-07	5.04E-06	0.986482067	1.96E-07	-3.54E-06	4.42E-05	-0.000260579	-4.41E-05	0.000259382	-1.40E-07	2.80E-06
-7000	9000	5000	3.81E-07	-6.07E-06	4.40E-05	-0.000258283	-4.40E-05	0.000258183	-4.57E-07	5.34E-06	0.998101795	4.63E-07	-6.04E-06	4.40E-05	-0.000258483	-4.40E-05	0.000258483	-3.61E-07	5.16E-06
-6000	9000	5000	6.65E-07	-9.17E-06	4.39E-05	-0.000257586	-4.38E-05	0.000257782	-7.87E-07	8.43E-06	1.007361202	8.43E-07	-8.79E-06	4.35E-05	-0.000254887	-4.39E-05	0.000258581	-7.35E-07	8.31E-06
-5000	9000	5000	2.72E-07	-2.46E-06	7.62E-06	-4.43E-05	-7.83E-06	4.61E-05	-2.89E-07	2.59E-06	0.031527915	1.19E-06	-1.09E-05	4.28E-05	-0.000249292	-4.40E-05	0.000259977	-1.19E-06	1.17E-05
-4000	9000	5000	8.46E-07	-9.44E-06	4.18E-05	-0.000242822	-4.45E-05	0.000264573	-1.04E-06	1.19E-05	1.013807792	1.34E-06	-1.15E-05	4.17E-05	-0.000241621	-4.42E-05	0.000262472	-1.55E-06	1.43E-05
-3000	9000	5000	1.15E-06	-9.78E-06	4.04E-05	-0.000233226	-4.45E-05	0.000265268	-1.54E-06	1.40E-05	1.002209667	1.22E-06	-1.02E-05	4.04E-05	-0.000232826	-4.45E-05	0.000265167	-1.62E-06	1.45E-05
-2000	9000	5000	8.68E-07	-7.17E-06	3.93E-05	-0.000225229	-4.47E-05	0.000267263	-1.30E-06	1.13E-05	1.00213573	8.83E-07	-7.16E-06	3.92E-05	-0.00022483	-4.47E-05	0.000267163	-1.33E-06	1.14E-05
-1000	9000	5000	4.88E-07	-3.59E-06	3.85E-05	-0.000219632	-4.48E-05	0.00026856	-7.57E-07	5.69E-06	1.000299304	4.46E-07	-3.30E-06	3.85E-05	-0.000219732	-4.48E-05	0.00026836	-7.23E-07	5.59E-06
0	9000	5000	9.92E-09	9.78E-07	3.19E-05	-0.000181711	-4.49E-05	0.000269658	1.77E-07	-2.65E-06	0.832777926	-4.16E-08	8.54E-07	3.83E-05	-0.000218932	-4.49E-05	0.000268759	6.51E-08	-1.63E-06
1000	9000	5000	-4.46E-07	5.16E-06	3.92E-05	-0.000224234	-6.07E-05	0.000362285	1.14E-06	-1.17E-05	1.36143174	-5.43E-07	4.92E-06	3.88E-05	-0.00022243	-4.49E-05	0.000268261	8.73E-07	-8.38E-06
2000	9000	5000	-7.37E-07	7.17E-06	3.33E-05	-0.000191907	-4.50E-05	0.000267165	1.31E-06	-1.23E-05	0.836838567	-9.82E-07	8.46E-06	3.99E-05	-0.000229527	-4.48E-05	0.000266964	1.45E-06	-1.30E-05
3000	9000	5000	-1.21E-06	9.42E-06	4.14E-05	-0.000240622	-4.45E-05	0.000263771	1.50E-06	-1.30E-05	1.00750975	-1.25E-06	1.08E-05	4.12E-05	-0.000238223	-4.45E-05	0.000264569	1.63E-06	-1.45E-05
4000	9000	5000	-3.97E-07	4.01E-06	1.92E-05	-0.000111442	-3.18E-05	0.000185344	2.13E-07	-4.53E-06	0.320586554	-1.26E-06	1.12E-05	4.24E-05	-0.000246518	-4.42E-05	0.000261874	1.42E-06	-1.30E-05
5000	9000	5000	-1.16E-06	1.07E-05	4.35E-05	-0.000252016	-5.54E-05	0.000326097	1.30E-06	-1.28E-05	1.25069047	-1.04E-06	9.81E-06	4.32E-05	-0.000252988	-4.40E-05	0.000259778	1.02E-06	-1.00E-05
6000	9000	5000	-1.08E-06	9.67E-06	4.37E-05	-0.000255985	-5.56E-05	0.000326399	2.10E-06	-1.76E-05	1.252606514	-7.22E-07	7.44E-06	4.38E-05	-0.000257284	-4.40E-05	0.000258981	6.29E-07	-6.80E-06
7000	9000	5000	-3.61E-07	4.31E-06	2.92E-05	-0.000172455	-4.42E-05	0.000259881	7.08E-07	-7.85E-06	0.665081652	-4.31E-07	4.98E-06	4.41E-05	-0.00025988	-4.40E-05	0.000259182	3.40E-07	-4.16E-06
8000	9000	5000	4.56E-07	3.44E-06	5.97E-05	-0.000355212	-5.95E-05	0.000353018	-3.07E-07	-2.45E-06	1.846133498	-2.25E-07	2.99E-06	4.42E-05	-0.000261278	-4.41E-05	0.000259881	1.63E-07	-2.32E-06
9000	9000	5000	-5.34E-08	1.39E-06	4.40E-05	-0.000259377	-4.43E-05	0.000261179	2.87E-08	-7.52E-07	0.992109629	-1.05E-07	1.63E-06	4.43E-05	-0.000261876	-4.42E-05	0.00026078	7.08E-08	-1.19E-06
